source,line,alarm_key,message,classification,alarm_occurrences,alarm_occurrences_linked_to_stop,alarm_occurrence_stop_association_pct,attributed_zone_stops,attributed_zone_stop_minutes,average_zone_stop_minutes,same_zone_pct,average_alarm_to_stop_seconds,average_confidence_score
3GT,TAM09,P6_Z04B_Wrn_HE_PEL_Delta,Z04B : Hydration Enclosure delta between 4004PEL and 4005PEL,ROOT_CAUSE_CANDIDATE,22249,636,2.859,852,16491,19.36,18.78,19.84,2.14
3GT,TAM17,P0_PSS_COM_TOUT,PLC0: Communication time out with PSS1,STOP_ALARM_CANDIDATE,10413,364,3.496,638,15251,23.9,0,60.61,2
3GT,TAM02,P1_30PS_ERROR,Z3  : 30PS Air pressure low,ROOT_CAUSE_CANDIDATE,2156,226,10.482,445,14508,32.6,40.22,69.97,2.15
3GT,TAM23,L23_P4_Z08_Warning.Camera3_InspectNG,Z08 : Camera3 Inspection failure,WARNING,5463,268,4.906,447,13371,29.91,0,55.31,1
3GT,TAM06,P0_PCE_DOOR_OPN,Z2B : Precure Enclosure door opened,DOOR_OR_GUARD|POSSIBLE_OPERATOR_ACCESS_LEGACY|STOP_ALARM_CANDIDATE|ROOT_CAUSE_CANDIDATE,503,108,21.471,271,10283,37.94,14.76,71.75,3
FLEX,TAM25,[00G3_K042]Program:UN01_Standard.ALMD_0110_B010GLS,FC/BC IMM Door Open 0110+MA-B010GLS,DOOR_OR_GUARD|OPERATOR_INITIATED_FLEX|STOP_ALARM_CANDIDATE|ROOT_CAUSE_CANDIDATE,660,129,19.545,243,8091,33.3,0,81.44,3
3GT,TAM21,L21_P2_Z04B_Warning.Z04C_Stopped,Z04B : Zone04C is not running,STOP_ALARM_CANDIDATE|WARNING|CASCADE_SYMPTOM_CANDIDATE,1822,184,10.099,309,7463,24.15,19.74,77.75,1.91
3GT,TAM18,P0_Z2_216SRV_GrdOpen,Z02B: 216SRV Guard Open,DOOR_OR_GUARD|POSSIBLE_OPERATOR_ACCESS_LEGACY|STOP_ALARM_CANDIDATE|ROOT_CAUSE_CANDIDATE,692,166,23.988,352,7330,20.82,13.35,80.55,3
3GT,TAM18,P2_ALI3_NOT_RDY,Z5B: ALI System not ready,STOP_ALARM_CANDIDATE|ROOT_CAUSE_CANDIDATE,593,304,51.265,592,6838,11.55,26.01,67.29,2.69
3GT,TAM05,P6_Z04B_Wrn_HE_PEL_Delta,Z04B : Hydration Enclosure delta between 4004PEL and 4005PEL,CASCADE_SYMPTOM_CANDIDATE,30492,234,0.767,283,6816,24.08,25.8,16.81,1.25
3GT,TAM23,L23_ST_Z07_Alarms.Z8Stop,Zone 8 Stop,ROOT_CAUSE_CANDIDATE,1970,164,8.325,246,6543,26.6,0,75.24,1.72
3GT,TAM09,P6_Z04B_Wrn_VE_LEL_Delta,Z04B : Vapor Enclosure delta between 4000LEL and 4001LEL,ROOT_CAUSE_CANDIDATE,11729,306,2.609,427,6329,14.82,18.97,16.57,2.15
3GT,TAM07,P0_RBT_GNRL_ERR,Z2A : Mitsubishi robot error (Check Robot controler),ROOT_CAUSE_CANDIDATE|LONG_DURATION,251,62,24.701,132,6153,46.61,37.12,56.18,2.24
3GT,TAM01,P2_SEAL_PRES_ERR,Z5B : DI removal seal pressure out of range,ROOT_CAUSE_CANDIDATE|LONG_DURATION,602,107,17.774,199,6119,30.75,14.07,23.48,1.93
3GT,TAM06,P7_PIT1_VAC_FLT,Z5B : PIT Left Side Vacuum Fail,ROOT_CAUSE_CANDIDATE|LONG_DURATION,4725,147,3.111,252,5464,21.68,26.59,96.81,1.92
3GT,TAM20,PSS1_FB_ERR3_1,PSS1: 1CMS1CR Feedback Error,ROOT_CAUSE_CANDIDATE,2048,288,14.062,436,5330,12.22,0,53.5,1.84
3GT,TAM02,P0_PCE_DOOR_OPN,Z2B : Precure Enclosure door opened,DOOR_OR_GUARD|POSSIBLE_OPERATOR_ACCESS_LEGACY|STOP_ALARM_CANDIDATE|ROOT_CAUSE_CANDIDATE,296,114,38.514,281,5076,18.06,17.08,66.61,3
FLEX,TAM29,[00G3_K022]Program:EM05G4_Operator_Interface.ALMD_S001PBL_Actuated,EM05G4 S001PBL Zone Stop,STOP_ALARM_CANDIDATE|ROOT_CAUSE_CANDIDATE,1319,114,8.643,246,4689,19.06,0,70.62,2.81
3GT,TAM23,L23_P4_0861PHS.Alarm1,Z08 : 861PHS Array missing (Check jam or sensor),STOP_ALARM_CANDIDATE,646,124,19.195,188,4620,24.57,0,111.88,2
3GT,TAM20,P0_RBT_GNRL_ERR,Z2A : Mitsubishi robot general error,ROOT_CAUSE_CANDIDATE,423,140,33.097,280,3775,13.48,35.36,64,2.18
FLEX,TAM25,[00G3_K022]Program:EM05G4_Operator_Interface.ALMD_S001PBL_Actuated,EM05G4 S001PBL Zone Stop,STOP_ALARM_CANDIDATE|ROOT_CAUSE_CANDIDATE,664,70,10.542,149,3750,25.17,0,70.16,2.8
3GT,TAM18,P0_RBT_GNRL_ERR,Z2A : Mitsubishi robot error (Check Robot controler),ROOT_CAUSE_CANDIDATE,597,163,27.303,281,3638,12.95,46.26,44.45,2.4
3GT,TAM23,L23_ST_Z07_Alarms.Z6Stop,Zone 6 Stop,UNCLASSIFIED,355,102,28.732,143,3560,24.9,25.87,106.5,1.26
FLEX,TAM28,[09G3_K002]Program:EM0913_Slider_B.ALMD_IMM_B_Not_Running,EM0911 IMM (B) Alarm: IMM (B) Not Running Error,STOP_ALARM_CANDIDATE|ROOT_CAUSE_CANDIDATE|LONG_DURATION,204,30,14.706,85,3536,41.6,0,92.19,2.75
3GT,TAM20,P0_PCE_DOOR_OPN,Z2B : Precure Enclosure door opened,DOOR_OR_GUARD|POSSIBLE_OPERATOR_ACCESS_LEGACY|STOP_ALARM_CANDIDATE|ROOT_CAUSE_CANDIDATE,96,37,38.542,101,3531,34.96,6.93,91.41,3
FLEX,TAM29,[00G3_K042]Program:UN01_Standard.ALMD_0110_B010GLS,FC/BC IMM Door Open 0110+MA-B010GLS,DOOR_OR_GUARD|OPERATOR_INITIATED_FLEX|STOP_ALARM_CANDIDATE|ROOT_CAUSE_CANDIDATE,411,68,16.545,123,3522,28.63,0,71.3,3
FLEX,TAM24,[00G3_K022]Program:EM05G4_Operator_Interface.ALMD_S002PBL_Actuated,EM05G4 S002PBL Zone Stop,STOP_ALARM_CANDIDATE|ROOT_CAUSE_CANDIDATE,777,196,25.225,335,3493,10.43,0,51.82,2.93
3GT,TAM02,P0_RBT_GNRL_ERR,Z2A : Mitsubishi robot error (Check Robot controler),ROOT_CAUSE_CANDIDATE|LONG_DURATION,444,101,22.748,198,3260,16.46,31.82,62.84,2.16
FLEX,TAM25,[00G3_K022]Program:EM05G4_Operator_Interface.ALMD_S002PBL_Actuated,EM05G4 S002PBL Zone Stop,STOP_ALARM_CANDIDATE|ROOT_CAUSE_CANDIDATE,410,92,22.439,182,3247,17.84,0,58.79,2.83
FLEX,TAM26,[00G3_K022]Program:EM05G4_Operator_Interface.ALMD_S001PBL_Actuated,EM05G4 S001PBL Zone Stop,STOP_ALARM_CANDIDATE|ROOT_CAUSE_CANDIDATE,1120,83,7.411,181,3235,17.87,0,65,2.9
3GT,TAM01,P1_SHINGLE_DET1,Z4  : FC shingle detect at 411PHS_1,ROOT_CAUSE_CANDIDATE,599,61,10.184,94,3217,34.22,29.79,91.81,2.03
3GT,TAM23,L23_P4_Z06_Warning.Miss_0607PHS_01,Z06 : Miss_0607PHS_01,WARNING,1137,82,7.212,140,3073,21.95,19.29,105.38,1.19
3GT,TAM22,L22_P1_Z02A_Warning.BypassMoldConfirm,Z02A : IMM bypass due to Mold confirmation,WARNING|CASCADE_SYMPTOM_CANDIDATE,40725,98,0.241,134,3068,22.9,14.93,-1.05,1.15
3GT,TAM10,P0_RBT_GNRL_ERR,Z2A : Mitsubishi robot error (Check Robot controler),ROOT_CAUSE_CANDIDATE,299,54,18.06,120,3065,25.54,33.33,58.38,2.2
FLEX,TAM31,[00G3_K022]Program:EM05G4_Operator_Interface.ALMD_S002PBL_Actuated,EM05G4 S002PBL Zone Stop,STOP_ALARM_CANDIDATE|ROOT_CAUSE_CANDIDATE,597,120,20.101,221,2975,13.46,0,49.55,2.88
3GT,TAM01,P3_CMS_NOT_RDY,Z8  : Laser marker is not ready,STOP_ALARM_CANDIDATE|CASCADE_SYMPTOM_CANDIDATE,1533,37,2.414,65,2919,44.91,0,54.56,1.83
FLEX,TAM29,[00G3_K022]Program:EM05G4_Operator_Interface.ALMD_S002PBL_Actuated,EM05G4 S002PBL Zone Stop,STOP_ALARM_CANDIDATE|ROOT_CAUSE_CANDIDATE,625,114,18.24,184,2864,15.57,0,59.94,2.92
FLEX,TAM31,[00G3_K042]Program:UN01_Standard.ALMD_0110_B010GLS,FC/BC IMM Door Open 0110+MA-B010GLS,DOOR_OR_GUARD|OPERATOR_INITIATED_FLEX|STOP_ALARM_CANDIDATE|ROOT_CAUSE_CANDIDATE,407,69,16.953,113,2758,24.41,0,81.63,3
FLEX,TAM24,[00G3_K042]Program:UN01_Standard.ALMD_0110_B010GLS,FC/BC IMM Door Open 0110+MA-B010GLS,DOOR_OR_GUARD|OPERATOR_INITIATED_FLEX|STOP_ALARM_CANDIDATE|ROOT_CAUSE_CANDIDATE,689,134,19.448,257,2710,10.54,0,93.56,3
3GT,TAM07,P6_REDOSE_ALMT2,Z4B : Tower 2 IPA Processing Dose Alarm,ROOT_CAUSE_CANDIDATE|LONG_DURATION,154,16,10.39,35,2695,77,31.43,58.93,2.23
3GT,TAM21,L21_P2_Z04B_Warning.ReceiveConvStopped,Z04B : Receive conveyor is not running,STOP_ALARM_CANDIDATE|WARNING|CASCADE_SYMPTOM_CANDIDATE,1004,88,8.765,149,2619,17.58,20.13,79.84,1.93
3GT,TAM01,P1_CMD_TR,Z3  : CMD Top Right (303CL),ROOT_CAUSE_CANDIDATE,598,43,7.191,103,2563,24.88,32.04,91.26,2
3GT,TAM09,P0_PCE_DOOR_OPN,Z2B : Precure Enclosure door opened,DOOR_OR_GUARD|POSSIBLE_OPERATOR_ACCESS_LEGACY|STOP_ALARM_CANDIDATE|CASCADE_SYMPTOM_CANDIDATE,279,51,18.28,103,2554,24.8,22.33,40.67,2.22
3GT,TAM02,P3_HMI1_ComlLoss,Z8  : Unable to Communicate with HMI #1,UNCLASSIFIED,1181,41,3.472,72,2549,35.4,0,102.39,1
3GT,TAM09,P6_Z04B_Wrn_TWR2_Temp_High,Z04B : Tower#2 IPA temperature exceeds high limit,ROOT_CAUSE_CANDIDATE|LONG_DURATION,5752,135,2.347,188,2542,13.52,14.89,17.93,2.1
3GT,TAM02,P2_SEAL_PRES_ERR,Z5B : DI removal seal pressure out of range,UNCLASSIFIED,768,73,9.505,112,2486,22.2,18.75,34.45,1.19
3GT,TAM22,L22_P1_Z04A_Warning.Hema_Detect,Z04A : HEMARING detected,WARNING|CASCADE_SYMPTOM_CANDIDATE,9350,34,0.364,42,2380,56.67,45.24,73.07,1.14
3GT,TAM05,P0_DRV_COM_TOUT,PLC0: IMM Door open or sensor fail,DOOR_OR_GUARD|POSSIBLE_OPERATOR_ACCESS_LEGACY|STOP_ALARM_CANDIDATE|CASCADE_SYMPTOM_CANDIDATE,395,96,24.304,199,2377,11.94,0,111.53,2
3GT,TAM02,BC_Returnpallet_Sequence,Z2B: BC Loop: Excess Pallet Detected,ROOT_CAUSE_CANDIDATE,469,77,16.418,116,2338,20.16,46.55,85.7,2.36
3GT,TAM17,P2_MRSVACRelief_Fail,Z5B: MRS Vacuum Relief Failed - 581SV,ROOT_CAUSE_CANDIDATE,3214,62,1.929,90,2313,25.7,28.89,17.39,2.22
FLEX,TAM28,[00G3_K022]Program:EM05G4_Operator_Interface.ALMD_S002PBL_Actuated,EM05G4 S002PBL Zone Stop,STOP_ALARM_CANDIDATE|ROOT_CAUSE_CANDIDATE,375,50,13.333,92,2312,25.13,0,71.8,2.82
3GT,TAM17,P0_RBT_GNRL_ERR,Z2A : Mitsubishi robot error (Check Robot controler),ROOT_CAUSE_CANDIDATE|LONG_DURATION,454,86,18.943,123,2244,18.24,63.41,40.45,2.57
3GT,TAM20,P3_CM5_OCV_FAIL,Z8: Camera #3- 3 consecutive OCV failure,UNCLASSIFIED,4318,95,2.2,173,2232,12.9,0,71.52,1
3GT,TAM06,P0_RBT_GNRL_ERR,Z2A : Mitsubishi robot error (Check Robot controler),ROOT_CAUSE_CANDIDATE|LONG_DURATION,187,54,28.877,104,2204,21.19,43.27,45.16,2.37
3GT,TAM21,L21_P1_Z04A_Warning.Hema_Detect,Z04A : HEMARING detected,WARNING|CASCADE_SYMPTOM_CANDIDATE,30475,88,0.289,108,2146,19.87,36.11,35.14,1.32
3GT,TAM07,P2_RBT_GNRL_ERR,Z5A : Mitsubishi robot error (Check Robot controler),ROOT_CAUSE_CANDIDATE|LONG_DURATION,156,14,8.974,31,2141,69.06,12.9,50.63,1.94
FLEX,TAM31,[00G3_K502]Program:EM10G4_Operator_Interface.ALMD_S502PBL_Actuated,EM10G4 S502PBL ZONE STOP PB2,STOP_ALARM_CANDIDATE|ROOT_CAUSE_CANDIDATE,719,26,3.616,60,2116,35.27,0,128.27,2.45
3GT,TAM23,L23_P4_0851PRS.Alarm2,Z08 : 851PRS Array insert overload (Remove array),ROOT_CAUSE_CANDIDATE,794,57,7.179,94,2073,22.05,0,54.88,1.71
FLEX,TAM24,[00G3_K002]Program:EM02G4_Operator_Interface.ALMD_S001PBL_Actuated,EM02G4 S001PBL ZONE STOP #1,STOP_ALARM_CANDIDATE|ROOT_CAUSE_CANDIDATE|LONG_DURATION,79,7,8.861,17,2021,118.88,0,22.31,2.94
3GT,TAM17,P7_PIT1_VAC_ERR,Z5B : PIT Left Side Vacuum Leak,ROOT_CAUSE_CANDIDATE|LONG_DURATION,3238,50,1.544,71,1994,28.08,45.07,89.95,2.15
3GT,TAM18,P3_CM5_OCV_FAIL,Z8: Camera #3- 3 consecutive OCV failure,ROOT_CAUSE_CANDIDATE,1009,39,3.865,78,1954,25.05,0,101.91,1.64
3GT,TAM01,P0_Z2_210SRV_GrdOpen,Z02B: 210SRV Guard Open,DOOR_OR_GUARD|POSSIBLE_OPERATOR_ACCESS_LEGACY|STOP_ALARM_CANDIDATE|NUISANCE_CHATTER_CANDIDATE,237,24,10.127,47,1872,39.83,17.02,69.25,1.94
3GT,TAM06,P2_SEAL_PRES_ERR,Z5B : DI removal seal pressure out of range,ROOT_CAUSE_CANDIDATE,423,64,15.13,103,1855,18.01,9.71,14.31,2.04
3GT,TAM17,P2_SEAL_PRES_ERR,Z5B : DI removal seal pressure out of range,ROOT_CAUSE_CANDIDATE|LONG_DURATION,392,43,10.969,71,1848,26.03,15.49,21.94,2.1
FLEX,TAM25,[04G3_K002]Program:EM0480_Elevator5.ALMD_M001MTR_Fault,EM0480 M001MTR Elevator #5 IVEK DI dose motor faulted,UNCLASSIFIED,98,5,5.102,7,1732,247.43,0,62.11,1
FLEX,TAM31,[00G3_K042]Program:UN05_Standard.ALMD_05G6_B004GLS,Z05 Guard Door Open =05G6_B004GLS,DOOR_OR_GUARD|OPERATOR_INITIATED_FLEX|STOP_ALARM_CANDIDATE|CASCADE_SYMPTOM_CANDIDATE,1246,49,3.933,98,1705,17.4,37.76,49.34,2.38
3GT,TAM18,P7_Foil_WebGuide_Z05C_RunAlm_2,Z05C: Web Guide - Upstream misalignment detected,CONFIRMED_RUN_ALARM_BY_NAME|ROOT_CAUSE_CANDIDATE,11428,83,0.726,112,1697,15.15,39.29,65.37,1.33
FLEX,TAM26,[00G3_K042]Program:UN01_Standard.ALMD_0110_B010GLS,FC/BC IMM Door Open 0110+MA-B010GLS,DOOR_OR_GUARD|OPERATOR_INITIATED_FLEX|STOP_ALARM_CANDIDATE|ROOT_CAUSE_CANDIDATE,246,39,15.854,65,1669,25.68,0,99.72,3
FLEX,TAM30,[00G3_K022]Program:EM05G4_Operator_Interface.ALMD_S002PBL_Actuated,EM05G4 S002PBL Zone Stop,STOP_ALARM_CANDIDATE|ROOT_CAUSE_CANDIDATE,460,64,13.913,121,1666,13.77,0,55.76,3
FLEX,TAM24,[00G3_K022]Program:EM05G4_Operator_Interface.ALMD_S001PBL_Actuated,EM05G4 S001PBL Zone Stop,STOP_ALARM_CANDIDATE|ROOT_CAUSE_CANDIDATE,655,62,9.466,142,1644,11.58,0,50.25,2.92
3GT,TAM01,P7_513VAC_ERR,Z5B : 513VAC Foil suction vacuum fault,ROOT_CAUSE_CANDIDATE,217,25,11.521,36,1643,45.64,16.67,102.65,1.83
FLEX,TAM30,[00G3_K022]Program:EM05G4_Operator_Interface.ALMD_S001PBL_Actuated,EM05G4 S001PBL Zone Stop,STOP_ALARM_CANDIDATE|ROOT_CAUSE_CANDIDATE,829,55,6.634,137,1624,11.85,0,60.99,2.91
3GT,TAM02,P2_RBT_GNRL_ERR,Z5A : Mitsubishi robot error (Check Robot controler),ROOT_CAUSE_CANDIDATE|LONG_DURATION,293,25,8.532,42,1597,38.02,23.81,52.54,2.1
3GT,TAM18,P0_IMM_DT_FAIL,Z2A : IMM set up data out of range,ROOT_CAUSE_CANDIDATE,363,62,17.08,112,1588,14.18,8.93,71.62,1.79
3GT,TAM02,P0_LEFT_PK_ERR,Z2B : Consecutive BC pickup error left side,ROOT_CAUSE_CANDIDATE,163,26,15.951,53,1552,29.28,20.75,81.5,2.06
3GT,TAM06,P2_RBT_GNRL_ERR,Z5A : Mitsubishi robot error (Check Robot controler),ROOT_CAUSE_CANDIDATE,212,37,17.453,74,1527,20.64,13.51,56.23,2
3GT,TAM23,L23_P4_Z08_Warning.Uncount_0807PHS_01,Z08 : 807PHS_01 unknown array detected,WARNING,949,52,5.479,71,1500,21.13,0,41.54,1
3GT,TAM07,P0_PCE_DOOR_OPN,Z2B : Precure Enclosure door opened,DOOR_OR_GUARD|POSSIBLE_OPERATOR_ACCESS_LEGACY|STOP_ALARM_CANDIDATE|CASCADE_SYMPTOM_CANDIDATE,164,22,13.415,42,1479,35.21,19.05,57.57,2.19
3GT,TAM05,P6_Z04B_Wrn_TWR2_Temp_High,Z04B : Tower#2 IPA temperature exceeds high limit,CASCADE_SYMPTOM_CANDIDATE,23478,71,0.302,81,1464,18.07,27.16,8.39,1.27
3GT,TAM22,L22_P2_Z04B_Warning.Z04C_Stopped,Z04B : Zone04C is not running,STOP_ALARM_CANDIDATE|WARNING|CASCADE_SYMPTOM_CANDIDATE,118,15,12.712,35,1464,41.83,22.86,64.23,2.14
FLEX,TAM25,[00G3_K502]Program:EM10G4_Operator_Interface.ALMD_S501PBL_Actuated,EM10G4 S501PBL ZONE STOP PB1,STOP_ALARM_CANDIDATE|ROOT_CAUSE_CANDIDATE,453,14,3.091,34,1441,42.38,0,116.49,2.53
3GT,TAM23,L23_ST_Z07_Alarms.Z07_Fail_to_start,Steriliser Fail to Start,UNCLASSIFIED,365,37,10.137,66,1435,21.74,0,92.19,1
3GT,TAM07,P0_CUE_DOOR_OPN,Z2B : Cure Enclosure door opened,DOOR_OR_GUARD|POSSIBLE_OPERATOR_ACCESS_LEGACY|STOP_ALARM_CANDIDATE|LONG_DURATION,42,8,19.048,21,1427,67.95,23.81,151.18,2.43
3GT,TAM10,P2_SEAL_PRES_ERR,Z5B : DI removal seal pressure out of range,UNCLASSIFIED,258,37,14.341,67,1419,21.18,7.46,15.48,1.07
3GT,TAM05,P6_Z04B_Wrn_VE_LEL_Delta,Z04B : Vapor Enclosure delta between 4000LEL and 4001LEL,CASCADE_SYMPTOM_CANDIDATE,10874,88,0.809,100,1403,14.03,27,5.43,1.27
3GT,TAM18,P1_400SRV_ERR_7,Z4  : 400SRV Lag error      (Hyd buf load),UNCLASSIFIED,35,11,31.429,22,1399,63.59,9.09,31.46,1.09
3GT,TAM23,L23_P4_Z08_Alarm.Laser_not_rdy,Z08 : Laser marker is not ready,STOP_ALARM_CANDIDATE|ROOT_CAUSE_CANDIDATE,77,16,20.779,32,1396,43.62,0,57.21,2.88
3GT,TAM01,P2_523PRS_ON_ER,Z5B : 523PRS Puck not detect,CASCADE_SYMPTOM_CANDIDATE,4640,43,0.927,53,1391,26.25,45.28,124.55,1.28
3GT,TAM02,P0_Z2_210SRV_GrdOpen,Z02B: 210SRV Guard Open,DOOR_OR_GUARD|POSSIBLE_OPERATOR_ACCESS_LEGACY|STOP_ALARM_CANDIDATE|NUISANCE_CHATTER_CANDIDATE,999,39,3.904,65,1339,20.6,20,42.33,2.06
FLEX,TAM26,[00G3_K022]Program:EM05G4_Operator_Interface.ALMD_S002PBL_Actuated,EM05G4 S002PBL Zone Stop,STOP_ALARM_CANDIDATE|ROOT_CAUSE_CANDIDATE,351,44,12.536,79,1332,16.86,0,49.09,2.96
FLEX,TAM28,[00G3_K042]Program:UN01_Standard.ALMD_0110_B010GLS,FC/BC IMM Door Open 0110+MA-B010GLS,DOOR_OR_GUARD|OPERATOR_INITIATED_FLEX|STOP_ALARM_CANDIDATE|ROOT_CAUSE_CANDIDATE,283,23,8.127,40,1309,32.73,0,72.71,3
FLEX,TAM25,[00G3_K002]Program:EM0285_Cooling_Walking_Beam.ALMD_Adjacent_Door_Open,EM0285 Adjacent Door Open,DOOR_OR_GUARD|OPERATOR_INITIATED_FLEX|STOP_ALARM_CANDIDATE|CASCADE_SYMPTOM_CANDIDATE,1197,31,2.59,50,1291,25.82,0,135.55,2
3GT,TAM02,P7_Foil_WebGuide_Z05C_RunAlm_10,Z05C: Web Guide Sensor 1 - Low contrast Edge detected,CONFIRMED_RUN_ALARM_BY_NAME|NUISANCE_CHATTER_CANDIDATE|CASCADE_SYMPTOM_CANDIDATE,24291,43,0.177,70,1288,18.4,24.29,98.41,1
FLEX,TAM30,[00G3_K042]Program:UN01_Standard.ALMD_0110_B010GLS,FC/BC IMM Door Open 0110+MA-B010GLS,DOOR_OR_GUARD|OPERATOR_INITIATED_FLEX|STOP_ALARM_CANDIDATE|ROOT_CAUSE_CANDIDATE,422,41,9.716,77,1265,16.43,0,74.32,3
3GT,TAM18,P3_861PHS_MISS,Z8  : 861PHS Array missing (Check jam or sensor),STOP_ALARM_CANDIDATE|ROOT_CAUSE_CANDIDATE,373,31,8.311,77,1231,15.99,0,106.35,2.45
3GT,TAM23,L23_P4_Z06_Warning.Miss_0607PHS_03,Z06 : Miss_0607PHS_03,WARNING,483,41,8.489,67,1219,18.19,20.9,103.18,1.21
3GT,TAM22,L22_P1_MonomerLow.HMI01,Warning: Monomer level is low. ~Please refill monomer!!,WARNING|LONG_DURATION,49,1,2.041,2,1194,597,0,154.64,1
3GT,TAM18,P3_603PHS_MISS,Z6  : 603PHS Array missing (Check jam or sensor),STOP_ALARM_CANDIDATE|ROOT_CAUSE_CANDIDATE,408,37,9.069,75,1185,15.8,22.67,117.45,2.61
3GT,TAM22,L22_P1_Z02A_Warning.BypassSwitch,Z02A : IMM bypass due to bypass switch enabled,WARNING|LONG_DURATION,25,9,36,13,1176,90.46,69.23,90.74,1.69
FLEX,TAM25,[00G3_K042]Program:UN03_Standard.ALMD_03G6_B004GLS,Z03 Guard Door Open =03G6_B004GLS,DOOR_OR_GUARD|OPERATOR_INITIATED_FLEX|STOP_ALARM_CANDIDATE|CASCADE_SYMPTOM_CANDIDATE,1542,46,2.983,87,1172,13.47,95.4,119.93,2.95
3GT,TAM06,P7_513VAC_ERR,Z5B : 513VAC Foil suction vacuum fault,ROOT_CAUSE_CANDIDATE,744,25,3.36,43,1170,27.21,11.63,50.9,2
FLEX,TAM29,[00G3_K502]Program:EM08G4_Operator_Interface.ALMD_S502PBL_Actuated,EM08G4 S502PBL ZONE STOP PB2,STOP_ALARM_CANDIDATE|ROOT_CAUSE_CANDIDATE,738,24,3.252,50,1153,23.06,0,63.3,2.64
3GT,TAM09,P0_LOT_MISMATCH,Z2A : Mold information mismatch (middle of lot),ROOT_CAUSE_CANDIDATE|LONG_DURATION,198,73,36.869,89,1145,12.87,78.65,72.67,2.78
FLEX,TAM25,[00G3_K002]Program:EM0332_FC_Transfer.ALMD_K001CTL_Guard_Open,EM0332 FC Transfer Robot Error: Safety Guard Open,DOOR_OR_GUARD|OPERATOR_INITIATED_FLEX|STOP_ALARM_CANDIDATE|CASCADE_SYMPTOM_CANDIDATE,1923,19,0.988,32,1133,35.41,0,139.14,2
3GT,TAM06,P3_HMI1_ComlLoss,Z8  : Unable to Communicate with HMI #1,UNCLASSIFIED,1877,29,1.545,55,1126,20.47,0,81.44,1
3GT,TAM07,P7_CMS_COM_TOUT,Z5B : Communication Time Out With Laser Marker,STOP_ALARM_CANDIDATE|ROOT_CAUSE_CANDIDATE,102,15,14.706,25,1114,44.56,28,68.72,2.84
FLEX,TAM24,[00G3_K002]Program:EM0312_Demold.ALMD_T001SVP_Driver_Fault,EM0312 T001SVP Demold Upper Fingers Driver fault,STOP_ALARM_CANDIDATE|ROOT_CAUSE_CANDIDATE,742,62,8.356,103,1109,10.77,0,87.57,2.68
3GT,TAM10,P2_514LS_OPENED,Z5B : Foil transfer unit opened,ROOT_CAUSE_CANDIDATE|LONG_DURATION,33,22,66.667,68,1104,16.24,25,24.29,2.1
3GT,TAM22,L22_P4_Z08_Warning.Camera3_InspectNG,Z08 : Camera3 Inspection failure,WARNING|CASCADE_SYMPTOM_CANDIDATE,28463,47,0.165,57,1103,19.35,0,2,1
3GT,TAM02,P1_SHINGLE_DET4,Z4  : FC shingle detect at 411PHS_4,ROOT_CAUSE_CANDIDATE,807,35,4.337,40,1102,27.55,40,49.64,2.23
3GT,TAM02,P0_Zone02B_NoMove,Z2B : Zone02B not moving...,ROOT_CAUSE_CANDIDATE,174,32,18.391,62,1100,17.74,8.06,60.78,1.82
3GT,TAM09,P2_SEAL_PRES_ERR,Z5B : DI removal seal pressure out of range,ROOT_CAUSE_CANDIDATE|LONG_DURATION,268,34,12.687,60,1086,18.1,18.33,22.34,2.12
3GT,TAM01,P1_SHINGLE_DET3,Z4  : FC shingle detect at 411PHS_3,ROOT_CAUSE_CANDIDATE,264,18,6.818,33,1065,32.27,21.21,98.45,1.76
3GT,TAM02,P0_233CL_ERR_2,Z2B : 233CL Fail to RETRACT (Prec out U/D),ROOT_CAUSE_CANDIDATE,275,13,4.727,16,1061,66.31,12.5,51.55,2
FLEX,TAM29,[00G3_K042]Program:UN02_Standard.ALMD_02G6_B008GLS,Z02 Guard Door Open =02G6_B008GLS,DOOR_OR_GUARD|OPERATOR_INITIATED_FLEX|STOP_ALARM_CANDIDATE|LONG_DURATION,12,1,8.333,5,1059,211.8,20,24.62,3
3GT,TAM05,P0_PCE_DOOR_OPN,Z2B : Precure Enclosure door opened,DOOR_OR_GUARD|POSSIBLE_OPERATOR_ACCESS_LEGACY|STOP_ALARM_CANDIDATE|LONG_DURATION,30,9,30,13,1055,81.15,0,101.51,2.38
3GT,TAM01,P0_Zone02B_NoMove,Z2B : Zone02B not moving...,UNCLASSIFIED,17,2,11.765,3,1054,351.33,0,107.23,1
FLEX,TAM31,[00G3_K042]Program:UN03_Standard.ALMD_03G6_B001GLS,Z03 Guard Door Open =03G6_B001GLS,DOOR_OR_GUARD|OPERATOR_INITIATED_FLEX|STOP_ALARM_CANDIDATE,80,20,25,55,1053,19.15,32.73,103.47,2.71
3GT,TAM01,P1_HYD_PAL_FAIL,Z4  : Hyd. Buffer Pre-Stage pallet count mismatch,UNCLASSIFIED,49,2,4.082,5,1051,210.2,20,212.54,1.2
3GT,TAM09,P6_Z04B_4005SRV_SafeTorqueOff,Z04B : 4005SVP safe torque off,ROOT_CAUSE_CANDIDATE|LONG_DURATION,203,21,10.345,32,1040,32.5,28.12,19.65,2.28
3GT,TAM01,P0_IMM_ESTOP,Z01 :  Emergency stop  activated (IMM),STOP_ALARM_CANDIDATE|CASCADE_SYMPTOM_CANDIDATE,196,14,7.143,32,1011,31.59,37.5,62.78,2.22
FLEX,TAM25,[04G3_K002]Program:EM0422_Tower1_Extraction.ALMD_Ext_RedoseFail_ALM,EM0422 Tower #1 Extraction redose fail (consecutive 20 Times),ROOT_CAUSE_CANDIDATE,86,16,18.605,30,1009,33.63,0,33.46,1.8
3GT,TAM18,P2_SEAL_PRES_ERR,Z5B : DI removal seal pressure out of range,ROOT_CAUSE_CANDIDATE,277,35,12.635,61,1008,16.52,14.75,37.03,1.92
3GT,TAM01,FMD_Alm_ConsPalletFail,Zone05P17: Consecutive FMD reject detected for pallet at location 16,UNCLASSIFIED,17,2,11.765,6,999,166.5,16.67,77.37,1.17
3GT,TAM17,P0_PCE_DOOR_OPN,Z2B : Precure Enclosure door opened,DOOR_OR_GUARD|POSSIBLE_OPERATOR_ACCESS_LEGACY|STOP_ALARM_CANDIDATE|CASCADE_SYMPTOM_CANDIDATE,290,26,8.966,47,998,21.23,31.91,41.9,2.32
FLEX,TAM29,[04G3_K002]Program:EM0442_Tower2_Extraction.ALMD_Ext_Time_Long_ALM,EM0442 Tower #2 Extraction time too long (consecutive 3 Times),ROOT_CAUSE_CANDIDATE,288,8,2.778,18,989,54.94,0,67.82,1.83
3GT,TAM02,P0_PR_STIK_FAIL1,"Z2B : 213,214PHS Precure sticking fail",ROOT_CAUSE_CANDIDATE,171,24,14.035,56,974,17.39,32.14,73.27,2.25
3GT,TAM07,P2_SEAL_PRES_ERR,Z5B : DI removal seal pressure out of range,LONG_DURATION,336,23,6.845,42,969,23.07,7.14,27.52,1.07
3GT,TAM02,P1_SHINGLE_DET2,Z4  : FC shingle detect at 411PHS_2,ROOT_CAUSE_CANDIDATE,358,38,10.615,41,969,23.63,51.22,73.85,2.24
3GT,TAM22,L22_P3_Z05A_Alarm.RBT_GeneralError,Z05A : Mitsubishi robot error (Check Robot controller),UNCLASSIFIED,92,19,20.652,28,964,34.43,25,74.56,1.25
3GT,TAM22,L22_P2_Z04B_Warning.ReceiveConvStopped,Z04B : Receive conveyor is not running,STOP_ALARM_CANDIDATE|WARNING|CASCADE_SYMPTOM_CANDIDATE,837,35,4.182,55,960,17.45,14.55,109.53,1.6
3GT,TAM06,ST_Z07_Alarm_Z6Stop,Zone 6 Stop,ROOT_CAUSE_CANDIDATE,1111,37,3.33,50,947,18.94,54,72.23,2.18
3GT,TAM01,P6_4007PRSFAIL1,Z4B : 4007PRS fail to be ON,ROOT_CAUSE_CANDIDATE,72,14,19.444,22,945,42.95,40.91,77.27,2.18
FLEX,TAM27,[00G3_K042]Program:UN02_Standard.ALMD_02G6_B008GLS,Z02 Guard Door Open =02G6_B008GLS,DOOR_OR_GUARD|OPERATOR_INITIATED_FLEX|STOP_ALARM_CANDIDATE|LONG_DURATION,51,23,45.098,62,932,15.03,16.13,87.1,2.65
3GT,TAM01,P2_54PS_ERROR,Z5AB: 54PS Air pressure low,ROOT_CAUSE_CANDIDATE,151,26,17.219,51,930,18.24,7.84,55.42,1.86
3GT,TAM02,P2_527PHS1_ON_ER,Z5B : 527PHS-1 still OFF,ROOT_CAUSE_CANDIDATE,140,13,9.286,25,924,36.96,8,72.2,1.84
3GT,TAM07,P7_Foil_Break_Alarm,Z5B4 : Check for Foil Break or Jam,STOP_ALARM_CANDIDATE,29,20,68.966,51,921,18.06,3.92,107.21,2.04
FLEX,TAM28,[00G3_K042]Program:UN05_Standard.ALMD_05G6_B003GLS,Z05 Guard Door Open =05G6_B003GLS,DOOR_OR_GUARD|OPERATOR_INITIATED_FLEX|STOP_ALARM_CANDIDATE|CASCADE_SYMPTOM_CANDIDATE,595,32,5.378,83,917,11.05,28.92,49.06,2.29
FLEX,TAM26,[00G3_K042]Program:UN03_Standard.ALMD_03G6_B004GLS,Z03 Guard Door Open =03G6_B004GLS,DOOR_OR_GUARD|OPERATOR_INITIATED_FLEX|STOP_ALARM_CANDIDATE|CASCADE_SYMPTOM_CANDIDATE,800,9,1.125,18,911,50.61,88.89,119.52,2.89
3GT,TAM20,P3_861PHS_MISS,Z8  : 861PHS Array missing (Check jam or sensor),STOP_ALARM_CANDIDATE|ROOT_CAUSE_CANDIDATE,268,23,8.582,55,885,16.09,0,126.73,2.47
3GT,TAM07,P6_4097PS_ERROR,Z4B : 4097PS error (for guard lock),DOOR_OR_GUARD|GUARD_SYSTEM_FAULT|LONG_DURATION,20,1,5,3,870,290,33.33,14.79,1.33
FLEX,TAM28,[00G3_K002]Program:EM02G4_Operator_Interface.ALMD_S001PBL_Actuated,EM02G4 S001PBL ZONE STOP #1,STOP_ALARM_CANDIDATE|ROOT_CAUSE_CANDIDATE|LONG_DURATION,120,6,5,10,867,86.7,0,46.52,2.9
3GT,TAM18,P0_LOT_MISMATCH,Z2A : Mold information mismatch (middle of lot),ROOT_CAUSE_CANDIDATE|LONG_DURATION,358,32,8.939,52,850,16.35,38.46,70.78,2.23
3GT,TAM02,P1_CMD_TR,Z3  : CMD Top Right (303CL),ROOT_CAUSE_CANDIDATE,72,10,13.889,26,850,32.69,61.54,122.49,2.27
3GT,TAM18,P2_523CL_ERR_1,Z5B : 523CL Fail to extend  (Saline inlet),ROOT_CAUSE_CANDIDATE,101,8,7.921,14,847,60.5,35.71,70.81,2.21
FLEX,TAM25,[00G3_K002]Program:EM0232_Monomer_DosePump.ALMD_M003MTR_Fault,EM0232 M003MTR Motor faulted,ROOT_CAUSE_CANDIDATE,102,3,2.941,9,847,94.11,0,126.07,1.33
3GT,TAM22,L22_P3_PSS01_0511HTSOD.Alarm,DI Tank2 Heater High temperature(0511HTSOD_1 & 0511HTSOD_2),LONG_DURATION,58,4,6.897,10,832,83.2,0,90.53,1
3GT,TAM23,L23_P4_Z10_Warning.Sleeve_Hopper_low,Z10 : Sleeve hopper is low,WARNING|ROOT_CAUSE_CANDIDATE|LONG_DURATION,402,26,6.468,36,831,23.08,0,58.72,1.69
FLEX,TAM25,[00G3_K042]Program:UN03_Standard.ALMD_03G6_B001GLS,Z03 Guard Door Open =03G6_B001GLS,DOOR_OR_GUARD|OPERATOR_INITIATED_FLEX|STOP_ALARM_CANDIDATE|CASCADE_SYMPTOM_CANDIDATE,462,22,4.762,46,829,18.02,82.61,79.11,2.83
3GT,TAM21,L21_P3_Z05A_Warning.RBT_Parts_Reject,Z05A : Robot Parts Reject,WARNING|CASCADE_SYMPTOM_CANDIDATE,7230,35,0.484,37,823,22.24,89.19,54.55,1.78
FLEX,TAM24,[00G3_K502]Program:EM10G4_Operator_Interface.ALMD_S501PBL_Actuated,EM10G4 S501PBL ZONE STOP PB1,STOP_ALARM_CANDIDATE|ROOT_CAUSE_CANDIDATE,504,23,4.563,36,820,22.78,0,48.46,2.81
3GT,TAM23,L23_P4_Z08_Warning.Uncount_0807PHS_05,Z08 : 807PHS_05 unknown array detected,WARNING|ROOT_CAUSE_CANDIDATE,126,20,15.873,36,819,22.75,0,39.7,1.92
FLEX,TAM31,[00G3_K502]Program:EM10G4_Operator_Interface.ALMD_S501PBL_Actuated,EM10G4 S501PBL ZONE STOP PB1,STOP_ALARM_CANDIDATE|ROOT_CAUSE_CANDIDATE,509,20,3.929,43,818,19.02,0,84.5,2.63
FLEX,TAM28,[00G3_K022]Program:EM0542_Foil_Transfer.ALMD_K001CTL_Guard_Open,EM0542 Foil Transfer Robot Error: Safety Guard Open,DOOR_OR_GUARD|OPERATOR_INITIATED_FLEX|STOP_ALARM_CANDIDATE|CASCADE_SYMPTOM_CANDIDATE,1988,3,0.151,5,816,163.2,0,44.55,2
3GT,TAM09,P6_Z04B_ALM_makeup_vlv_noclose,Z04B : Makeup valve not closed,ROOT_CAUSE_CANDIDATE,944,27,2.86,42,815,19.4,28.57,80.85,1.98
3GT,TAM02,P2_520CL_ERR_1,Z5B : 520CL Fail to EXTEND,ROOT_CAUSE_CANDIDATE,192,28,14.583,50,813,16.26,12,73.2,2.02
3GT,TAM09,P3_CTN_JAM_HOPR,Z8  : 861PRS Carton jam underneath the hopper,STOP_ALARM_CANDIDATE|ROOT_CAUSE_CANDIDATE,528,28,5.303,50,811,16.22,0,96.6,2.6
3GT,TAM23,L23_P4_EndOfLot.HMI02,"End of lot procedure: Ready for rework. ~When rework is completed, Press Done.",ROOT_CAUSE_CANDIDATE,186,22,11.828,36,811,22.53,0,52.2,1.81
3GT,TAM18,P3_813PHS_MISS,Z8  : 813PHS Tray jam or sensor fail (Missing),STOP_ALARM_CANDIDATE|ROOT_CAUSE_CANDIDATE,168,17,10.119,23,808,35.13,0,130.36,2.43
3GT,TAM20,P7_Foil_Break_Alarm,Z5B4 : Check for Foil Break or Jam,STOP_ALARM_CANDIDATE|ROOT_CAUSE_CANDIDATE,68,36,52.941,82,807,9.84,7.32,109.07,2.49
FLEX,TAM31,[04G3_K002]Program:EM0442_Tower2_Extraction.ALMD_Ext_Flow_NotDetected,EM0442 Tower #2 Extraction flow not detect,ROOT_CAUSE_CANDIDATE,153,6,3.922,11,803,73,0,27.75,2
3GT,TAM02,P3_619PHS_MISS,Z6  : 619PHS Array missing (Check jam or sensor),STOP_ALARM_CANDIDATE|ROOT_CAUSE_CANDIDATE,151,26,17.219,44,802,18.23,31.82,109.09,2.64
3GT,TAM23,L23_P4_Camera3.Alarm_09,Camera3 Cognex Field value mismatch,LONG_DURATION,27,1,3.704,6,802,133.67,0,107.04,1
FLEX,TAM26,[00G3_K002]Program:EM02G4_Operator_Interface.ALMD_S002PBL_Actuated,EM02G4 S002PBL ZONE STOP #2,STOP_ALARM_CANDIDATE|ROOT_CAUSE_CANDIDATE|LONG_DURATION,118,15,12.712,25,792,31.68,0,65.61,2.68
3GT,TAM20,PSS1_FB_ERR5_3,PSS1: 209GLS-1 Guard Lock SOL Feedback Error,DOOR_OR_GUARD|GUARD_SYSTEM_FAULT|ROOT_CAUSE_CANDIDATE|LONG_DURATION,156,14,8.974,35,791,22.6,0,44.97,1.91
3GT,TAM20,P2_ALI3_NOT_RDY,Z5B: ALI System not ready,STOP_ALARM_CANDIDATE|CASCADE_SYMPTOM_CANDIDATE,457,70,15.317,71,789,11.11,84.51,3.05,2.49
3GT,TAM10,P1_305PRS_FAIL,Z3  : 305PRS Sensor fail,UNCLASSIFIED,32,5,15.625,11,787,71.55,54.55,119.46,1.55
3GT,TAM23,L23_P4_0853PHS.Alarm1,Z08 : 853PHS Carton missing (Check jam or sensor),STOP_ALARM_CANDIDATE|ROOT_CAUSE_CANDIDATE,113,28,24.779,56,785,14.02,0,89.14,2.55
3GT,TAM10,P0_DRV_COM_TOUT,PLC0: IMM Door open or sensor fail,DOOR_OR_GUARD|POSSIBLE_OPERATOR_ACCESS_LEGACY|STOP_ALARM_CANDIDATE,213,39,18.31,84,779,9.27,0,142.42,2.39
3GT,TAM21,L21_P2_Z04B_Alarm.Zstop_Z05B_Adj,Z04B : Zone05B Adjacent Zone Stop,STOP_ALARM_CANDIDATE|CASCADE_SYMPTOM_CANDIDATE,243,30,12.346,43,778,18.09,9.3,45.16,1.95
3GT,TAM02,P2_514LS_OPENED,Z5B : Foil transfer unit opened,ROOT_CAUSE_CANDIDATE|LONG_DURATION,51,10,19.608,24,778,32.42,29.17,31.43,2.17
3GT,TAM01,P1_SHINGLE_DET2,Z4  : FC shingle detect at 411PHS_2,ROOT_CAUSE_CANDIDATE,158,11,6.962,18,771,42.83,11.11,101.45,1.83
3GT,TAM18,P3_807PHS5_MISS,Z8  : 807PHS-5 Array missing (Check jam or sensor),STOP_ALARM_CANDIDATE|ROOT_CAUSE_CANDIDATE,175,15,8.571,25,770,30.8,0,79.86,2.56
3GT,TAM05,P0_20PS_ERROR,Z2A : 20PS Air pressure Low,CASCADE_SYMPTOM_CANDIDATE|LONG_DURATION,370,63,17.027,79,760,9.62,77.22,36.1,1.77
3GT,TAM18,P1_CMD_TR,Z3  : CMD Top Right (303CL),ROOT_CAUSE_CANDIDATE,235,21,8.936,38,755,19.87,60.53,149.89,2.11
FLEX,TAM31,[00G3_K042]Program:UN05_Standard.ALMD_05G6_B005GLS,Z05 Guard Door Open =05G6_B005GLS,DOOR_OR_GUARD|OPERATOR_INITIATED_FLEX|STOP_ALARM_CANDIDATE|CASCADE_SYMPTOM_CANDIDATE,738,29,3.93,41,754,18.39,53.66,49.41,2.54
FLEX,TAM28,[04G3_K002]Program:EM0422_Tower1_Extraction.ALMD_Ext_RedoseFail_ALM,EM0422 Tower #1 Extraction redose fail (consecutive 20 Times),ROOT_CAUSE_CANDIDATE,60,9,15,12,752,62.67,0,16.37,1.83
3GT,TAM18,P1_CMD_TL,Z3  : CMD Top Left (304CL),ROOT_CAUSE_CANDIDATE,212,17,8.019,37,748,20.22,70.27,141.71,2.24
FLEX,TAM24,[00G3_K042]Program:UN03_Standard.ALMD_03G6_B001GLS,Z03 Guard Door Open =03G6_B001GLS,DOOR_OR_GUARD|OPERATOR_INITIATED_FLEX|STOP_ALARM_CANDIDATE|CASCADE_SYMPTOM_CANDIDATE,349,17,4.871,37,744,20.11,83.78,146.36,2.84
FLEX,TAM28,[09G3_K002]Program:EM09G4_Operator_Interface.ALMD_S002PBL_Actuated,EM09G4 S002PBL Zone Stop,STOP_ALARM_CANDIDATE|ROOT_CAUSE_CANDIDATE,108,9,8.333,16,743,46.44,0,55.53,2.81
3GT,TAM05,P2_MRSVACRelief_Fail,Z5B: MRS Vacuum Relief Failed - 581SV,CASCADE_SYMPTOM_CANDIDATE,1929,48,2.488,55,742,13.49,63.64,9.49,1.45
3GT,TAM21,L21_P3_Z05B_Warning.DI_Seal_Prss_NoinRange,Z05B : DI Seal Pressure not inrange,WARNING|CASCADE_SYMPTOM_CANDIDATE,5473,37,0.676,40,738,18.45,82.5,51.69,1.68
3GT,TAM01,P3_1019PHSUKNOW,Z10 : 1019PHS Carton jam (Remove carton),STOP_ALARM_CANDIDATE|CASCADE_SYMPTOM_CANDIDATE,522,18,3.448,35,737,21.06,0,96.34,1.66
FLEX,TAM28,[00G3_K002]Program:EM0200_Zone.ALMD_IncompleteCycleStop,EM0200 Z02 Incomplete cycle stop,STOP_ALARM_CANDIDATE,44,7,15.909,12,727,60.58,41.67,94.87,2.42
3GT,TAM10,P3_864PHS_MISS,Z8  : 864PHS Carton missing (Check jam or sensor),STOP_ALARM_CANDIDATE|ROOT_CAUSE_CANDIDATE,379,25,6.596,51,725,14.22,0,93.13,2.61
3GT,TAM07,P7_535PRS_ON_ER,Z5B : 535PRS Retainer not detect,ROOT_CAUSE_CANDIDATE,109,4,3.67,11,724,65.82,9.09,102.61,1.36
3GT,TAM18,P3_619PHS_MISS,Z6  : 619PHS Array missing (Check jam or sensor),STOP_ALARM_CANDIDATE|ROOT_CAUSE_CANDIDATE,164,24,14.634,43,718,16.7,25.58,109.82,2.65
FLEX,TAM28,[00G3_K022]Program:EM0522_Good_Robot.ALMD_K001CTL_Guard_Open,EM0522 Good Robot Error: Safety Guard Open,DOOR_OR_GUARD|OPERATOR_INITIATED_FLEX|STOP_ALARM_CANDIDATE|CASCADE_SYMPTOM_CANDIDATE,1924,7,0.364,7,714,102,0,-15.83,2
FLEX,TAM29,[09G3_K002]Program:EM0913_Slider_B.ALMD_IMM_B_Not_Running,EM0911 IMM (B) Alarm: IMM (B) Not Running Error,STOP_ALARM_CANDIDATE|ROOT_CAUSE_CANDIDATE|LONG_DURATION,181,16,8.84,41,703,17.15,0,80.41,2.78
3GT,TAM02,P2_CHUCK_ERR,Z5B : Foil chuck error,ROOT_CAUSE_CANDIDATE,110,8,7.273,12,697,58.08,16.67,27.96,2.17
FLEX,TAM31,[00G3_K042]Program:UN05_Standard.ALMD_05G6_B003GLS,Z05 Guard Door Open =05G6_B003GLS,DOOR_OR_GUARD|OPERATOR_INITIATED_FLEX|STOP_ALARM_CANDIDATE|CASCADE_SYMPTOM_CANDIDATE,909,30,3.3,65,696,10.71,36.92,51.3,2.37
3GT,TAM01,DevicewiseEDHR_Online,EDHR Client DeviceWise Offline,ROOT_CAUSE_CANDIDATE,302,19,6.291,32,696,21.75,0,64.26,1.78
3GT,TAM01,P3_850BCR_TOUT,Z8  : 850BCR Communication time out failure,STOP_ALARM_CANDIDATE|ROOT_CAUSE_CANDIDATE,98,8,8.163,20,691,34.55,0,153.27,2.25
3GT,TAM01,P3_862PHS_MISS,Z8  : 862PHS Carton missing (Check jam or sensor),STOP_ALARM_CANDIDATE|CASCADE_SYMPTOM_CANDIDATE,392,17,4.337,30,690,23,0,96.15,1.77
3GT,TAM05,P7_ENOUGH_FOIL,Z5C : Not enough foil (->Check foil reel),UNCLASSIFIED,76,3,3.947,8,690,86.25,12.5,143.38,1.12
3GT,TAM21,L21_P1_0202CL.stat.Ftr,P1_0202CL Fail to Retract,LONG_DURATION,16,5,31.25,10,688,68.8,0,82.97,1
3GT,TAM02,P6_4024PRSFAIL1,Z4B : 4024PRS fail to be ON,LONG_DURATION,42,2,4.762,3,686,228.67,33.33,38.48,1.33
3GT,TAM05,P7_Miss_Array,"Z5B : Jam at the walking beam, array missing at 542PRS",STOP_ALARM_CANDIDATE|CASCADE_SYMPTOM_CANDIDATE,351,24,6.838,43,683,15.88,11.63,77.08,1.91
FLEX,TAM25,[00G3_K002]Program:EM02G4_Operator_Interface.ALMD_S001PBL_Actuated,EM02G4 S001PBL ZONE STOP #1,STOP_ALARM_CANDIDATE|ROOT_CAUSE_CANDIDATE,162,17,10.494,37,682,18.43,0,81.81,2.62
3GT,TAM02,P6_REDOSE_ALMT2,Z4B : Tower 2 IPA Processing Dose Alarm,ROOT_CAUSE_CANDIDATE|LONG_DURATION,100,20,20,36,679,18.86,27.78,31.96,2.25
3GT,TAM01,P0_PCE_DOOR_OPN,Z2B : Precure Enclosure door opened,DOOR_OR_GUARD|POSSIBLE_OPERATOR_ACCESS_LEGACY|STOP_ALARM_CANDIDATE|ROOT_CAUSE_CANDIDATE|LONG_DURATION,86,20,23.256,40,676,16.9,12.5,63.67,3
FLEX,TAM31,[00G3_K002]Program:EM0240_Deposition.ALMD_T001SVP_Driver_Fault,EM0240 T001SVP Deposition Horizontal Driver fault,STOP_ALARM_CANDIDATE|ROOT_CAUSE_CANDIDATE,121,9,7.438,23,674,29.3,0,71.05,2.87
3GT,TAM18,ST_Z07_Alarm_SrvcDoor,Service Door Open,DOOR_OR_GUARD|POSSIBLE_OPERATOR_ACCESS_LEGACY|STOP_ALARM_CANDIDATE|LONG_DURATION,39,8,20.513,18,668,37.11,0,69.79,2.67
3GT,TAM20,P1_CMD_TL,Z3  : CMD Top Left (304CL),ROOT_CAUSE_CANDIDATE,420,24,5.714,40,664,16.6,22.5,105.12,1.88
FLEX,TAM26,[00G3_K002]Program:EM02G4_Operator_Interface.ALMD_S001PBL_Actuated,EM02G4 S001PBL ZONE STOP #1,STOP_ALARM_CANDIDATE,53,3,5.66,7,660,94.29,0,48.21,2
3GT,TAM01,P3_CTN_JAM_HOPR,Z8  : 861PRS Carton jam underneath the hopper,STOP_ALARM_CANDIDATE,88,12,13.636,24,654,27.25,0,80.23,2
3GT,TAM07,DevicewiseEDHR_Online,EDHR Client DeviceWise Offline,UNCLASSIFIED,652,19,2.914,35,651,18.6,0,108.49,1
3GT,TAM06,P1_304CL_ERR_1,Z3  : 304CL Fail to EXTEND  (Bottom finger L),UNCLASSIFIED,106,8,7.547,19,651,34.26,52.63,118.32,1.53
FLEX,TAM26,[00G3_K042]Program:UN03_Standard.ALMD_03G6_B002GLS,Z03 Guard Door Open =03G6_B002GLS,DOOR_OR_GUARD|OPERATOR_INITIATED_FLEX|STOP_ALARM_CANDIDATE|LONG_DURATION,33,6,18.182,9,651,72.33,55.56,88.2,2.56
FLEX,TAM25,[00G3_K042]Program:UN10_Standard.ALMD_10G6_B505GLS,Z10 Guard Door Open =10G6_B505GLS,DOOR_OR_GUARD|OPERATOR_INITIATED_FLEX|STOP_ALARM_CANDIDATE|CASCADE_SYMPTOM_CANDIDATE,375,2,0.533,4,651,162.75,0,-27.91,2
FLEX,TAM29,[00G3_K502]Program:EM1062_Carton_Case_Xfer_Robot.ALMD_K501CTL_Guard_Open,EM1062 Robot Error: Safety Guard Open,DOOR_OR_GUARD|OPERATOR_INITIATED_FLEX|STOP_ALARM_CANDIDATE|CASCADE_SYMPTOM_CANDIDATE,2393,9,0.376,21,649,30.9,0,80.96,2
3GT,TAM07,P6_IVK_COM_TOUT,Z4B : Communication time out with IVEK3,STOP_ALARM_CANDIDATE|LONG_DURATION,63,5,7.937,8,642,80.25,25,155.5,2.25
3GT,TAM17,P6_RTRN_GRD_OPN,Z4B : Return conveyor guard cover opened,DOOR_OR_GUARD|POSSIBLE_OPERATOR_ACCESS_LEGACY|STOP_ALARM_CANDIDATE|LONG_DURATION,34,3,8.824,4,642,160.5,0,47.19,3
3GT,TAM22,L22_P3_Z05B_Alarm.HMI_ManSel_PreDose,Z05B : HMI Manual Selected at Pre-Dose,UNCLASSIFIED,37,8,21.622,17,636,37.41,23.53,81.46,1.24
3GT,TAM06,P6_REDOSE_ALMT2,Z4B : Tower 2 Solvent Processing Dose Alarm,UNCLASSIFIED,169,18,10.651,26,634,24.38,53.85,12.09,1.54
FLEX,TAM28,[00G3_K042]Program:UN03_Standard.ALMD_03G6_B004GLS,Z03 Guard Door Open =03G6_B004GLS,DOOR_OR_GUARD|OPERATOR_INITIATED_FLEX|STOP_ALARM_CANDIDATE|CASCADE_SYMPTOM_CANDIDATE,920,15,1.63,30,631,21.03,86.67,67.44,2.87
3GT,TAM06,P2_550PHS_OF_ER,Z5B : 550PHS still ON,ROOT_CAUSE_CANDIDATE,617,30,4.862,39,630,16.15,15.38,16.61,2
3GT,TAM10,P0_PCE_DOOR_OPN,Z2B : Precure Enclosure door opened,DOOR_OR_GUARD|POSSIBLE_OPERATOR_ACCESS_LEGACY|STOP_ALARM_CANDIDATE,28,6,21.429,12,629,52.42,25,102.76,2.5
3GT,TAM22,L22_P3_Z05B_Warning.DI_Seal_Prss_NoinRange,Z05B : DI Seal Pressure not inrange,WARNING|CASCADE_SYMPTOM_CANDIDATE,3967,32,0.807,34,626,18.41,79.41,67.09,1.47
3GT,TAM18,P1_518SRV_ERR_7,Z4  : 518SRV Lag error      (Stage pusher),UNCLASSIFIED,61,8,13.115,10,621,62.1,40,36.78,1.4
FLEX,TAM27,[00G3_K022]Program:EM0542_Foil_Transfer.ALMD_K001CTL_Guard_Open,EM0542 Foil Transfer Robot Error: Safety Guard Open,DOOR_OR_GUARD|OPERATOR_INITIATED_FLEX|STOP_ALARM_CANDIDATE|CASCADE_SYMPTOM_CANDIDATE,1884,22,1.168,25,620,24.8,0,88.24,2
FLEX,TAM31,[00G3_K502]Program:EM08G4_Operator_Interface.ALMD_S502PBL_Actuated,EM08G4 S502PBL ZONE STOP PB2,STOP_ALARM_CANDIDATE|ROOT_CAUSE_CANDIDATE,124,11,8.871,30,617,20.57,0,71.94,2.47
3GT,TAM23,L23_P4_0803SRV.Over_Travel_Neg,P4_0803SRV Negative Over Travel,LONG_DURATION,48,1,2.083,1,615,615,0,220.77,1
3GT,TAM06,P2_514LS_OPENED,Z5B : Foil transfer unit opened,ROOT_CAUSE_CANDIDATE|LONG_DURATION,44,14,31.818,23,610,26.52,30.43,-6.48,2.22
3GT,TAM06,P6_4024PRSFAIL1,Z4B : 4024PRS fail to be ON,ROOT_CAUSE_CANDIDATE,82,10,12.195,14,609,43.5,50,125.24,2.21
3GT,TAM22,L22_P3_Z05A_Warning.RBT_Parts_Reject,Z05A : Robot Parts Reject,WARNING|CASCADE_SYMPTOM_CANDIDATE,5531,17,0.307,17,606,35.65,88.24,119.12,1.41
3GT,TAM23,L23_P4_Z08_Warning.Hotmelt_standby,Z08 : Hotmelt applicator is stanby,WARNING|LONG_DURATION,96,15,15.625,24,605,25.21,0,86.82,1
FLEX,TAM27,[00G3_K042]Program:UN01_Standard.ALMD_0110_B010GLS,FC/BC IMM Door Open 0110+MA-B010GLS,DOOR_OR_GUARD|OPERATOR_INITIATED_FLEX|STOP_ALARM_CANDIDATE|ROOT_CAUSE_CANDIDATE|LONG_DURATION,158,26,16.456,48,604,12.58,0,107.13,3
FLEX,TAM27,[00G3_K042]Program:UN05_Standard.ALMD_05G6_B003GLS,Z05 Guard Door Open =05G6_B003GLS,DOOR_OR_GUARD|OPERATOR_INITIATED_FLEX|STOP_ALARM_CANDIDATE|CASCADE_SYMPTOM_CANDIDATE,336,18,5.357,28,600,21.43,60.71,78.08,2.61
3GT,TAM20,P1_4222CL_ERR_2,Z4  : 422CL-2 Fail to RETRACT(FC xfer X2),LONG_DURATION,15,1,6.667,7,599,85.57,14.29,112.62,1.14
FLEX,TAM28,[00G3_K042]Program:UN05_Standard.ALMD_05G6_B012GLS,Z05 Under Guard Door Open =05G6_B012GLS,DOOR_OR_GUARD|OPERATOR_INITIATED_FLEX|STOP_ALARM_CANDIDATE|LONG_DURATION,52,5,9.615,7,595,85,14.29,131.73,2.29
FLEX,TAM25,[04G3_K002]Program:EM0472_Tower3_Extraction.ALMD_F001CB_Tripped,EM0472 F001CB Regloplas box circuit breaker Tripped,LONG_DURATION,3,1,33.333,1,594,594,0,102.79,1
3GT,TAM18,P3_HMI1_ComlLoss,Z8  : Unable to Communicate with HMI #1,ROOT_CAUSE_CANDIDATE,564,27,4.787,39,592,15.18,0,80.75,1.72
3GT,TAM23,L23_P4_Z08_Warning.Carton_Conv_Low,Z08 : Carton conveyor is low,WARNING|ROOT_CAUSE_CANDIDATE|LONG_DURATION,212,19,8.962,35,592,16.91,0,32.39,1.66
3GT,TAM18,P2_557CL_ERR_2,Z5B : 557CL Fail to RETRACT,UNCLASSIFIED,12,1,8.333,2,590,295,0,-21.94,1
3GT,TAM02,P1_4082CL_ERR_2,Z4  : 408CL-2 Fail to RETRACT(Plt xfr2-2@Jnc),CASCADE_SYMPTOM_CANDIDATE,292,3,1.027,5,585,117,20,38.03,1.2
3GT,TAM01,P3_606PHS_MISS,Z6  : 606PHS Tray jam or sensor fail (Missing),STOP_ALARM_CANDIDATE,65,8,12.308,14,581,41.5,7.14,143.57,2.07
3GT,TAM05,P2_526PRS_ON_ER,Z5B : 526PRS Puck not detect,UNCLASSIFIED,5,2,40,4,580,145,25,47.69,1.25
3GT,TAM01,PSS2_SLV_LOW,PSS2: Sleeve Level Low/Low,UNCLASSIFIED,94,4,4.255,10,572,57.2,0,93.96,1
3GT,TAM10,P1_423CL_ERR_1,Z4  : 423CL Fail to EXTEND  (FC xfer X-axis),UNCLASSIFIED,20,1,5,2,572,286,50,52.01,1.5
3GT,TAM01,P3_NOT_EMPTY1,Z6  : 607PHS Array remaining in tray slot,CASCADE_SYMPTOM_CANDIDATE,645,20,3.101,28,563,20.11,57.14,139.28,1.36
FLEX,TAM24,[00G3_K002]Program:EM0332_FC_Transfer.ALMD_K001CTL_Guard_Open,EM0332 FC Transfer Robot Error: Safety Guard Open,DOOR_OR_GUARD|OPERATOR_INITIATED_FLEX|STOP_ALARM_CANDIDATE|CASCADE_SYMPTOM_CANDIDATE,1338,11,0.822,15,562,37.47,0,148.13,2
FLEX,TAM28,[00G3_K002]Program:EM0312_Demold.ALMD_00G7_M003SV_Not_Ready,EM0312 Z02/Z03 SV Not Ready (EM00G7-M003SV),STOP_ALARM_CANDIDATE|CASCADE_SYMPTOM_CANDIDATE,1275,23,1.804,23,560,24.35,100,64.04,2.96
3GT,TAM01,P2_533CL_ERR_1,Z5AB: 533CL Fail to extend  (Rtrn buffer out),UNCLASSIFIED,56,1,1.786,1,560,560,100,79.99,2
3GT,TAM01,P1_401VAC_Err,Z4: FC Transfer 400VAC Error,ROOT_CAUSE_CANDIDATE,188,20,10.638,34,555,16.32,26.47,102.3,1.94
3GT,TAM02,P7_PULL_CODE,PLC7: Emergency stop pull cord pulled,STOP_ALARM_CANDIDATE|LONG_DURATION,14,7,50,11,553,50.27,45.45,73.8,2.45
3GT,TAM01,P3_1099SV_FAIL,Z10 : 1099SV failure (Shutdown valve),ROOT_CAUSE_CANDIDATE,150,9,6,17,548,32.24,0,61.64,1.82
3GT,TAM17,P1_CMD_TL,Z3  : CMD Top Left (304CL),ROOT_CAUSE_CANDIDATE,274,11,4.015,21,546,26,66.67,140.66,2.38
FLEX,TAM31,[00G3_K022]Program:EM0522_Good_Robot.ALMD_K001CTL_Guard_Open,EM0522 Good Robot Error: Safety Guard Open,DOOR_OR_GUARD|OPERATOR_INITIATED_FLEX|STOP_ALARM_CANDIDATE|CASCADE_SYMPTOM_CANDIDATE,2771,12,0.433,21,546,26,0,-22.17,2
FLEX,TAM26,[00G3_K042]Program:UN02_Standard.ALMD_02G6_B008GLS,Z02 Guard Door Open =02G6_B008GLS,DOOR_OR_GUARD|OPERATOR_INITIATED_FLEX|STOP_ALARM_CANDIDATE|LONG_DURATION,48,15,31.25,25,544,21.76,24,69.09,2.76
3GT,TAM18,P1_HEMA_ERR,Z4  : Consective Detection HEMARing,ROOT_CAUSE_CANDIDATE,270,19,7.037,28,542,19.36,42.86,83.83,2
3GT,TAM02,P1_SHINGLE_DET3,Z4  : FC shingle detect at 411PHS_3,ROOT_CAUSE_CANDIDATE,315,17,5.397,21,538,25.62,38.1,60.08,2.14
3GT,TAM07,P2_510SHINGLE,Z5B : Shingle P.P. (510PHS),UNCLASSIFIED,128,8,6.25,12,535,44.58,16.67,34.14,1.17
3GT,TAM17,P3_862PHS_MISS,Z8  : 862PHS Carton missing (Check jam or sensor),STOP_ALARM_CANDIDATE,78,5,6.41,11,535,48.64,0,30.22,2
3GT,TAM07,P7_CMD_FOIL_REJ,Z5B : Consecutive foil reject,ROOT_CAUSE_CANDIDATE,207,17,8.213,32,534,16.69,3.12,59.64,1.91
3GT,TAM07,P7_510VAC_ERR,Z5B : 510VAC array xfer vacuum fault,ROOT_CAUSE_CANDIDATE,380,21,5.526,33,530,16.06,27.27,101.18,1.88
3GT,TAM06,P3_CM3_OCV_FAIL,Z8  : Camera3 3 consecutive OCV failure,UNCLASSIFIED,1034,13,1.257,22,520,23.64,0,78.67,1
3GT,TAM10,P8_1001PRS_MISS,Z10 : Sleeve hopper is empty,UNCLASSIFIED,101,4,3.96,9,520,57.78,0,64.71,1
3GT,TAM07,P3_HMI1_ComlLoss,Z8  : Unable to Communicate with HMI #1,NUISANCE_CHATTER_CANDIDATE,527,6,1.139,11,513,46.64,0,123.16,1
3GT,TAM02,P1_403CL_ERR_2,Z4  : 403CL Fail to RETRACT (FC xfer inlet),ROOT_CAUSE_CANDIDATE,108,19,17.593,26,508,19.54,34.62,60.14,2.27
3GT,TAM21,L21_P2_0427PRS.Alarm1,Z04B : 427PRS Sensor fail to be on,UNCLASSIFIED,5,1,20,2,507,253.5,0,97.49,1
3GT,TAM18,P7_PULL_CODE,PLC7: Emergency stop pull cord pulled,STOP_ALARM_CANDIDATE|LONG_DURATION,5,2,40,12,503,41.92,16.67,60.64,2.17
3GT,TAM01,P3_ZSTOP_AJ_Z07_1,Z6  : Zone stop caused by adjacent zone7,STOP_ALARM_CANDIDATE|LONG_DURATION,73,6,8.219,6,503,83.83,83.33,79.04,2.83
FLEX,TAM27,[00G3_K022]Program:EM0901_PP_IMM_Xfer.ALMD_RBT1_Door_Open,EM0901 PP Carry Over Robot Error: Door Open,DOOR_OR_GUARD|OPERATOR_INITIATED_FLEX|STOP_ALARM_CANDIDATE|CASCADE_SYMPTOM_CANDIDATE|LONG_DURATION,234,25,10.684,28,502,17.93,0,75.71,2
3GT,TAM07,P0_O2_LEVEL_ERR,Z2B : Zone02B O2 Level reached alarm level,UNCLASSIFIED,79,10,12.658,15,502,33.47,6.67,30.85,1.07
3GT,TAM02,P1_427PRS_FAIL1,Z4  : 427PRS fail to be ON,UNCLASSIFIED,42,6,14.286,7,501,71.57,57.14,74.37,1.57
3GT,TAM01,P1_FC_VRIFY_ERR,Z4  : FC detected on the stage (FC verify),ROOT_CAUSE_CANDIDATE,157,13,8.28,17,500,29.41,41.18,99.84,2
3GT,TAM01,P17_Foil_WebGuide_Z05C_RunAlm_2,Z05C: Web Guide - Upstream misalignment detected,CONFIRMED_RUN_ALARM_BY_NAME|CASCADE_SYMPTOM_CANDIDATE,23315,15,0.064,26,498,19.15,26.92,88.87,1
3GT,TAM07,P7_Foil_WebGuide_Z05C_RunAlm_10,Z05C: Web Guide Sensor 1 - Low contrast Edge detected,CONFIRMED_RUN_ALARM_BY_NAME|NUISANCE_CHATTER_CANDIDATE|CASCADE_SYMPTOM_CANDIDATE,21129,18,0.085,30,496,16.53,16.67,55.68,1
3GT,TAM02,P0_IVEK_Fault,Z2B : IVEK FAULT (Monomer dosing),ROOT_CAUSE_CANDIDATE|LONG_DURATION,63,8,12.698,11,496,45.09,27.27,109.81,1.73
FLEX,TAM28,[00G3_K502]Program:EM06G4_Operator_Interface.ALMD_Z05_PBL_Actuated,Zone05 ZONE STOP PB,STOP_ALARM_CANDIDATE|CASCADE_SYMPTOM_CANDIDATE,1846,4,0.217,4,496,124,100,34.83,2.75
3GT,TAM18,P0_Zone02B_NoMove,Z2B : Zone02B not moving...,ROOT_CAUSE_CANDIDATE,189,25,13.228,40,495,12.38,0,78.03,1.57
3GT,TAM22,L22_ST_Z07_Alarms.Z8Stop,Zone 8 Stop,CASCADE_SYMPTOM_CANDIDATE,1882,2,0.106,3,494,164.67,0,-1.88,1
3GT,TAM20,P3_1001BCR_TO,Z10 : 1001BCR Communication time out failure,STOP_ALARM_CANDIDATE,195,15,7.692,27,493,18.26,0,155.67,2
3GT,TAM01,P0_230CL_ERR_1,Z2B : 230CL Fail to EXTEND  (Prec xfer U/D),ROOT_CAUSE_CANDIDATE,53,12,22.642,20,493,24.65,10,57.49,1.85
FLEX,TAM25,[00G3_K042]Program:UN02_Standard.ALMD_02G6_B008GLS,Z02 Guard Door Open =02G6_B008GLS,DOOR_OR_GUARD|OPERATOR_INITIATED_FLEX|STOP_ALARM_CANDIDATE|LONG_DURATION,41,9,21.951,13,492,37.85,30.77,75.91,2.77
3GT,TAM05,P2_54PS_ERROR,Z5AB : 54PS Air pressure low,LONG_DURATION,90,13,14.444,21,491,23.38,23.81,55.36,1.24
3GT,TAM07,P1_CMD_FAIL,Z3  : Consecutive miss demold (->Chk FINGER),ROOT_CAUSE_CANDIDATE,199,11,5.528,25,490,19.6,44,153.47,1.84
3GT,TAM20,P2_21IDC_FAULT,"PLC2: IDC to 511,512,513,514 disconnect",UNCLASSIFIED,890,24,2.697,36,487,13.53,44.44,147.12,1.44
3GT,TAM02,P2_515PRS_ON_ER,Z5B : 515PRS Puck not detect,ROOT_CAUSE_CANDIDATE,61,5,8.197,10,487,48.7,10,70.96,2
FLEX,TAM31,[00G3_K042]Program:UN01_Standard.ALMD_01G6_B001GLS,Z01 Guard Door Open  =01G6+MA-B001GLS,DOOR_OR_GUARD|OPERATOR_INITIATED_FLEX|STOP_ALARM_CANDIDATE|LONG_DURATION,4,2,50,4,485,121.25,25,43.32,3
3GT,TAM22,L22_P1_Z02B_Warning.BC_PickUp_Fail_Left,Z02B : BC pick up fail left side,WARNING|CASCADE_SYMPTOM_CANDIDATE,2175,1,0.046,1,483,483,0,-1.51,1
3GT,TAM21,L21_P1_Z02A_Warning.BypassLotChange,Z02A : IMM bypass due to Lot change,WARNING|LONG_DURATION,94,18,19.149,22,476,21.64,77.27,89.2,1.77
3GT,TAM02,P1_409PHSOF_ERR,Z4  : 409PHS still ON (should be OFF),UNCLASSIFIED,15,1,6.667,1,476,476,100,72.57,2
FLEX,TAM24,[00G3_K042]Program:UN05_Standard.ALMD_05G6_B001GLS,Z05 Guard Door Open =05G6_B001GLS,DOOR_OR_GUARD|OPERATOR_INITIATED_FLEX|STOP_ALARM_CANDIDATE|CASCADE_SYMPTOM_CANDIDATE,574,39,6.794,39,475,12.18,100,0.4,3
3GT,TAM09,P0_21PS_ERROR,Z2  : 21PS Air pressure Low,CASCADE_SYMPTOM_CANDIDATE,691,4,0.579,8,474,59.25,25,97.42,1.12
3GT,TAM23,L23_LotStart_MoldMismatch.HMI01,[LotStart] Mold Mismatch: Mold Mismatch~Call engineer if error is not resolved by retry or start next lot,UNCLASSIFIED,105,18,17.143,37,473,12.78,0,109.01,1
3GT,TAM02,P3_807PHS2_MISS,Z8  : 807PHS-2 Array missing (Check jam or sensor),STOP_ALARM_CANDIDATE|ROOT_CAUSE_CANDIDATE,381,24,6.299,45,472,10.49,0,111.76,2.49
3GT,TAM21,L21_P1_Z02B_Alarm.StripperPlateError,Z02B : Stripper plate is not closed,UNCLASSIFIED,65,6,9.231,8,472,59,50,83.76,1.5
FLEX,TAM28,[00G3_K042]Program:UN03_Standard.ALMD_03G6_B002GLS,Z03 Guard Door Open =03G6_B002GLS,DOOR_OR_GUARD|OPERATOR_INITIATED_FLEX|STOP_ALARM_CANDIDATE|CASCADE_SYMPTOM_CANDIDATE,208,15,7.212,25,471,18.84,80,60.73,2.8
3GT,TAM09,P1_CMD_TR,Z3  : CMD Top Right (303CL),ROOT_CAUSE_CANDIDATE,302,14,4.636,24,470,19.58,83.33,120.8,2.42
3GT,TAM05,P0_225PRS_FAIL,Z2B : 225PRS Fail,UNCLASSIFIED,6,1,16.667,4,469,117.25,0,80.83,1
FLEX,TAM29,[00G3_K502]Program:EM10G4_Operator_Interface.ALMD_S501PBL_Actuated,EM10G4 S501PBL ZONE STOP PB1,STOP_ALARM_CANDIDATE|ROOT_CAUSE_CANDIDATE,378,16,4.233,32,468,14.62,0,28.98,2.75
3GT,TAM07,P3_861PHS_MISS,Z8  : 861PHS Array missing (Check jam or sensor),STOP_ALARM_CANDIDATE|ROOT_CAUSE_CANDIDATE,168,10,5.952,22,467,21.23,0,128.7,2.41
3GT,TAM10,P1_CMD_TR,Z3  : CMD Top Right (303CL),UNCLASSIFIED,195,8,4.103,23,465,20.22,34.78,103.89,1.35
3GT,TAM23,L23_P4_0607PHS_01.Alarm1,Z06 : 607PHS-1 3 consecutive array missing,UNCLASSIFIED,13,4,30.769,11,464,42.18,27.27,71.86,1.27
3GT,TAM01,P7_PULL_CODE,PLC7: Emergency stop pull cord pulled,STOP_ALARM_CANDIDATE|LONG_DURATION,21,6,28.571,14,463,33.07,14.29,145.98,2.14
3GT,TAM06,P2_STICK_DI_REM,Z5B : DI removal sticking (549PHS),ROOT_CAUSE_CANDIDATE,305,7,2.295,12,463,38.58,8.33,58.66,2
3GT,TAM05,P3_620PHS_UKNOW,Z6  : 620PHS Tray jam or sensor fail (Remain),STOP_ALARM_CANDIDATE|CASCADE_SYMPTOM_CANDIDATE,419,17,4.057,26,461,17.73,19.23,104.75,1.73
FLEX,TAM24,[00G3_K042]Program:UN03_Standard.ALMD_03G6_B004GLS,Z03 Guard Door Open =03G6_B004GLS,DOOR_OR_GUARD|OPERATOR_INITIATED_FLEX|STOP_ALARM_CANDIDATE|CASCADE_SYMPTOM_CANDIDATE,1017,29,2.852,56,460,8.21,100,138.77,3
FLEX,TAM25,[00G3_K002]Program:EM0312_Demold.ALMD_00G7_M003SV_Not_Ready,EM0312 Z02/Z03 SV Not Ready (EM00G7-M003SV),STOP_ALARM_CANDIDATE|CASCADE_SYMPTOM_CANDIDATE,1971,14,0.71,14,460,32.86,92.86,93.11,2.57
3GT,TAM10,P0_CUE_DOOR_OPN,Z2B : Cure Enclosure door opened,DOOR_OR_GUARD|POSSIBLE_OPERATOR_ACCESS_LEGACY|STOP_ALARM_CANDIDATE|LONG_DURATION,11,2,18.182,10,460,46,10,32.3,3
3GT,TAM23,L23_P4_0615PHS.Alarm2,Z06 : 615PHS Tray jam or sensor fail (Missing),STOP_ALARM_CANDIDATE|LONG_DURATION,16,9,56.25,15,459,30.6,33.33,175.73,2.33
3GT,TAM02,P0_LOT_MISMATCH,Z2A : Mold information mismatch (middle of lot),ROOT_CAUSE_CANDIDATE|LONG_DURATION,209,22,10.526,34,458,13.47,41.18,38.17,2.41
3GT,TAM21,L21_P1_Z02A_Warning.BypassSwitch,Z02A : IMM bypass due to bypass switch enabled,WARNING|LONG_DURATION,14,5,35.714,7,458,65.43,57.14,45.44,1.57
FLEX,TAM27,[00G3_K042]Program:UN05_Standard.ALMD_05G6_B001GLS,Z05 Guard Door Open =05G6_B001GLS,DOOR_OR_GUARD|OPERATOR_INITIATED_FLEX|STOP_ALARM_CANDIDATE|CASCADE_SYMPTOM_CANDIDATE,466,23,4.936,32,457,14.28,40.62,75.72,2.41
3GT,TAM06,P3_861PHS_MISS,Z8  : 861PHS Array missing (Check jam or sensor),STOP_ALARM_CANDIDATE|ROOT_CAUSE_CANDIDATE,454,19,4.185,31,456,14.71,0,120.34,2.45
FLEX,TAM25,[00G3_K042]Program:UN05_Standard.ALMD_05G6_B008GLS,Z05 Under Guard Door Open =05G6_B008GLS,DOOR_OR_GUARD|OPERATOR_INITIATED_FLEX|STOP_ALARM_CANDIDATE,54,10,18.519,15,453,30.2,46.67,74.13,2.93
3GT,TAM07,P3_617CL_ERR_1,Z6  : 617CL Fail to extend (Stacked tray holder),UNCLASSIFIED,220,7,3.182,10,450,45,50,109.32,1.5
FLEX,TAM28,[00G3_K002]Program:EM02G4_Operator_Interface.ALMD_S002PBL_Actuated,EM02G4 S002PBL ZONE STOP #2,STOP_ALARM_CANDIDATE|ROOT_CAUSE_CANDIDATE,119,14,11.765,32,448,14,0,64.99,2.59
3GT,TAM05,P2_robot_err,Z5A : Mitsubishi robot error,LONG_DURATION,99,9,9.091,13,448,34.46,38.46,-8.63,1.38
3GT,TAM07,P0_213SRV_ERR_7,Z2B : 213SRV Lag error      (Deposition),UNCLASSIFIED,65,6,9.231,12,447,37.25,16.67,51.13,1.17
3GT,TAM22,L22_P3_Z05B_Warning.InspectionNG_Cmr2,Z05B : Inspection NG Camera2,WARNING|CASCADE_SYMPTOM_CANDIDATE,2751,9,0.327,9,447,49.67,100,96.36,1.67
FLEX,TAM25,[00G3_K022]Program:EM0901_PP_IMM_Xfer.ALMD_RBT1_Door_Open,EM0901 PP Carry Over Robot Error: Door Open,DOOR_OR_GUARD|OPERATOR_INITIATED_FLEX|STOP_ALARM_CANDIDATE|LONG_DURATION,61,3,4.918,8,446,55.75,0,74.99,2.88
FLEX,TAM24,[04G3_K002]Program:EM0422_Tower1_Extraction.ALMD_Ext_Flow_NotDetected,EM0422 Tower #1 Extraction flow not detect,ROOT_CAUSE_CANDIDATE,752,12,1.596,17,443,26.06,0,78.04,1.65
FLEX,TAM27,[00G3_K042]Program:UN05_Standard.ALMD_05G6_B002GLS,Z05 Guard Door Open =05G6_B002GLS,DOOR_OR_GUARD|OPERATOR_INITIATED_FLEX|STOP_ALARM_CANDIDATE|CASCADE_SYMPTOM_CANDIDATE,582,30,5.155,33,442,13.39,54.55,39.53,2.55
3GT,TAM02,P6_JAM_4013PRS,Z4B : 4009CL fail to transfer to 4013PRS,UNCLASSIFIED,222,20,9.009,32,442,13.81,37.5,132.71,1.38
3GT,TAM01,P0_228CL_ERR_2,Z2B : 228CL Fail to RETRACT (Shutter@prec),CASCADE_SYMPTOM_CANDIDATE,242,7,2.893,15,440,29.33,33.33,88.17,1.33
FLEX,TAM28,[00G3_K002]Program:EM0255_2nd_Corner_Inlet.ALMD_T001SVP_Driver_Fault,EM0255 T001SVP 2nd Corner Inlet Pusher Driver fault,STOP_ALARM_CANDIDATE,9,1,11.111,2,440,220,0,63.84,2
FLEX,TAM27,[00G3_K502]Program:EM10G4_Operator_Interface.ALMD_S504PBL_Actuated,EM10G4 S504PBL ZONE STOP PB4,STOP_ALARM_CANDIDATE|ROOT_CAUSE_CANDIDATE|LONG_DURATION,62,3,4.839,3,439,146.33,0,192.6,2
FLEX,TAM27,[00G3_K042]Program:UN05_Standard.ALMD_05G6_B005GLS,Z05 Guard Door Open =05G6_B005GLS,DOOR_OR_GUARD|OPERATOR_INITIATED_FLEX|STOP_ALARM_CANDIDATE|CASCADE_SYMPTOM_CANDIDATE,515,15,2.913,17,436,25.65,70.59,56.82,2.71
FLEX,TAM26,[00G3_K002]Program:EM0232_Monomer_DosePump.ALMD_M003MTR_NotReady,EM0232 M003MTR Motor Not Ready,STOP_ALARM_CANDIDATE,24,1,4.167,1,433,433,0,-3.66,2
FLEX,TAM25,[00G3_K002]Program:EM0352_Return_Buffer_Outlet.ALMD_T001SVP_Stop_Adjacent_Door_Open,EM0352 T001SVP Stopped (Adjacent Door Opened),DOOR_OR_GUARD|OPERATOR_INITIATED_FLEX|STOP_ALARM_CANDIDATE,29,6,20.69,10,429,42.9,0,81.34,2.8
3GT,TAM18,P1_SHINGLE_DET1,Z4  : FC shingle detect at 411PHS_1,ROOT_CAUSE_CANDIDATE,274,19,6.934,24,427,17.79,33.33,106,2.08
3GT,TAM06,P7_Foil_WebGuide_Z05C_RunAlm_2,Z05C: Web Guide - Upstream misalignment detected,CONFIRMED_RUN_ALARM_BY_NAME,1781,9,0.505,13,427,32.85,46.15,85.66,1
3GT,TAM22,L22_P4_0807PHS_02.Alarm1,Z08 : 807PHS-2 Array missing (Check jam or sensor),STOP_ALARM_CANDIDATE,16,3,18.75,6,427,71.17,0,155.27,2
3GT,TAM10,P1_405PRS_FAIL,Z4  : 405PRS Sensor fail,UNCLASSIFIED,48,6,12.5,11,424,38.55,9.09,53.22,1.09
FLEX,TAM28,[00G3_K042]Program:UN01_Standard.ALMD_0110_K005_K008CTL_HI,Z01 FC/BC IMM ADVANTAGE Water High Temp,LONG_DURATION,18,1,5.556,2,424,212,50,32.28,1.5
3GT,TAM21,L21_P3_Z05B_Alarm.Seal_Press_Error,Z05B : DI removal seal pressure out of range,CASCADE_SYMPTOM_CANDIDATE,429,23,5.361,23,423,18.39,86.96,9.95,1.87
FLEX,TAM31,[00G3_K003]Program:EM0332_FC_Transfer.ALMD_K001CTL_Estop_ON,EM0332 FC Transfer Robot Error: E-stop Condition,STOP_ALARM_CANDIDATE|LONG_DURATION,1,1,100,8,422,52.75,0,91.17,2
3GT,TAM23,L23_P4_1019CL.stat.Fte,P4_1019CL Fail to Extend,UNCLASSIFIED,188,14,7.447,26,421,16.19,0,113.76,1
3GT,TAM07,P2_527PHS2_ON_ER,Z5B : 527PHS-2 still OFF,UNCLASSIFIED,272,7,2.574,10,421,42.1,20,99.07,1.2
3GT,TAM01,P2_518PRS_ON_ER,Z5B : 518PRS Puck not detect,UNCLASSIFIED,4,1,25,1,421,421,100,5.77,2
3GT,TAM02,P3_CMS_NOT_RDY,Z8  : Laser marker is not ready,STOP_ALARM_CANDIDATE,61,4,6.557,8,420,52.5,0,10.94,2
FLEX,TAM28,[00G3_K002]Program:EM0285_Cooling_Walking_Beam.ALMD_Adjacent_Door_Open,EM0285 Adjacent Door Open,DOOR_OR_GUARD|OPERATOR_INITIATED_FLEX|STOP_ALARM_CANDIDATE|CASCADE_SYMPTOM_CANDIDATE,812,14,1.724,21,419,19.95,0,68.07,2
3GT,TAM21,L21_P1_0219SRV.Driver_Fault,P1_0219SRV Driver Axis Fault,UNCLASSIFIED,26,2,7.692,4,418,104.5,0,153.34,1
3GT,TAM10,P1_400_1MIS_ERR,Z4  : 3 Consective Detection 400ID1 Data Mismatch,UNCLASSIFIED,58,6,10.345,10,417,41.7,20,66.26,1.2
3GT,TAM02,P7_534PRS_ON_ER,Z5B : 534PRS Retainer not detect,LONG_DURATION,51,6,11.765,7,417,59.57,14.29,49.23,1.14
FLEX,TAM31,[04G3_K002]Program:EM04G4_Operator_Interface.ALMD_S001PBL_Actuated,EM04G4 S001PBL ZONE STOP1,STOP_ALARM_CANDIDATE|ROOT_CAUSE_CANDIDATE,69,12,17.391,24,416,17.33,0,11.28,2.58
3GT,TAM09,P0_RBT_GNRL_ERR,Z2A : Mitsubishi robot error (Check Robot controler),CASCADE_SYMPTOM_CANDIDATE|LONG_DURATION,314,2,0.637,3,414,138,66.67,-14.41,1.67
3GT,TAM20,P3_1002BCR_NR,Z10 : 1002BCR No read failure (Case ID),UNCLASSIFIED,839,18,2.145,36,413,11.47,0,93.42,1
3GT,TAM07,P6_REDOSE_ALMT1,Z4B : Tower 1 IPA Processing Dose Alarm,LONG_DURATION,144,5,3.472,10,410,41,30,85.7,1.3
3GT,TAM01,P17_Foil_EdgeGuide_ALM_8,Z05C: PLC17 515ACT In Emergency Stop State,STOP_ALARM_CANDIDATE|CASCADE_SYMPTOM_CANDIDATE,354,8,2.26,10,409,40.9,30,86.5,1.9
3GT,TAM06,P3_1001PRS_MISS,Z10 : Sleeve hopper is empty,ROOT_CAUSE_CANDIDATE,159,5,3.145,8,408,51,0,33.97,1.88
3GT,TAM01,P2_52PS_ERROR_Z6,Z5B6: 52PS Air pressure low (Zone5B/6),UNCLASSIFIED,32,2,6.25,2,408,204,100,48.1,2
3GT,TAM09,P1_CMD_TL,Z3  : CMD Top Left (304CL),ROOT_CAUSE_CANDIDATE,301,25,8.306,45,407,9.04,68.89,130.55,2.09
3GT,TAM07,P0_Z2_210SRV_GrdOpen,Z02B: 210SRV Guard Open,DOOR_OR_GUARD|POSSIBLE_OPERATOR_ACCESS_LEGACY|STOP_ALARM_CANDIDATE|NUISANCE_CHATTER_CANDIDATE,303,8,2.64,17,406,23.88,35.29,71.18,2.06
3GT,TAM18,P1_405PRS_FAIL,Z4  : 405PRS Sensor fail,UNCLASSIFIED,11,4,36.364,4,406,101.5,75,58.93,1.75
FLEX,TAM30,[00G3_K502]Program:EM1062_Carton_Case_Xfer_Robot.ALMD_K501CTL_Guard_Open,EM1062 Robot Error: Safety Guard Open,DOOR_OR_GUARD|OPERATOR_INITIATED_FLEX|STOP_ALARM_CANDIDATE|CASCADE_SYMPTOM_CANDIDATE,986,8,0.811,14,405,28.93,0,112.44,2
FLEX,TAM31,[00G3_K022]Program:EM0564_Foil_Feed_Die_Cut.ALMD_T001SVP_Driver_Fault,EM0564 T001SVP Foil Feed  #2 Driver fault,STOP_ALARM_CANDIDATE|ROOT_CAUSE_CANDIDATE,93,13,13.978,28,404,14.43,0,73.9,2.96
3GT,TAM01,P6_4020CL_ERR_1,Z4B : 4020CL Fail to Extend,ROOT_CAUSE_CANDIDATE,72,14,19.444,22,404,18.36,22.73,80.18,2
FLEX,TAM24,[00G3_K042]Program:UN01_Standard.ALMD_01G6_B001GLS,Z01 Guard Door Open  =01G6+MA-B001GLS,DOOR_OR_GUARD|OPERATOR_INITIATED_FLEX|STOP_ALARM_CANDIDATE|LONG_DURATION,19,2,10.526,2,404,202,50,74.14,3
FLEX,TAM25,[04G3_K002]Program:EM04G4_Operator_Interface.ALMD_S001PBL_Actuated,EM04G4 S001PBL ZONE STOP1,STOP_ALARM_CANDIDATE|ROOT_CAUSE_CANDIDATE|LONG_DURATION,125,19,15.2,26,401,15.42,0,1.44,2.5
3GT,TAM06,P1_CMD_TR,Z3  : CMD Top Right (303CL),ROOT_CAUSE_CANDIDATE,195,10,5.128,21,400,19.05,9.52,106.1,1.86
FLEX,TAM31,[00G3_K042]Program:UN03_Standard.ALMD_03G6_B004GLS,Z03 Guard Door Open =03G6_B004GLS,DOOR_OR_GUARD|OPERATOR_INITIATED_FLEX|STOP_ALARM_CANDIDATE|CASCADE_SYMPTOM_CANDIDATE,1047,18,1.719,34,399,11.74,70.59,147.87,2.71
3GT,TAM02,P1_FC_VRIFY_ERR,Z4  : FC detected on the stage (FC verify),ROOT_CAUSE_CANDIDATE,281,17,6.05,25,398,15.92,28,73.61,1.92
3GT,TAM21,L21_P3_Z05B_Warning.DI_3LTank_Flow_Lo,Z05B : DI 3L Tank flow low level,WARNING|CASCADE_SYMPTOM_CANDIDATE,4481,17,0.379,18,398,22.11,88.89,118.11,1.44
3GT,TAM20,P3_HOPPER_EMPTY,Z8  : 854PRS Carton hopper is empty,LONG_DURATION,170,7,4.118,10,397,39.7,0,124.07,1
3GT,TAM02,P2_514ID_NOREAD,Z5B : 514IDR no read,ROOT_CAUSE_CANDIDATE,189,16,8.466,23,396,17.22,17.39,84.75,1.91
FLEX,TAM28,[04G3_K002]Program:EM0415_Elevator2.ALMD_T002SVP_Driver_Fault,EM0415 T002SVP Elevator #2 Stage pusher Driver fault,STOP_ALARM_CANDIDATE,23,1,4.348,4,396,99,0,20.16,2
3GT,TAM10,P1_CMD_TL,Z3  : CMD Top Left (304CL),UNCLASSIFIED,461,11,2.386,20,394,19.7,25,102.75,1.25
3GT,TAM01,P17_Foil_EdgeGuide_ALM_10,Z05C: PLC17 515ACT Not Ready,STOP_ALARM_CANDIDATE|CASCADE_SYMPTOM_CANDIDATE|LONG_DURATION,404,8,1.98,10,394,39.4,40,48.97,2.3
FLEX,TAM28,[00G3_K502]Program:EM10G4_Operator_Interface.ALMD_S501PBL_Actuated,EM10G4 S501PBL ZONE STOP PB1,STOP_ALARM_CANDIDATE|ROOT_CAUSE_CANDIDATE,241,5,2.075,12,393,32.75,0,60.76,2.83
FLEX,TAM29,[00G3_K022]Program:EM0562_Foil_Feed_Laser_Marker.ALMD_LaserNotReady,EM0562 K001CTL: Laser Not Ready,STOP_ALARM_CANDIDATE|ROOT_CAUSE_CANDIDATE,137,2,1.46,12,393,32.75,0,50.91,3
3GT,TAM17,P7_PULL_CODE,PLC7: Emergency stop pull cord pulled,STOP_ALARM_CANDIDATE|LONG_DURATION,22,3,13.636,9,393,43.67,11.11,52.27,2.11
3GT,TAM09,P0_Zone02B_NoMove,Z2B : Zone02B not moving...,ROOT_CAUSE_CANDIDATE,114,15,13.158,20,392,19.6,45,19.68,2.3
3GT,TAM01,P3_80SV_FAIL,Z8  : 80SV Shutdown valve failure,CASCADE_SYMPTOM_CANDIDATE,1632,2,0.123,5,391,78.2,0,19.72,1
3GT,TAM22,L22_P3_Z05B_Alarm.Cam2EdgeNotFound,Z05B : Camera2 Consecutive Edge Not Found,UNCLASSIFIED,59,9,15.254,17,389,22.88,29.41,5.95,1.29
3GT,TAM20,P0_LOT_MISMATCH,Z2A : Mold information mismatch (middle of lot),ROOT_CAUSE_CANDIDATE|LONG_DURATION,259,21,8.108,35,387,11.06,42.86,55.47,2.37
3GT,TAM09,P2_STICK_DI_REM,Z5B : DI removal sticking (549PHS),CASCADE_SYMPTOM_CANDIDATE,140,1,0.714,1,386,386,100,160.44,1
3GT,TAM06,P3_851PRS_OVRLD,Z8  : 851PRS Array insert overload (Remove array),ROOT_CAUSE_CANDIDATE,231,3,1.299,8,385,48.12,0,84.4,1.5
FLEX,TAM28,[00G3_K042]Program:UN05_Standard.ALMD_05G6_B004GLS,Z05 Guard Door Open =05G6_B004GLS,DOOR_OR_GUARD|OPERATOR_INITIATED_FLEX|STOP_ALARM_CANDIDATE|CASCADE_SYMPTOM_CANDIDATE,721,18,2.497,29,384,13.24,20.69,55.5,2.21
3GT,TAM02,P2_523PRS_ON_ER,Z5B : 523PRS Puck not detect,ROOT_CAUSE_CANDIDATE,106,7,6.604,17,381,22.41,23.53,81.4,2
3GT,TAM06,P6_VFD2PS_ERR,Z4B: 4122MTR VFD2 OFF - Check 4013PS or 4014PS ON,UNCLASSIFIED,156,10,6.41,18,379,21.06,33.33,103.86,1.33
FLEX,TAM27,[00G3_K002]Program:EM02G4_Operator_Interface.ALMD_S002PBL_Actuated,EM02G4 S002PBL ZONE STOP #2,STOP_ALARM_CANDIDATE|ROOT_CAUSE_CANDIDATE|LONG_DURATION,113,16,14.159,34,378,11.12,0,113.89,2.5
3GT,TAM05,P7_Foil_WebGuide_Z05C_RunAlm_2,Z05C: Web Guide - Upstream misalignment detected,CONFIRMED_RUN_ALARM_BY_NAME|CASCADE_SYMPTOM_CANDIDATE,18080,19,0.105,19,377,19.84,100,23.17,1
3GT,TAM07,P0_StripperPlate_Error,Z2B : Stripper Plate Error - Check 200PRS,LONG_DURATION,13,1,7.692,1,376,376,0,-22.14,1
FLEX,TAM29,[00G3_K042]Program:UN05_Standard.ALMD_05G6_B003GLS,Z05 Guard Door Open =05G6_B003GLS,DOOR_OR_GUARD|OPERATOR_INITIATED_FLEX|STOP_ALARM_CANDIDATE|CASCADE_SYMPTOM_CANDIDATE,666,20,3.003,20,373,18.65,100,32.25,3
3GT,TAM17,P3_ZSTOP_AJ_Z07_1,Z6  : Zone stop caused by adjacent zone7,STOP_ALARM_CANDIDATE|LONG_DURATION,37,2,5.405,2,372,186,100,200.18,3
3GT,TAM17,P3_861PHS_MISS,Z8  : 861PHS Array missing (Check jam or sensor),STOP_ALARM_CANDIDATE|ROOT_CAUSE_CANDIDATE,436,17,3.899,27,371,13.74,0,112.55,2.59
FLEX,TAM29,[04G3_K002]Program:EM0485_ReturnCV.ALMD_CV_Guard_Opened,EM0485 Return C/V Guard opened,DOOR_OR_GUARD|OPERATOR_INITIATED_FLEX|STOP_ALARM_CANDIDATE|LONG_DURATION,7,4,57.143,10,371,37.1,0,43.24,2.9
FLEX,TAM31,[00G3_K003]Program:EM0332_FC_Transfer.ALMD_ROBFC_VAC5_Failure,EM0332 FC Transfer Head Vacuum 5 Failure,ROOT_CAUSE_CANDIDATE,261,6,2.299,16,368,23,0,80.54,1.81
3GT,TAM22,L22_P4_0866PHS.Alarm1,Z08 : 866PHS Carton missing (Check jam or sensor),STOP_ALARM_CANDIDATE,49,5,10.204,11,366,33.27,0,34.74,2
FLEX,TAM28,[00G3_K002]Program:EM03G4_Operator_Interface.ALMD_S001PBL_Actuated,EM03G4 S001PBL ZONE STOP #1,STOP_ALARM_CANDIDATE|CASCADE_SYMPTOM_CANDIDATE,473,1,0.211,4,365,91.25,0,74.81,2
FLEX,TAM29,[09G3_K002]Program:EM0903_Slider_A.ALMD_IMM_A_Not_Running,EM0901 IMM (A) Alarm: IMM (A) Not Running Error,STOP_ALARM_CANDIDATE|ROOT_CAUSE_CANDIDATE|LONG_DURATION,175,14,8,29,364,12.55,0,106.52,2.62
3GT,TAM10,P1_316CL_ERR_2,Z3  : 316CL Fail to RETRACT (Push to Hyd buf),LONG_DURATION,21,2,9.524,3,364,121.33,66.67,47.4,1.67
FLEX,TAM25,[00G3_K002]Program:EM0368_FC_Detection_To_FC_Transfer.ALMD_T001SVP_Driver_Fault,EM0368 T001SVP FC Detect Station to FC Transfer Driver fault,STOP_ALARM_CANDIDATE,2,1,50,1,364,364,0,95.28,2
3GT,TAM06,P1_13IDC_FAULT,"PLC1: IDC to 300,400-1,400-2,401 disconnect",ROOT_CAUSE_CANDIDATE,194,6,3.093,10,363,36.3,0,52.66,1.8
3GT,TAM20,P2_SEAL_PRES_ERR,Z5B : DI removal seal pressure out of range,UNCLASSIFIED,391,15,3.836,18,362,20.11,72.22,63.93,1.72
3GT,TAM05,P7_CMD_FOIL_REJ,Z5B : Consecutive foil reject,UNCLASSIFIED,95,9,9.474,15,362,24.13,6.67,24.8,1.07
3GT,TAM23,L23_P4_Z08_Warning.P4_0851BCR_02_NoRead,Z08 : 851BCR_2(product code) is no reading,WARNING|ROOT_CAUSE_CANDIDATE,116,9,7.759,14,362,25.86,0,59.83,1.79
3GT,TAM22,L22_P1_Z02A_Warning.BypassLotChange,Z02A : IMM bypass due to Lot change,WARNING|LONG_DURATION,97,27,27.835,28,361,12.89,89.29,74.16,1.89
3GT,TAM18,P6_JAM_4027PRS,Z4B : 4012CL fail to transfer to 4027PRS,UNCLASSIFIED,117,13,11.111,17,361,21.24,70.59,83.77,1.71
3GT,TAM01,P0_20PS_ERROR,Z2A : 20PS Air pressure Low,CASCADE_SYMPTOM_CANDIDATE,227,12,5.286,14,358,25.57,78.57,59.64,1.71
FLEX,TAM25,[00G3_K042]Program:UN05_Standard.ALMD_05G6_B002GLS,Z05 Guard Door Open =05G6_B002GLS,DOOR_OR_GUARD|OPERATOR_INITIATED_FLEX|STOP_ALARM_CANDIDATE|CASCADE_SYMPTOM_CANDIDATE,350,25,7.143,25,356,14.24,100,21.51,3
3GT,TAM21,L21_P1_0235CL.stat.Ftr,P1_0235CL Fail to Retract   !! Still pressurised with Perfect Block !!,UNCLASSIFIED,16,4,25,5,356,71.2,0,47.46,1
3GT,TAM23,L23_P4_1001PHS.Alarm2,Z10 : 1001PHS Sensor fail (Still on),UNCLASSIFIED,7,1,14.286,2,356,178,0,237.14,1
FLEX,TAM24,[00G3_K042]Program:UN05_Standard.ALMD_05G6_B002GLS,Z05 Guard Door Open =05G6_B002GLS,DOOR_OR_GUARD|OPERATOR_INITIATED_FLEX|STOP_ALARM_CANDIDATE|CASCADE_SYMPTOM_CANDIDATE,712,45,6.32,45,355,7.89,100,17.41,3
3GT,TAM22,L22_P1_Z01_Warning.IMM_Reject,Z01 : IMM rejecting,WARNING|CASCADE_SYMPTOM_CANDIDATE,319,22,6.897,22,355,16.14,100,88.66,2
3GT,TAM21,L21_P1_0407PHS.Alarm1,Z04A : 407PHS Sensor fail to be off (Remain detect),UNCLASSIFIED,7,2,28.571,3,352,117.33,33.33,84.3,1.33
FLEX,TAM31,[00G3_K042]Program:UN05_Standard.ALMD_05G6_B001GLS,Z05 Guard Door Open =05G6_B001GLS,DOOR_OR_GUARD|OPERATOR_INITIATED_FLEX|STOP_ALARM_CANDIDATE|CASCADE_SYMPTOM_CANDIDATE,377,19,5.04,19,351,18.47,100,31.22,3
3GT,TAM01,P0_SLAVE_FAIL,PLC0: Profibus slave fail,LONG_DURATION,83,6,7.229,12,350,29.17,16.67,134.7,1.17
3GT,TAM02,P2_519SRV_ERR_7,Z5B : 519SRV Lag error      (ALI),ROOT_CAUSE_CANDIDATE,95,12,12.632,23,349,15.17,8.7,36.82,2.09
3GT,TAM02,P2_523CL_ERR_1,Z5B : 523CL Fail to extend  (Saline inlet),ROOT_CAUSE_CANDIDATE,114,21,18.421,31,348,11.23,29.03,37.94,2.13
3GT,TAM18,P2_514ID_NOREAD,Z5B : 514IDR no read,ROOT_CAUSE_CANDIDATE,93,7,7.527,8,348,43.5,25,27.88,2
FLEX,TAM30,[00G3_K022]Program:EM0564_Foil_Feed_Die_Cut.ALMD_T001SVP_Driver_Fault,EM0564 T001SVP Foil Feed  #2 Driver fault,STOP_ALARM_CANDIDATE|ROOT_CAUSE_CANDIDATE,82,4,4.878,6,346,57.67,0,42.65,2.83
FLEX,TAM25,[00G3_K002]Program:EM0320_Hyd_Buffer_Inlet.ALMD_Cnsec_Hema_Detected,EM0320 Consecutive Hema Ring detected,ROOT_CAUSE_CANDIDATE,232,4,1.724,9,345,38.33,0,80.13,1.89
3GT,TAM22,L22_P1_Global_Alarm.No_Read_Or_Mismatch,PLC1 : FC/BC Mold No read or mismatch,UNCLASSIFIED,22,1,4.545,2,345,172.5,0,-28.81,1
3GT,TAM21,L21_P3_Z05A_Warning.RBT_0500VAC_ERR,Z05A : 500VAC error,WARNING,23,1,4.348,4,344,86,25,177.1,1.25
3GT,TAM22,L22_P4_0864PHS.Alarm1,Z08 : 864PHS Carton missing (Check jam or sensor),STOP_ALARM_CANDIDATE|CASCADE_SYMPTOM_CANDIDATE,118,4,3.39,10,343,34.3,0,86.63,1.6
FLEX,TAM24,[00G3_K042]Program:UN09_Standard.ALMD_09_900GLS4_1,Z09 Guard Magnetic SW Open 900GLS4-1,DOOR_OR_GUARD|OPERATOR_INITIATED_FLEX|STOP_ALARM_CANDIDATE|LONG_DURATION,21,1,4.762,4,343,85.75,0,256.12,2
3GT,TAM21,L21_P2_0420PRS.Alarm1,Z04B : 420PRS Sensor fail to be on,UNCLASSIFIED,74,8,10.811,16,342,21.38,31.25,75.83,1.31
FLEX,TAM28,[00G3_K042]Program:UN05_Standard.ALMD_05G6_B008GLS,Z05 Under Guard Door Open =05G6_B008GLS,DOOR_OR_GUARD|OPERATOR_INITIATED_FLEX|STOP_ALARM_CANDIDATE|ROOT_CAUSE_CANDIDATE|LONG_DURATION,96,12,12.5,22,340,15.45,18.18,47.38,3
3GT,TAM17,P6_JAM_4015PRS,Z4B : 4012CL fail to transfer to 4015PRS,ROOT_CAUSE_CANDIDATE|LONG_DURATION,52,14,26.923,15,339,22.6,93.33,94.33,2.6
3GT,TAM07,P6_4019CL_ERR_2,Z4B : 4019CL Fail to Retract,ROOT_CAUSE_CANDIDATE|LONG_DURATION,62,4,6.452,6,339,56.5,50,72.53,2.33
3GT,TAM23,L23_P4_Z10_Warning.Full_Tray_In_Conveyor,Z10 : Full-Tray is full in conveyor,WARNING|NUISANCE_CHATTER_CANDIDATE,660,12,1.818,17,338,19.88,0,70.21,1
3GT,TAM02,P2_586CL_2_ERR_1,Z5B : 586CL-2 Fail To extend (good/bad),UNCLASSIFIED,126,11,8.73,15,338,22.53,26.67,75.37,1.27
FLEX,TAM29,[00G3_K022]Program:EM0556_Array_Transfer.ALMD_T002SVP_Driver_Fault,EM0556 T002SVP Array Transfer Horizontal Driver fault,STOP_ALARM_CANDIDATE|ROOT_CAUSE_CANDIDATE,231,4,1.732,5,338,67.6,0,34.49,3
3GT,TAM02,P2_STICK_DI_REM,Z5B : DI removal sticking (549PHS),UNCLASSIFIED,143,6,4.196,8,336,42,0,26.36,1
FLEX,TAM29,[00G3_K002]Program:EM0285_Cooling_Walking_Beam.ALMD_Adjacent_Door_Open,EM0285 Adjacent Door Open,DOOR_OR_GUARD|OPERATOR_INITIATED_FLEX|STOP_ALARM_CANDIDATE|CASCADE_SYMPTOM_CANDIDATE,1445,10,0.692,21,332,15.81,0,153.97,2
FLEX,TAM29,[00G3_K042]Program:UN03_Standard.ALMD_03G6_B004GLS,Z03 Guard Door Open =03G6_B004GLS,DOOR_OR_GUARD|OPERATOR_INITIATED_FLEX|STOP_ALARM_CANDIDATE|CASCADE_SYMPTOM_CANDIDATE,1751,21,1.199,32,331,10.34,96.88,136.44,2.97
3GT,TAM05,P1_FC_VRIFY_ERR,Z4  : FC detected on the stage (FC verify),UNCLASSIFIED,46,5,10.87,8,328,41,25,120.53,1.25
3GT,TAM05,P2_519SRV_ERR_5,Z5B : 519SRV Over drive     (ALI),UNCLASSIFIED,26,2,7.692,5,327,65.4,20,89.35,1.2
FLEX,TAM30,[00G3_K042]Program:UN05_Standard.ALMD_05G6_B008GLS,Z05 Under Guard Door Open =05G6_B008GLS,DOOR_OR_GUARD|OPERATOR_INITIATED_FLEX|STOP_ALARM_CANDIDATE,90,9,10,28,326,11.64,28.57,50.65,2.96
3GT,TAM18,P1_SHINGLE_DET2,Z4  : FC shingle detect at 411PHS_2,UNCLASSIFIED,221,10,4.525,16,325,20.31,31.25,84.99,1.31
3GT,TAM10,P1_308PRS_FAIL,Z3  : 308PRS Sensor fail,LONG_DURATION,8,1,12.5,5,325,65,0,40.2,1
3GT,TAM22,L22_P1_0271PRS.Alarm2,Z02B : 271PRS Sensor fail to be off,UNCLASSIFIED,51,3,5.882,5,325,65,0,144.94,1
3GT,TAM18,P7_MMLS_MISSED_LENS1,Z5B: Three Consecutive MMLS Detect after Heatseal,UNCLASSIFIED,19,2,10.526,3,325,108.33,33.33,24.94,1.33
3GT,TAM05,P3_864PHS_MISS,Z8 : 864PHS Carton missing (Check jam or sensor),STOP_ALARM_CANDIDATE|CASCADE_SYMPTOM_CANDIDATE,229,9,3.93,17,324,19.06,0,140.72,1.41
3GT,TAM01,P0_219SRV_ERR_7,Z2B : 219SRV Lag error      (Preheat-ALI),UNCLASSIFIED,24,4,16.667,9,324,36,33.33,78.93,1.33
3GT,TAM02,P0_247PRS_FAIL,Z2B : 247PRS Sensor fail (Plt xfer to pheat),ROOT_CAUSE_CANDIDATE,59,16,27.119,31,322,10.39,6.45,131.72,1.77
3GT,TAM23,L23_P4_Z08_Alarm.chuck_overld,Z08 : 804PRS Chuck overload (remove array),ROOT_CAUSE_CANDIDATE,179,8,4.469,13,322,24.77,0,43.45,1.85
3GT,TAM23,L23_P4_1018PHS.Alarm1,Z10 : 1018PHS Empty-tray jam/sensor fail (Missing),STOP_ALARM_CANDIDATE|ROOT_CAUSE_CANDIDATE,48,7,14.583,9,322,35.78,0,118.16,2.44
3GT,TAM02,P7_511VAC_4_ERR,Z5B : 511vac4 array vaccum fault at 513SRV,UNCLASSIFIED,20,4,20,8,322,40.25,25,35.63,1.25
3GT,TAM18,P6_RTRN_GRD_OPN,Z4B : Return conveyor guard cover opened,DOOR_OR_GUARD|POSSIBLE_OPERATOR_ACCESS_LEGACY|STOP_ALARM_CANDIDATE|LONG_DURATION,61,16,26.23,34,320,9.41,17.65,111.79,2.56
3GT,TAM05,P0_217CL_ERR_1,Z2B : 217CL Fail to EXTEND  (FA Walking bm),LONG_DURATION,12,3,25,8,320,40,37.5,95.01,1.38
3GT,TAM01,P0_LOT_MISMATCH,Z2A : Mold information mismatch (middle of lot),LONG_DURATION,51,17,33.333,26,319,12.27,46.15,107.07,1.46
3GT,TAM22,L22_P2_Z04B_Alarm.Shingle_Detect4,Z04B : FC shingle stage at after FC xfer station. -4th row,UNCLASSIFIED,99,1,1.01,4,318,79.5,0,-44.33,1
3GT,TAM05,P7_511VAC_4_ERR,Z5B : 511vac4 array vaccum fault at 513SRV,UNCLASSIFIED,60,10,16.667,12,317,26.42,25,117.93,1.25
3GT,TAM21,L21_P3_Z05B_Alarm.Cam2RegNG,Z05B : Camera2 Consecutive Registration Error,UNCLASSIFIED,77,6,7.792,12,317,26.42,33.33,26.37,1.33
3GT,TAM10,ST_Z07_Alarm_Z6Stop,Zone 6 Stop,CASCADE_SYMPTOM_CANDIDATE,929,8,0.861,10,317,31.7,60,110.86,1.3
FLEX,TAM29,[00G3_K042]Program:UN05_Standard.ALMD_05G6_B004GLS,Z05 Guard Door Open =05G6_B004GLS,DOOR_OR_GUARD|OPERATOR_INITIATED_FLEX|STOP_ALARM_CANDIDATE|CASCADE_SYMPTOM_CANDIDATE,487,23,4.723,23,316,13.74,100,35.75,3
3GT,TAM07,P0_295SV_FTO,Z2B: 295SV Failed to Open,UNCLASSIFIED,24,2,8.333,6,316,52.67,33.33,82.95,1.33
FLEX,TAM31,[04G3_K002]Program:EM0423_Tank.ALMD_Rep_Flow_NotDetected,EM0423 Replenish flow not detected,ROOT_CAUSE_CANDIDATE,87,2,2.299,4,316,79,0,47.15,2
FLEX,TAM31,[09G3_K002]Program:EM0903_Slider_A.ALMD_IMM_Door_A_Open,Z09 IMM Door A Open =09G6_B005GLS,DOOR_OR_GUARD|OPERATOR_INITIATED_FLEX|STOP_ALARM_CANDIDATE,71,8,11.268,22,315,14.32,0,71.4,2.91
3GT,TAM02,P0_IMM_DT_FAIL,Z2A : IMM set up data out of range,ROOT_CAUSE_CANDIDATE,56,10,17.857,18,315,17.5,5.56,61.36,1.67
FLEX,TAM26,[00G3_K042]Program:UN05_Standard.ALMD_05G6_B003GLS,Z05 Guard Door Open =05G6_B003GLS,DOOR_OR_GUARD|OPERATOR_INITIATED_FLEX|STOP_ALARM_CANDIDATE|CASCADE_SYMPTOM_CANDIDATE,304,18,5.921,18,314,17.44,100,45.04,3
FLEX,TAM26,[00G3_K002]Program:EM0200_Zone.ALMD_IncompleteCycleStop,EM0200 Z02 Incomplete cycle stop,STOP_ALARM_CANDIDATE,90,7,7.778,10,313,31.3,60,63.02,2.6
FLEX,TAM25,[00G3_K002]Program:EM0332_FC_Transfer.ALMD_ROBFC_VAC8_Failure,EM0332 FC Transfer Head Vacuum 8 Failure,ROOT_CAUSE_CANDIDATE,156,1,0.641,3,313,104.33,0,84.52,2
3GT,TAM23,L23_P4_Z10_Warning.Few_EmptyTray_Conv,Z10 : Few empty-tray in conveyor,WARNING|LONG_DURATION,127,11,8.661,20,311,15.55,0,53.05,1
3GT,TAM06,P0_248PRS_FAIL,Z2B: 248PRS Sensor Fail (240CL Fail To Down),UNCLASSIFIED,9,1,11.111,5,311,62.2,20,94.6,1.2
3GT,TAM21,L21_P4_Z08_Alarm.Cam3InspectNG,Z08 : Camera3 3 Consecutive Inspection failure,CASCADE_SYMPTOM_CANDIDATE,442,2,0.452,2,311,155.5,0,96.18,1
3GT,TAM21,L21_P1_Z02A_Warning.NoPalletAtInlay,Z02A : No pallet coming to inlay station,WARNING|CASCADE_SYMPTOM_CANDIDATE,2670,20,0.749,22,310,14.09,54.55,42.25,1.55
3GT,TAM07,P8_1019PHSUKNOW,Z10 : 1019PHS Carton jam (Remove carton),STOP_ALARM_CANDIDATE,90,6,6.667,13,310,23.85,0,107.8,2
3GT,TAM10,P6_SEND_GRD_OPN,Z4B : Send conveyor guard cover opened,DOOR_OR_GUARD|POSSIBLE_OPERATOR_ACCESS_LEGACY|STOP_ALARM_CANDIDATE,56,16,28.571,25,309,12.36,32,133.26,2.6
3GT,TAM20,P3_1019PHSUKNOW,Z10 : 1019PHS Carton jam (Remove carton),STOP_ALARM_CANDIDATE|ROOT_CAUSE_CANDIDATE,77,11,14.286,22,309,14.05,0,105.66,2.59
FLEX,TAM28,[00G3_K002]Program:EM0336_Return_Buffer_Inlet.ALMD_T001SVP_Driver_Fault,EM0336 T001SVP Pallet Return Pusher Driver fault,STOP_ALARM_CANDIDATE|ROOT_CAUSE_CANDIDATE,148,12,8.108,26,308,11.85,0,114.73,2.73
FLEX,TAM27,[00G3_K002]Program:EM02G4_Operator_Interface.ALMD_S001PBL_Actuated,EM02G4 S001PBL ZONE STOP #1,STOP_ALARM_CANDIDATE|LONG_DURATION,72,1,1.389,4,308,77,0,101.54,2
3GT,TAM10,P1_309PRS_FAIL,Z3  : 309PRS Sensor fail,UNCLASSIFIED,18,1,5.556,3,308,102.67,66.67,33.2,1.67
FLEX,TAM31,[00G3_K022]Program:EM0542_Foil_Transfer.ALMD_K001CTL_Guard_Open,EM0542 Foil Transfer Robot Error: Safety Guard Open,DOOR_OR_GUARD|OPERATOR_INITIATED_FLEX|STOP_ALARM_CANDIDATE|CASCADE_SYMPTOM_CANDIDATE,2822,8,0.283,14,306,21.86,0,48.38,2
3GT,TAM06,P0_CURELAMP_ERR02,Z2B : Cure Lamp 1/2 Fail (2DS),LONG_DURATION,5,1,20,4,306,76.5,25,79.79,1.25
3GT,TAM07,P0_229CL_ERR_1,Z2B : 229CL Fail to EXTEND  (Precure weight),UNCLASSIFIED,72,4,5.556,5,305,61,0,-2.01,1
3GT,TAM06,P3_1013PHS_MISS,Z10 : 1013PHS Case jam or sensor fail (Missing),STOP_ALARM_CANDIDATE,94,7,7.447,13,304,23.38,0,54.57,2
3GT,TAM07,P1_307PRS_FAIL,Z3  : 307PRS Sensor fail,LONG_DURATION,6,1,16.667,2,303,151.5,100,80.84,2
FLEX,TAM27,[00G3_K042]Program:UN02_Standard.ALMD_02G6_B003GLS,Z02 Guard Door Open =02G6_B003GLS,DOOR_OR_GUARD|OPERATOR_INITIATED_FLEX|STOP_ALARM_CANDIDATE|LONG_DURATION,44,8,18.182,20,302,15.1,15,97.14,2.6
3GT,TAM10,P0_200CL_ERR_2,Z2A : 200CL Fail to RETRACT (Robot hand),UNCLASSIFIED,27,2,7.407,9,302,33.56,22.22,78.61,1.22
FLEX,TAM31,[00G3_K003]Program:EM0360_LensTransfer_to_FC_Detection.ALMD_B001IDR_ConsIDMismatch,EM0360 B001IDR Consecutive ID Mismatch,ROOT_CAUSE_CANDIDATE,44,4,9.091,7,302,43.14,0,26.08,2
3GT,TAM07,P6_4011CL_ERR_2,Z4B : 4011CL Fail to Retract,LONG_DURATION,19,4,21.053,5,302,60.4,60,37.42,1.6
FLEX,TAM30,[00G3_K042]Program:UN05_Standard.ALMD_05G6_B001GLS,Z05 Guard Door Open =05G6_B001GLS,DOOR_OR_GUARD|OPERATOR_INITIATED_FLEX|STOP_ALARM_CANDIDATE|CASCADE_SYMPTOM_CANDIDATE,333,17,5.105,17,301,17.71,100,-0.85,3
3GT,TAM07,P7_PULL_CODE,PLC7: Emergency stop pull cord pulled,STOP_ALARM_CANDIDATE|LONG_DURATION,4,3,75,14,300,21.43,21.43,103.56,2.21
3GT,TAM18,P2_549PHS_OF_ER,Z5B : 549PHS stuck ON during DI Removal Cycle,ROOT_CAUSE_CANDIDATE,103,14,13.592,18,299,16.61,38.89,117.47,1.83
3GT,TAM05,P2_514LS_OPENED,Z5B : Foil transfer unit opened,LONG_DURATION,47,17,36.17,25,298,11.92,28,1.82,1.28
FLEX,TAM31,[04G3_K022]Program:UN04_Standard.ALMD_04G6_B017GLS,Z04 GUARD DOOR OPEN (=04G6_B017GLS),DOOR_OR_GUARD|OPERATOR_INITIATED_FLEX|STOP_ALARM_CANDIDATE,35,5,14.286,10,298,29.8,20,87.16,2.6
3GT,TAM09,P3_807PHS3_MISS,Z8  : 807PHS-3 Array missing (Check jam or sensor),STOP_ALARM_CANDIDATE,51,2,3.922,9,298,33.11,0,25.03,2
FLEX,TAM25,[04G3_K002]Program:EM0400_Zone.ALMD_IncompleteCycleStop,EM0400 Incomplete cycle stop,STOP_ALARM_CANDIDATE,19,2,10.526,2,297,148.5,0,19.01,2
FLEX,TAM29,[00G3_K042]Program:UN05_Standard.ALMD_05G6_B001GLS,Z05 Guard Door Open =05G6_B001GLS,DOOR_OR_GUARD|OPERATOR_INITIATED_FLEX|STOP_ALARM_CANDIDATE|CASCADE_SYMPTOM_CANDIDATE,352,19,5.398,19,296,15.58,100,20.62,3
3GT,TAM09,P2_CMM_512ID,Z5B : Consecutive 512IDR mismatch,ROOT_CAUSE_CANDIDATE,197,8,4.061,9,296,32.89,66.67,99.18,2.22
3GT,TAM01,P7_Miss_Array,"Z5B : Jam at the walking beam, array missing at 542PRS",STOP_ALARM_CANDIDATE,36,4,11.111,5,294,58.8,60,177.82,2.6
FLEX,TAM30,[00G3_K042]Program:UN02_Standard.ALMD_02G6_B023GLS,Z02 Under Guard Door Open =02G6_B023GLS,DOOR_OR_GUARD|OPERATOR_INITIATED_FLEX|STOP_ALARM_CANDIDATE|LONG_DURATION,9,1,11.111,4,294,73.5,0,0.12,3
3GT,TAM20,P1_CMD_TR,Z3  : CMD Top Right (303CL),ROOT_CAUSE_CANDIDATE,305,19,6.23,31,293,9.45,48.39,120.15,2.1
3GT,TAM22,L22_P4_0861PHS.Alarm1,Z08 : 861PHS Array missing (Check jam or sensor),STOP_ALARM_CANDIDATE|CASCADE_SYMPTOM_CANDIDATE,306,14,4.575,23,292,12.7,0,72.72,1.74
FLEX,TAM24,[04G3_K002]Program:EM04G6_Safety_Units.ALMD_GuardDoor_Opened,EM04G6 Guard door opened,DOOR_OR_GUARD|OPERATOR_INITIATED_FLEX|STOP_ALARM_CANDIDATE|LONG_DURATION,55,7,12.727,14,292,20.86,0,54.39,2.86
3GT,TAM18,P3_CMS_COM_TOUT,Z8  : Laser marker communication time out failure,STOP_ALARM_CANDIDATE,93,12,12.903,16,291,18.19,0,46.93,2
FLEX,TAM25,[00G3_K042]Program:UN03_Standard.ALMD_03G6_B005GLS,Z03 Under Guard Door Open =03G6_B005GLS,DOOR_OR_GUARD|OPERATOR_INITIATED_FLEX|STOP_ALARM_CANDIDATE|LONG_DURATION,8,3,37.5,15,291,19.4,40,24.65,2.8
FLEX,TAM26,[00G3_K002]Program:EM0285_Cooling_Walking_Beam.ALMD_Adjacent_Door_Open,EM0285 Adjacent Door Open,DOOR_OR_GUARD|OPERATOR_INITIATED_FLEX|STOP_ALARM_CANDIDATE|CASCADE_SYMPTOM_CANDIDATE,696,4,0.575,7,291,41.57,0,110.43,2
3GT,TAM09,P6_Z04B_4006CL_stat_Fte,Z04B : 4006CL fail to Extend,LONG_DURATION,27,1,3.704,1,291,291,100,156.89,2
FLEX,TAM29,[09G3_K002]Program:EM0921_PP_Xfer_Robot.ALMD_K001CTL_Guard_Open,EM0921 PP Robot Error: Safety Guard Open,DOOR_OR_GUARD|OPERATOR_INITIATED_FLEX|STOP_ALARM_CANDIDATE|CASCADE_SYMPTOM_CANDIDATE,436,7,1.606,13,290,22.31,0,111.99,2
3GT,TAM07,P0_LOT_MISMATCH,Z2A : Mold information mismatch (middle of lot),ROOT_CAUSE_CANDIDATE|LONG_DURATION,53,6,11.321,9,290,32.22,11.11,180.56,1.44
3GT,TAM20,P1_400SRV_ERR_5,Z4  : 400SRV Over drive     (Hyd buf load),UNCLASSIFIED,2,2,100,3,290,96.67,33.33,69.2,1.33
3GT,TAM02,P2_588CL_ERR_2,Z5B : 588CL-1 Fail To retract(good/bad),UNCLASSIFIED,123,5,4.065,11,289,26.27,18.18,127.77,1.18
FLEX,TAM29,[09G3_K022]Program:UN09_Standard.ALMD_09G6_B001GLS,Z09 Guard Door Open =09G6_B001GLS,DOOR_OR_GUARD|OPERATOR_INITIATED_FLEX|STOP_ALARM_CANDIDATE,89,7,7.865,9,289,32.11,0,78.61,2.78
3GT,TAM01,P0_CRY_VAC_Fail,Z2A : Carry Over Vacuum Failed,UNCLASSIFIED,9,3,33.333,5,289,57.8,20,14.8,1.2
FLEX,TAM28,[00G3_K042]Program:UN05_Standard.ALMD_05G6_B006GLS,Z05 Guard Door Open =05G6_B006GLS,DOOR_OR_GUARD|OPERATOR_INITIATED_FLEX|STOP_ALARM_CANDIDATE|CASCADE_SYMPTOM_CANDIDATE,431,10,2.32,21,287,13.67,28.57,44.11,2.29
3GT,TAM02,P1_PULL_CORD_Z3,PLC1: Emergency stop pull cord pulled,STOP_ALARM_CANDIDATE,2,2,100,3,286,95.33,100,102.1,3
3GT,TAM01,P1_403CL_ERR_2,Z4  : 403CL Fail to RETRACT (FC xfer inlet),ROOT_CAUSE_CANDIDATE,70,11,15.714,23,285,12.39,39.13,115.47,2
3GT,TAM01,P1_454PRS_FAIL1,Z4  : 454PRS fail to be ON,LONG_DURATION,28,6,21.429,13,285,21.92,38.46,85.82,1.38
3GT,TAM01,P3_861PHS_MISS,Z8  : 861PHS Array missing (Check jam or sensor),STOP_ALARM_CANDIDATE|CASCADE_SYMPTOM_CANDIDATE,221,11,4.977,17,284,16.71,0,48.05,1.71
FLEX,TAM25,[00G3_K042]Program:UN05_Standard.ALMD_05G6_B005GLS,Z05 Guard Door Open =05G6_B005GLS,DOOR_OR_GUARD|OPERATOR_INITIATED_FLEX|STOP_ALARM_CANDIDATE|CASCADE_SYMPTOM_CANDIDATE,257,13,5.058,13,284,21.85,84.62,88.9,2.85
FLEX,TAM25,[00G3_K022]Program:EM0901_PP_IMM_Xfer.ALMD_B002FLS_Lo_Alarm,EM0901 PP IMM B002FLS Flow Sensor Lo,LONG_DURATION,13,3,23.077,11,284,25.82,0,21.79,1
3GT,TAM21,L21_P4_Z06_Warning.Miss_0607PHS_04,Z06 : Miss_0607PHS_04,WARNING|LONG_DURATION,64,4,6.25,11,283,25.73,27.27,135.94,1.27
3GT,TAM01,P1_418CL_ERR_1,Z4  : 418CL Fail to EXTEND  (Ret cv lane2),LONG_DURATION,10,2,20,4,283,70.75,25,45.01,1.25
3GT,TAM18,P2_513CL_ERR_1,Z5B : 513CL Fail to extend  (Lens xfer inlet),UNCLASSIFIED,24,2,8.333,4,283,70.75,0,125.58,1
3GT,TAM01,P2_CMM_512ID,Z5B : Consecutive 512IDR mismatch,UNCLASSIFIED,80,8,10,13,282,21.69,38.46,77.84,1.38
FLEX,TAM27,[00G3_K022]Program:EM0514_DI_Removal_Inlet.ALMD_ALI_System_Not_Ready,EM0514 ALI system Not Ready,STOP_ALARM_CANDIDATE|LONG_DURATION,31,9,29.032,12,282,23.5,0,34.48,2
3GT,TAM06,P6_HSC3FAIL_RST,Z4B : High speed counter #3 (4001FM) Fail to be Reset,UNCLASSIFIED,60,4,6.667,5,282,56.4,40,87.3,1.4
FLEX,TAM29,[00G3_K502]Program:EM0802_Stray_Unstacker.ALMD_B501PHS_OnFail,EM0802 B501PHS On Fail,ROOT_CAUSE_CANDIDATE,876,6,0.685,17,281,16.53,0,67.12,1.71
3GT,TAM05,P2_CleanDies,Z5B : CLEAN DIES NOW - Zone Down until Cleaned !!,LONG_DURATION,35,17,48.571,29,279,9.62,6.9,35.88,1.07
FLEX,TAM24,[04G3_K022]Program:UN04_Standard.ALMD_04G6_K012SR,Z04 VE GUARD DOOR OPEN (=04G6_B030GLS),DOOR_OR_GUARD|OPERATOR_INITIATED_FLEX|STOP_ALARM_CANDIDATE|LONG_DURATION,5,1,20,3,279,93,0,52.05,3
3GT,TAM09,P0_262CL_ERR_3,Z2B : 262CL Failed to Middle,LONG_DURATION,48,2,4.167,2,279,139.5,100,45.85,2
3GT,TAM20,P2_520CL_ERR_1,Z5B : 520CL Fail to EXTEND,ROOT_CAUSE_CANDIDATE,62,9,14.516,17,277,16.29,29.41,29.49,2.12
3GT,TAM06,P1_SHINGLE_DET1,Z4  : FC shingle detect at 411PHS_1,ROOT_CAUSE_CANDIDATE,268,7,2.612,13,273,21,23.08,121.67,1.54
3GT,TAM02,P3_1099SV_FAIL,Z10 : 1099SV failure (Shutdown valve),UNCLASSIFIED,445,16,3.596,26,272,10.46,0,105.16,1
FLEX,TAM25,[04G3_K022]Program:UN04_Standard.ALMD_04G6_K011SR,Z04 VE GUARD DOOR OPEN (=04G6_B029GLS),DOOR_OR_GUARD|OPERATOR_INITIATED_FLEX|STOP_ALARM_CANDIDATE|LONG_DURATION,47,11,23.404,17,272,16,41.18,73.75,2.82
FLEX,TAM26,[00G3_K042]Program:UN05_Standard.ALMD_05G6_B005GLS,Z05 Guard Door Open =05G6_B005GLS,DOOR_OR_GUARD|OPERATOR_INITIATED_FLEX|STOP_ALARM_CANDIDATE|CASCADE_SYMPTOM_CANDIDATE,314,14,4.459,15,272,18.13,86.67,40.36,2.87
FLEX,TAM27,[00G3_K042]Program:UN05_Standard.ALMD_05G6_B004GLS,Z05 Guard Door Open =05G6_B004GLS,DOOR_OR_GUARD|OPERATOR_INITIATED_FLEX|STOP_ALARM_CANDIDATE|CASCADE_SYMPTOM_CANDIDATE,349,17,4.871,21,271,12.9,61.9,31.38,2.62
FLEX,TAM27,[00G3_K022]Program:EM0504_Predose_Inlet.ALMD_ITRAY_SHING,EM0504 I-tray shingle detect,ROOT_CAUSE_CANDIDATE,1457,8,0.549,14,271,19.36,0,156.17,1.5
3GT,TAM07,P1_SHINGLE_DET3,Z4  : FC shingle detect at 411PHS_3,ROOT_CAUSE_CANDIDATE,101,5,4.95,11,271,24.64,18.18,122.55,1.73
3GT,TAM18,P3_CW_COM_TOUT,Z10 : Check weigher communication time out,STOP_ALARM_CANDIDATE|ROOT_CAUSE_CANDIDATE,105,14,13.333,26,270,10.38,0,115.63,2.58
3GT,TAM20,P0_IMM_DT_FAIL,Z2A : IMM set up data out of range,UNCLASSIFIED,37,7,18.919,18,270,15,5.56,135.2,1.06
3GT,TAM17,P0_CUE_DOOR_OPN,Z2B : Cure Enclosure door opened,DOOR_OR_GUARD|POSSIBLE_OPERATOR_ACCESS_LEGACY|STOP_ALARM_CANDIDATE|LONG_DURATION,57,4,7.018,7,269,38.43,28.57,171.78,2.57
3GT,TAM06,P3_Cam3_Vis_Com_TOUT,Z8: Camera #3 - Communication time out failure,STOP_ALARM_CANDIDATE,72,7,9.722,13,268,20.62,0,98.47,2
3GT,TAM02,P6_4019PRSFAIL1,Z4B : 4019PRS fail to be ON,UNCLASSIFIED,29,6,20.69,7,268,38.29,14.29,6.05,1.14
3GT,TAM20,P3_1099SV_FAIL,Z10 : 1099SV failure (Shutdown valve),UNCLASSIFIED,813,12,1.476,20,267,13.35,0,46.9,1
3GT,TAM09,P3_864PHS_MISS,Z8  : 864PHS Carton missing (Check jam or sensor),STOP_ALARM_CANDIDATE,59,2,3.39,7,267,38.14,0,32.19,2
3GT,TAM07,P3_864PHS_UKNOW,Z8  : 864PHS 3 consecutive unknown carton detected,ROOT_CAUSE_CANDIDATE,87,2,2.299,6,266,44.33,0,96.65,1.67
3GT,TAM18,P6_4010PRSFAIL1,Z4B : 4010PRS fail to be ON,UNCLASSIFIED,36,4,11.111,5,266,53.2,20,101.11,1.2
3GT,TAM05,P0_233CL_ERR_3,Z2B : 233CL Failed          (Prec out U/D),UNCLASSIFIED,3,1,33.333,1,266,266,0,39.4,1
3GT,TAM01,P1_CMD_TL,Z3  : CMD Top Left (304CL),CASCADE_SYMPTOM_CANDIDATE,298,5,1.678,10,265,26.5,60,120.25,1.6
3GT,TAM09,P0_CUE_DOOR_OPN,Z2B : Cure Enclosure door opened,DOOR_OR_GUARD|POSSIBLE_OPERATOR_ACCESS_LEGACY|STOP_ALARM_CANDIDATE|LONG_DURATION,15,3,20,5,265,53,40,167.98,2.4
FLEX,TAM25,[00G3_K042]Program:UN05_Standard.ALMD_05G6_B001GLS,Z05 Guard Door Open =05G6_B001GLS,DOOR_OR_GUARD|OPERATOR_INITIATED_FLEX|STOP_ALARM_CANDIDATE|CASCADE_SYMPTOM_CANDIDATE,304,17,5.592,17,264,15.53,100,32.05,3
FLEX,TAM27,[00G3_K042]Program:UN03_Standard.ALMD_03G6_B002GLS,Z03 Guard Door Open =03G6_B002GLS,DOOR_OR_GUARD|OPERATOR_INITIATED_FLEX|STOP_ALARM_CANDIDATE|LONG_DURATION,21,6,28.571,17,264,15.53,58.82,51.99,3
3GT,TAM06,P0_223PHS_FAIL,Z2B:  223PHS Pallet Tracking Mismatch,ROOT_CAUSE_CANDIDATE,132,7,5.303,16,264,16.5,31.25,99.53,1.88
3GT,TAM06,P6_ALM1_RTANK_H,Z04B: Recycle Tank Hi Hi Level Alarm (L1),UNCLASSIFIED,36,1,2.778,1,264,264,0,43.66,1
3GT,TAM09,P1_SHINGLE_DET1,Z4  : FC shingle detect at 411PHS_1,ROOT_CAUSE_CANDIDATE,101,9,8.911,18,262,14.56,5.56,17.63,2.06
FLEX,TAM28,[00G3_K002]Program:EM0232_Monomer_DosePump.ALMD_M003MTR_NotReady,EM0232 M003MTR Motor Not Ready,STOP_ALARM_CANDIDATE,97,2,2.062,7,262,37.43,0,62.7,2
3GT,TAM17,P2_PIT_IN_SHGL,PIT press inlet shingle,ROOT_CAUSE_CANDIDATE,129,3,2.326,3,262,87.33,100,24.32,3
3GT,TAM23,L23_P4_Z08_Warning.Uncount_0807PHS_03,Z08 : 807PHS_03 unknown array detected,WARNING,387,9,2.326,13,261,20.08,0,108.27,1
3GT,TAM09,P6_Z04B_ALM_TWR2_CnsRedoseFault,Z04B : Tower2 consecutive redose fault,ROOT_CAUSE_CANDIDATE,72,3,4.167,4,260,65,25,1.96,2.25
FLEX,TAM28,[00G3_K042]Program:UN06_Standard.ALMD_06G6_B502GLS,Z06 Guard Door Open =06G6_B502GLS,DOOR_OR_GUARD|OPERATOR_INITIATED_FLEX|STOP_ALARM_CANDIDATE|LONG_DURATION,17,3,17.647,4,259,64.75,50,85.92,2.75
FLEX,TAM25,[00G3_K022]Program:EM0562_Foil_Feed_Laser_Marker.ALMD_LaserFault,EM0562 K001CTL: Domino Laser Fault,ROOT_CAUSE_CANDIDATE,375,7,1.867,15,258,17.2,0,59.12,1.87
3GT,TAM21,L21_P1_Z04A_Warning.VacFeedBack400_2,Z04A : Vacuum feedback 400PS_2,WARNING|CASCADE_SYMPTOM_CANDIDATE,3100,9,0.29,9,258,28.67,66.67,50.33,1.67
3GT,TAM18,P2_514LS_OPENED,Z5B : Foil transfer unit opened,LONG_DURATION,50,6,12,7,258,36.86,71.43,-20.82,1.71
3GT,TAM07,P7_CHUCK_OPEN,Z5C : Foil bobbin chuck open,ROOT_CAUSE_CANDIDATE,112,8,7.143,13,257,19.77,23.08,99.26,1.77
3GT,TAM07,P2_ALI3_NOT_RDY,Z5B: ALI System not ready,STOP_ALARM_CANDIDATE,25,1,4,3,257,85.67,0,207.42,2
3GT,TAM23,L23_P4_Global_Alarm.PSS02_Not_Rdy,PLC4 : PSS not ready,STOP_ALARM_CANDIDATE|LONG_DURATION,5,1,20,2,257,128.5,0,-23.62,2
3GT,TAM21,L21_P1_0411PRS.Alarm1,Z04A : 411PRS Sensor fail to be off,UNCLASSIFIED,12,1,8.333,1,257,257,0,14.42,1
3GT,TAM22,L22_P3_Z05B_Alarm.Chuck_Error,Z05B : Foil chuck error,UNCLASSIFIED,91,5,5.495,13,255,19.62,30.77,-11.85,1.31
FLEX,TAM28,[09G3_K002]Program:EM0903_Slider_A.ALMD_IMM_Door_A_Open,Z09 IMM Door A Open =09G6_B005GLS,DOOR_OR_GUARD|OPERATOR_INITIATED_FLEX|STOP_ALARM_CANDIDATE|ROOT_CAUSE_CANDIDATE|LONG_DURATION,83,6,7.229,13,254,19.54,0,49.09,3
FLEX,TAM28,[00G3_K042]Program:UN06_Standard.ALMD_06G6_B505GLS,Z06 Guard Door Open =06G6_B505GLS,DOOR_OR_GUARD|OPERATOR_INITIATED_FLEX|STOP_ALARM_CANDIDATE|LONG_DURATION,21,3,14.286,9,254,28.22,11.11,138.03,2.44
3GT,TAM21,L21_P1_Z02B_Warning.Precure_Temp,Z02B : Precure Temp Bad,WARNING|CASCADE_SYMPTOM_CANDIDATE,316,19,6.013,19,253,13.32,100,32.75,2
3GT,TAM18,P3_CHUCK_OVERLD2,Z8  : 804PRS Chuck overload (Make sure remove ack),ROOT_CAUSE_CANDIDATE,158,8,5.063,18,252,14,0,75.42,1.61
FLEX,TAM24,[00G3_K022]Program:EM0562_Foil_Feed_Laser_Marker.ALMD_LaserFault,EM0562 K001CTL: Domino Laser Fault,ROOT_CAUSE_CANDIDATE,760,11,1.447,15,251,16.73,0,130.39,1.53
FLEX,TAM28,[00G3_K042]Program:UN05_Standard.ALMD_05G6_B002GLS,Z05 Guard Door Open =05G6_B002GLS,DOOR_OR_GUARD|OPERATOR_INITIATED_FLEX|STOP_ALARM_CANDIDATE|CASCADE_SYMPTOM_CANDIDATE,332,9,2.711,9,250,27.78,100,45.2,3
3GT,TAM02,P6_JAM_4024PRS,Z4B : 4009CL fail to transfer to 4024PRS,ROOT_CAUSE_CANDIDATE,51,12,23.529,16,248,15.5,37.5,107.95,1.88
3GT,TAM18,P1_13IDC_FAULT,"PLC1: IDC to 300,400-1,400-2,401 disconnect",ROOT_CAUSE_CANDIDATE,326,10,3.067,23,247,10.74,0,87,1.3
3GT,TAM06,P3_1099SV_FAIL,Z10 : 1099SV failure (Shutdown valve),ROOT_CAUSE_CANDIDATE,139,6,4.317,12,247,20.58,0,60,1.75
3GT,TAM21,L21_P2_Z04B_Warning.SendConvStopped,Z04B : Send conveyor is not running,STOP_ALARM_CANDIDATE|WARNING|CASCADE_SYMPTOM_CANDIDATE,1107,10,0.903,12,247,20.58,41.67,74.09,2
3GT,TAM07,P2_522PHS_OF_ER,Z5B : 522PHS still ON,ROOT_CAUSE_CANDIDATE,177,4,2.26,11,246,22.36,18.18,145,1.73
3GT,TAM05,P6_Z04B_4005SRV_Over_Travel_Neg,Z04B : 4005SRV Negative over travel,UNCLASSIFIED,3,1,33.333,1,246,246,0,1.92,1
FLEX,TAM30,[00G3_K502]Program:EM10G4_Operator_Interface.ALMD_S501PBL_Actuated,EM10G4 S501PBL ZONE STOP PB1,STOP_ALARM_CANDIDATE|ROOT_CAUSE_CANDIDATE,565,8,1.416,17,245,14.41,0,95.75,2.76
3GT,TAM18,P1_309CL_ERR_1,Z3  : 309CL Fail to EXTEND  (ALI outlet),UNCLASSIFIED,11,2,18.182,2,244,122,100,95.81,2
FLEX,TAM31,[00G3_K002]Program:EM0285_Cooling_Walking_Beam.ALMD_Adjacent_Door_Open,EM0285 Adjacent Door Open,DOOR_OR_GUARD|OPERATOR_INITIATED_FLEX|STOP_ALARM_CANDIDATE|CASCADE_SYMPTOM_CANDIDATE,721,9,1.248,19,243,12.79,0,143.62,2
3GT,TAM18,ST_Z07_Alarm_Z8Stop,Zone 8 Stop,ROOT_CAUSE_CANDIDATE,288,9,3.125,19,242,12.74,0,26.72,1.89
FLEX,TAM25,[04G3_K022]Program:UN04_Standard.ALMD_04G6_B020GLS,Z04 GUARD DOOR OPEN (=04G6_B020GLS),DOOR_OR_GUARD|OPERATOR_INITIATED_FLEX|STOP_ALARM_CANDIDATE|LONG_DURATION,53,5,9.434,6,241,40.17,83.33,-16.72,3
FLEX,TAM25,[04G3_K022]Program:UN04_Standard.ALMD_04G6_K028_029CR,REGLOPLAS2 POWER OFF UNDER SAFETY CIRCUIT Feedback Error,UNCLASSIFIED,23,5,21.739,12,240,20,0,79.6,1
3GT,TAM02,P2_SLIP_PUCK,Z5B : Reject WB. outlet puck slipped(548PRS),UNCLASSIFIED,130,4,3.077,8,240,30,37.5,41.16,1.38
FLEX,TAM25,[00G3_K042]Program:UN05_Standard.ALMD_05G6_B006GLS,Z05 Guard Door Open =05G6_B006GLS,DOOR_OR_GUARD|OPERATOR_INITIATED_FLEX|STOP_ALARM_CANDIDATE|CASCADE_SYMPTOM_CANDIDATE,113,4,3.54,4,240,60,100,65.5,3
3GT,TAM22,L22_P3_Z05B_Alarms.a.FMD_HeartbeatLoss,FMD Heartbeat loss between AB Driver and FMD system,UNCLASSIFIED,29,1,3.448,2,240,120,0,-11.36,1
3GT,TAM21,L21_P1_Z02B_Alarm.Shingle_Error,Z02B : 3 Consecutive Shingle pallet (Assembly),UNCLASSIFIED,97,5,5.155,10,239,23.9,20,69.43,1.2
FLEX,TAM29,[00G3_K042]Program:UN05_Standard.ALMD_05G6_B005GLS,Z05 Guard Door Open =05G6_B005GLS,DOOR_OR_GUARD|OPERATOR_INITIATED_FLEX|STOP_ALARM_CANDIDATE|CASCADE_SYMPTOM_CANDIDATE,603,15,2.488,16,238,14.88,87.5,76.02,2.88
3GT,TAM10,P3_852SRV_ERR_3,Z8  : 852SRV Parameter error (Carton elevator),UNCLASSIFIED,175,4,2.286,6,238,39.67,0,69.46,1
FLEX,TAM28,[00G3_K042]Program:UN10_Standard.ALMD_10G6_B506GLS_LCK,Z10 Guard Lock Feedback Error =10G6_B506GLS_LCK,DOOR_OR_GUARD|GUARD_SYSTEM_FAULT|ROOT_CAUSE_CANDIDATE,152,2,1.316,5,238,47.6,0,35.31,2
3GT,TAM01,P1_301CL_ERR_2,Z3  : 301CL Fail to RETRACT (Top finger R),UNCLASSIFIED,44,5,11.364,11,237,21.55,27.27,82.92,1.27
FLEX,TAM24,[00G3_K042]Program:UN02_Standard.ALMD_02G6_B007GLS,Z02 Guard Door Open =02G6_B007GLS,DOOR_OR_GUARD|OPERATOR_INITIATED_FLEX|STOP_ALARM_CANDIDATE,77,10,12.987,20,236,11.8,15,123.63,2.5
3GT,TAM05,P6_Z04B_ALM_IVEK_Com_Tout,Z04B : Ivel Communication Time OUT,STOP_ALARM_CANDIDATE,4,1,25,3,236,78.67,0,39.58,2
3GT,TAM18,P1_305CL_ERR_2,Z3  : 305CL Fail to RETRACT (IR head U/D),UNCLASSIFIED,30,5,16.667,8,235,29.38,87.5,95.8,1.88
3GT,TAM01,P3_619PHS_MISS,Z6  : 619PHS Array missing (Check jam or sensor),STOP_ALARM_CANDIDATE,35,6,17.143,6,235,39.17,83.33,136.62,2.83
3GT,TAM21,L21_P6_Z04C_Alarm.send_grd_open,Z04C : Send conveyor guard opened,DOOR_OR_GUARD|POSSIBLE_OPERATOR_ACCESS_LEGACY|STOP_ALARM_CANDIDATE|LONG_DURATION,18,3,16.667,5,235,47,20,139.46,2.2
3GT,TAM06,P2_CHUCK_ERR,Z5B : Foil chuck error,ROOT_CAUSE_CANDIDATE,207,4,1.932,6,234,39,0,14.79,2
3GT,TAM20,P6_4006CL_ERR_2,Z4B : 4006CL Fail to Retract,LONG_DURATION,7,1,14.286,3,234,78,0,37.47,1
FLEX,TAM28,[00G3_K042]Program:UN03_Standard.ALMD_03G6_B001GLS,Z03 Guard Door Open =03G6_B001GLS,DOOR_OR_GUARD|OPERATOR_INITIATED_FLEX|STOP_ALARM_CANDIDATE|CASCADE_SYMPTOM_CANDIDATE,229,5,2.183,10,233,23.3,100,6.28,3
FLEX,TAM30,[00G3_K042]Program:UN03_Standard.ALMD_03G6_B004GLS,Z03 Guard Door Open =03G6_B004GLS,DOOR_OR_GUARD|OPERATOR_INITIATED_FLEX|STOP_ALARM_CANDIDATE|CASCADE_SYMPTOM_CANDIDATE,384,7,1.823,10,233,23.3,90,52.95,2.9
3GT,TAM23,L23_P4_Z10_Warning.Weght_under,Z10 : Carton is under weight,WARNING,234,9,3.846,10,232,23.2,0,61.32,1
3GT,TAM02,P0_RBT_home_ERR,Z2A : Mitsubishi robot could not Home (check Netstal),ROOT_CAUSE_CANDIDATE,51,4,7.843,8,232,29,25,32.67,2.25
FLEX,TAM28,[00G3_K002]Program:EM0275_Cure.ALMD_M001CL_Faulted,EM0275 M001CL Cure Unload Pusher Cylinder Fault,ROOT_CAUSE_CANDIDATE,54,4,7.407,9,229,25.44,0,62.87,2
3GT,TAM01,P7_CMD_FOIL_REJ,Z5B : Consecutive foil reject,CASCADE_SYMPTOM_CANDIDATE,698,4,0.573,5,229,45.8,20,34.12,1
3GT,TAM07,P0_234CL_ERR_1,Z2B : 234CL Fail to EXTEND  (Prec out),LONG_DURATION,8,1,12.5,5,229,45.8,20,93.65,1.2
3GT,TAM23,L23_P1_AlmostEndOfLot.HMI01,Warning: Almost End of Lot. ~Get Next lot Cassettes read,WARNING,104,9,8.654,14,228,16.29,0,112.92,1
3GT,TAM10,P3_ELEV_POS_ERR,Z8  : 860PRS Elevator position is not correct,LONG_DURATION,40,1,2.5,1,228,228,0,161.65,1
3GT,TAM01,P1_322CL_ERR_1,Z3  : 322CL Fail to EXTEND  (ALI out-Escape),UNCLASSIFIED,48,7,14.583,16,227,14.19,50,121.69,1.5
FLEX,TAM27,[00G3_K022]Program:EM0500_Zone_C.ALMD_IncompleteCycleStop,EM0500 Zone5C Incomplete cycle stop,STOP_ALARM_CANDIDATE,57,11,19.298,16,227,14.19,50,42.09,2.5
3GT,TAM01,P7_Foil_Break_Alarm,Z5B4 : Check for Foil Break or Jam,STOP_ALARM_CANDIDATE,40,7,17.5,12,226,18.83,16.67,127.69,2.17
3GT,TAM21,L21_P3_0527PHS_02.Alarm1,Z05B : 527PHS_02 Puck not detect,UNCLASSIFIED,87,7,8.046,9,226,25.11,33.33,48.89,1.33
FLEX,TAM25,[00G3_K022]Program:EM0514_DI_Removal_Inlet.ALMD_ALI_System_Not_Ready,EM0514 ALI system Not Ready,STOP_ALARM_CANDIDATE|LONG_DURATION,13,2,15.385,8,226,28.25,0,57.81,2
3GT,TAM07,P0_IMM_COM_TOUT,Z2A : Communication time out with IMM,STOP_ALARM_CANDIDATE|LONG_DURATION,17,3,17.647,5,226,45.2,40,116.7,2.4
FLEX,TAM27,[00G3_K042]Program:UN01_Standard.ALMD_01G6_B002GLS,Z01 Guard Door Open  =01G6+MA-B002GLS,DOOR_OR_GUARD|OPERATOR_INITIATED_FLEX|STOP_ALARM_CANDIDATE|LONG_DURATION,17,2,11.765,2,226,113,100,38.93,3
3GT,TAM20,P2_510SHINGLE,Z5B : Shingle P.P. (510PHS),ROOT_CAUSE_CANDIDATE,46,8,17.391,13,225,17.31,23.08,105.85,1.69
FLEX,TAM27,[00G3_K042]Program:UN06_Standard.ALMD_06G6_B501GLS,Z06 Guard Door Open =06G6_B501GLS,DOOR_OR_GUARD|OPERATOR_INITIATED_FLEX|STOP_ALARM_CANDIDATE|LONG_DURATION,92,7,7.609,11,225,20.45,45.45,70.04,2.64
3GT,TAM01,P2_532CL_ERR_1,Z5AB: 532CL Fail to extend  (Rtrn buffer out),CASCADE_SYMPTOM_CANDIDATE,987,7,0.709,10,225,22.5,50,10.25,1.5
FLEX,TAM25,[00G3_K042]Program:UN01_Standard.ALMD_01G6_B009GLS_LCK,Z01 Sampling Guard Lock Solenoid Feedback =01G6_B009GLS,DOOR_OR_GUARD|GUARD_SYSTEM_FAULT,82,5,6.098,9,225,25,0,39.05,1
FLEX,TAM27,[00G3_K042]Program:UN01_Standard.ALMD_01G6_B001GLS,Z01 Guard Door Open  =01G6+MA-B001GLS,DOOR_OR_GUARD|OPERATOR_INITIATED_FLEX|STOP_ALARM_CANDIDATE|LONG_DURATION,25,7,28,19,224,11.79,26.32,89.55,2.84
FLEX,TAM28,[00G3_K042]Program:UN03_Standard.ALMD_03G6_B007GLS,Z03 Under Guard Door Open =03G6_B007GLS,DOOR_OR_GUARD|OPERATOR_INITIATED_FLEX|STOP_ALARM_CANDIDATE|LONG_DURATION,6,2,33.333,4,224,56,50,45.98,3
3GT,TAM23,L23_P4_0807PHS_01.Alarm1,Z08 : 807PHS-1 Array missing (Check jam or sensor),STOP_ALARM_CANDIDATE|ROOT_CAUSE_CANDIDATE,48,10,20.833,17,223,13.12,0,161.41,2.29
3GT,TAM01,P3_ZSTOP_AJ_Z07_2,Z8  : Zone stop caused by adjacent zone7,STOP_ALARM_CANDIDATE|LONG_DURATION,73,7,9.589,13,223,17.15,0,109.88,2
3GT,TAM06,P6_4022PRSFAIL1,Z4B : 4022PRS fail to be ON,ROOT_CAUSE_CANDIDATE,93,4,4.301,4,223,55.75,75,29.44,2.75
3GT,TAM10,P2_51PS_ERROR,Z5B : 51PS Air pressure low,LONG_DURATION,42,2,4.762,3,222,74,66.67,164.04,1.67
3GT,TAM21,L21_P1_MonomerLowLow.HMI01,Level 1 alarm: Monomer tank low low. ~Please refill monomer!!,LONG_DURATION,7,1,14.286,2,222,111,0,62.75,1
3GT,TAM21,L21_P1_0230PRS.Alarm2,Z02B : UV Screen not detect in tunnel (230PRS),UNCLASSIFIED,7,1,14.286,1,222,222,0,66.43,1
3GT,TAM05,P0_RBT_GNRL_ERR,Z2A : Mitsubishi robot error (Check Robot controler),CASCADE_SYMPTOM_CANDIDATE|LONG_DURATION,391,16,4.092,22,221,10.05,68.18,-16.24,1.64
3GT,TAM18,P3_851PRS_OVRLD,Z8  : 851PRS Array insert overload (Remove array),ROOT_CAUSE_CANDIDATE,144,10,6.944,19,221,11.63,0,58.48,1.89
3GT,TAM01,P2_517CL_ERR_1,Z5B : 517CL Fail to EXTEND (Guard Shutter),DOOR_OR_GUARD,35,6,17.143,11,221,20.09,27.27,59.62,1.27
FLEX,TAM28,[00G3_K002]Program:EM0232_Monomer_DosePump.ALMD_M001MTR_NotReady,EM0232 M001MTR Motor Not Ready,STOP_ALARM_CANDIDATE,68,1,1.471,1,221,221,0,39.82,2
FLEX,TAM31,[00G3_K022]Program:EM0558_Foil_Reel.ALMD_Foil_Purge,EM0558: Foil Purge detect,ROOT_CAUSE_CANDIDATE,131,1,0.763,1,221,221,0,84.09,2
3GT,TAM23,L23_P4_Z08_Alarm.jam_1000PHS,Z08 : 1000PHS_4 Carton missing (Check jam /sensor),STOP_ALARM_CANDIDATE,96,13,13.542,19,220,11.58,0,97.1,2
FLEX,TAM27,[00G3_K502]Program:EM10G4_Operator_Interface.ALMD_S501PBL_Actuated,EM10G4 S501PBL ZONE STOP PB1,STOP_ALARM_CANDIDATE|ROOT_CAUSE_CANDIDATE,415,9,2.169,15,220,14.67,0,110.18,2.6
FLEX,TAM31,[00G3_K042]Program:UN05_Standard.ALMD_05G6_B002GLS,Z05 Guard Door Open =05G6_B002GLS,DOOR_OR_GUARD|OPERATOR_INITIATED_FLEX|STOP_ALARM_CANDIDATE|CASCADE_SYMPTOM_CANDIDATE,472,15,3.178,15,220,14.67,86.67,13.88,2.87
3GT,TAM22,L22_P4_1001PHS.Alarm1,"Z10:1001PHS Reject carton detection fail. Open 1006GLS, remove cartons",UNCLASSIFIED,59,5,8.475,7,219,31.29,0,88.56,1
3GT,TAM02,P1_CMD_TL,Z3  : CMD Top Left (304CL),ROOT_CAUSE_CANDIDATE,107,7,6.542,11,218,19.82,54.55,132.65,2.18
FLEX,TAM24,[00G3_K022]Program:EM0562_Foil_Feed_Laser_Marker.ALMD_T001SVP_Driver_Fault,EM0562 T001SVP Foil Feed #1 Driver fault,STOP_ALARM_CANDIDATE,29,2,6.897,4,218,54.5,0,148.38,2
3GT,TAM02,P3_1019PHSUKNOW,Z10 : 1019PHS Carton jam (Remove carton),STOP_ALARM_CANDIDATE,62,5,8.065,8,217,27.12,0,95.8,2
3GT,TAM05,P7_513VAC_ERR,Z5B : 513VAC Foil suction vacuum fault,CASCADE_SYMPTOM_CANDIDATE,122,1,0.82,1,217,217,100,-36.26,1
3GT,TAM20,P6_REDOSE_ALMT2,Z4B : Tower 2 IPA Processing Dose Alarm,UNCLASSIFIED,30,10,33.333,18,216,12,27.78,41.94,1.28
3GT,TAM09,P0_210CL_ERR_2,Z2B : 210CL Fail to RETRACT (Push to sampl),ROOT_CAUSE_CANDIDATE,89,10,11.236,13,216,16.62,46.15,38.69,2.46
FLEX,TAM25,[00G3_K042]Program:UN01_Standard.ALMD_01G6_B002GLS,Z01 Guard Door Open  =01G6+MA-B002GLS,DOOR_OR_GUARD|OPERATOR_INITIATED_FLEX|STOP_ALARM_CANDIDATE|LONG_DURATION,21,5,23.81,12,216,18,16.67,100.37,2.75
3GT,TAM01,P7_Cam1_Edge_F,Z5B: Camera #1- Edge Tool Fail,CASCADE_SYMPTOM_CANDIDATE,500,4,0.8,7,216,30.86,42.86,111.36,1.43
3GT,TAM05,P3_619PHS_MISS,Z6  : 619PHS Array missing (Check jam or sensor),STOP_ALARM_CANDIDATE,82,9,10.976,20,215,10.75,25,102.12,2.25
FLEX,TAM25,[00G3_K042]Program:UN05_Standard.ALMD_05G6_B003GLS,Z05 Guard Door Open =05G6_B003GLS,DOOR_OR_GUARD|OPERATOR_INITIATED_FLEX|STOP_ALARM_CANDIDATE|CASCADE_SYMPTOM_CANDIDATE,317,17,5.363,17,215,12.65,100,39.96,3
FLEX,TAM29,[00G3_K022]Program:EM0510_Lens_Transfer.ALMD_EM00G7_M005SV_Not_Ready,EM0510 Zone3B/5B M005SV Air Not Ready,STOP_ALARM_CANDIDATE,16,3,18.75,6,215,35.83,100,43.59,3
FLEX,TAM31,[00G3_K042]Program:UN06_Standard.ALMD_06G6_B504GLS,Z06 Guard Door Open =06G4_B504GLS,DOOR_OR_GUARD|OPERATOR_INITIATED_FLEX|STOP_ALARM_CANDIDATE,26,2,7.692,3,215,71.67,66.67,139.14,3
3GT,TAM18,P7_Foil_WebGuide_Z05C_RunAlm_10,Z05C: Web Guide Sensor 1 - Low contrast Edge detected,CONFIRMED_RUN_ALARM_BY_NAME|ROOT_CAUSE_CANDIDATE,1798,12,0.667,17,214,12.59,47.06,130.08,1.29
3GT,TAM02,P2_512ID_NO_READ,Z5B : 512IDR No read,ROOT_CAUSE_CANDIDATE,157,10,6.369,14,214,15.29,35.71,72.46,1.93
3GT,TAM07,P3_851PRS_OVRLD,Z8  : 851PRS Array insert overload (Remove array),ROOT_CAUSE_CANDIDATE,192,6,3.125,11,212,19.27,0,82.33,1.82
3GT,TAM20,PSS1_FB_ERR1_2,PSS1: MCR1 Feedback Error,CASCADE_SYMPTOM_CANDIDATE,789,14,1.774,26,211,8.12,0,234.31,1
3GT,TAM01,P0_200CL_ERR_2,Z2A : 200CL Fail to RETRACT (Robot hand),LONG_DURATION,78,6,7.692,13,210,16.15,38.46,109.67,1.38
3GT,TAM17,P0_IMM_COM_TOUT,Z2A : Communication time out with IMM,STOP_ALARM_CANDIDATE|LONG_DURATION,8,4,50,7,210,30,14.29,42.49,2.14
3GT,TAM10,P2_526CL_ERR_3,Z5B : 526CL Failed          (Saline outlet),UNCLASSIFIED,1,1,100,1,210,210,0,-3.5,1
3GT,TAM01,P2_ALI3_NOT_RDY,Z5B: ALI System not ready,STOP_ALARM_CANDIDATE|CASCADE_SYMPTOM_CANDIDATE,134,5,3.731,7,209,29.86,14.29,100.95,1.71
3GT,TAM01,P0_Z2B_RMV_ACK,Z2B : Pallet Location error(see Remove Ack.(Z2)),UNCLASSIFIED,67,4,5.97,6,209,34.83,33.33,33.89,1.33
3GT,TAM02,P1_412CL_ERR_1,Z4  : 412CL Fail to EXTEND  (90deg turn),UNCLASSIFIED,82,4,4.878,11,208,18.91,27.27,111.56,1.27
3GT,TAM01,P3_620PHS_MISS,Z6  : 620PHS Tray jam or sensor fail (Missing),STOP_ALARM_CANDIDATE,97,6,6.186,7,208,29.71,42.86,162.29,2.43
3GT,TAM02,P2_549PHS_OF_ER,Z5B : 549PHS stuck ON during DI Removal Cycle,UNCLASSIFIED,14,1,7.143,1,208,208,100,230.65,2
3GT,TAM05,P0_242CL_ERR_2,Z2B : 242CL Fail to RETRACT (Preheat F/B),UNCLASSIFIED,22,4,18.182,8,207,25.88,25,48.04,1.25
3GT,TAM05,P2_ALI3_NOT_RDY,Z5B : ALI System not ready,STOP_ALARM_CANDIDATE,68,4,5.882,6,207,34.5,33.33,53.92,2.33
3GT,TAM01,P17_Z05B_ALM_IMarkRegNG,Z05B:515PHS-01 I-Mark Sensor Consecutive Registration NG,UNCLASSIFIED,73,3,4.11,4,207,51.75,25,35.74,1.25
3GT,TAM01,P2_574CL_ERR_2,Z5AB: 574CL Fail To retract (Rtrn buff out),UNCLASSIFIED,38,4,10.526,5,206,41.2,40,148.13,1.4
FLEX,TAM24,[00G3_K002]Program:EM0372_Shingle_Check.ALMD_Shingle_FC_Detection,EM0372 Shingle FC is detected on Stage at Shingle Check station,ROOT_CAUSE_CANDIDATE,819,3,0.366,5,206,41.2,0,64.26,1.4
FLEX,TAM25,[00G3_K002]Program:EM02G4_Operator_Interface.ALMD_S002PBL_Actuated,EM02G4 S002PBL ZONE STOP #2,STOP_ALARM_CANDIDATE|ROOT_CAUSE_CANDIDATE,96,3,3.125,5,206,41.2,0,-7.48,3
FLEX,TAM29,[00G3_K042]Program:UN06_Standard.ALMD_06G6_B502GLS,Z06 Guard Door Open =06G6_B502GLS,DOOR_OR_GUARD|OPERATOR_INITIATED_FLEX|STOP_ALARM_CANDIDATE|LONG_DURATION,19,2,10.526,4,206,51.5,50,24.89,3
FLEX,TAM25,[00G3_K042]Program:UN02_Standard.ALMD_02G6_B007GLS,Z02 Guard Door Open =02G6_B007GLS,DOOR_OR_GUARD|OPERATOR_INITIATED_FLEX|STOP_ALARM_CANDIDATE,79,9,11.392,20,205,10.25,20,142.38,2.5
3GT,TAM22,L22_P1_Z02A_Warning.NoPalletAtInlay,Z02A : No pallet coming to inlay station,WARNING|CASCADE_SYMPTOM_CANDIDATE,3988,9,0.226,13,205,15.77,7.69,2.75,1.08
FLEX,TAM28,[00G3_K042]Program:UN05_Standard.ALMD_05G6_B001GLS,Z05 Guard Door Open =05G6_B001GLS,DOOR_OR_GUARD|OPERATOR_INITIATED_FLEX|STOP_ALARM_CANDIDATE|CASCADE_SYMPTOM_CANDIDATE,190,7,3.684,7,205,29.29,100,18.72,3
FLEX,TAM27,[00G3_K502]Program:EM10G4_Operator_Interface.ALMD_S502PBL_Actuated,EM10G4 S502PBL ZONE STOP PB2,STOP_ALARM_CANDIDATE|ROOT_CAUSE_CANDIDATE,605,12,1.983,22,204,9.27,0,36.98,2.59
3GT,TAM07,P3_HOPPER_EMPTY,Z8  : 854PRS Carton hopper is empty,UNCLASSIFIED,148,7,4.73,10,204,20.4,0,115.66,1
3GT,TAM23,L23_P4_0864PHS.Alarm1,Z08 : 864PHS Carton missing (Check jam or sensor),STOP_ALARM_CANDIDATE,20,1,5,5,204,40.8,0,-34.82,2
FLEX,TAM27,[00G3_K042]Program:UN02_Standard.ALMD_02G6_B006GLS,Z02 Guard Door Open =02G6_B006GLS,DOOR_OR_GUARD|OPERATOR_INITIATED_FLEX|STOP_ALARM_CANDIDATE|LONG_DURATION,16,3,18.75,5,204,40.8,20,31.8,2.8
3GT,TAM17,FMD_Cons_Reject,Zone05B: Consecutive FMD vision system inspection fail,UNCLASSIFIED,41,1,2.439,1,204,204,100,-10.53,2
FLEX,TAM24,[00G3_K042]Program:UN05_Standard.ALMD_05G6_B004GLS,Z05 Guard Door Open =05G6_B004GLS,DOOR_OR_GUARD|OPERATOR_INITIATED_FLEX|STOP_ALARM_CANDIDATE|CASCADE_SYMPTOM_CANDIDATE,285,17,5.965,17,203,11.94,100,65.67,3
FLEX,TAM26,[00G3_K042]Program:UN05_Standard.ALMD_05G6_B002GLS,Z05 Guard Door Open =05G6_B002GLS,DOOR_OR_GUARD|OPERATOR_INITIATED_FLEX|STOP_ALARM_CANDIDATE|CASCADE_SYMPTOM_CANDIDATE,323,14,4.334,14,203,14.5,100,14.33,3
3GT,TAM21,L21_P3_Z05B_Warning.InspectionNG_Cmr2,Z05B : Inspection NG Camera2,WARNING|CASCADE_SYMPTOM_CANDIDATE,2453,14,0.571,15,202,13.47,86.67,61.72,1.73
3GT,TAM06,P2_510SHINGLE,Z5B : Shingle P.P. (510PHS),ROOT_CAUSE_CANDIDATE,118,5,4.237,8,202,25.25,0,33.45,2
3GT,TAM18,P3_HOPPER_EMPTY,Z8  : 854PRS Carton hopper is empty,LONG_DURATION,141,5,3.546,8,202,25.25,0,79.84,1
3GT,TAM05,P1_311PRS_FAIL,Z3  : 311PRS Sensor fail,LONG_DURATION,4,1,25,4,202,50.5,50,56.18,1.5
FLEX,TAM29,[00G3_K042]Program:UN02_Standard.ALMD_02G6_B020GLS,Z02 Under Guard Door Open =02G6_B020GLS,DOOR_OR_GUARD|OPERATOR_INITIATED_FLEX|STOP_ALARM_CANDIDATE,48,7,14.583,13,201,15.46,15.38,86.86,2.77
FLEX,TAM25,[00G3_K002]Program:EM0285_Cooling_Walking_Beam.ALMD_B001PRS_OnFail,EM0285 B001PRS OnFail,UNCLASSIFIED,8,1,12.5,2,201,100.5,0,-56.61,1
FLEX,TAM30,[00G3_K042]Program:UN05_Standard.ALMD_05G6_B003GLS,Z05 Guard Door Open =05G6_B003GLS,DOOR_OR_GUARD|OPERATOR_INITIATED_FLEX|STOP_ALARM_CANDIDATE|CASCADE_SYMPTOM_CANDIDATE,327,19,5.81,19,200,10.53,100,48.07,3
3GT,TAM02,P0_SHINGLE_ERR,Z2B : 210PHS Shingling pallet (Assembly),UNCLASSIFIED,212,11,5.189,17,200,11.76,23.53,26.51,1.24
3GT,TAM22,L22_P4_0856PHS.Alarm1,Z08 : 856PHS Carton missing (Check jam or sensor),STOP_ALARM_CANDIDATE,99,3,3.03,7,200,28.57,0,88.75,2
3GT,TAM20,P3_1019PHS_MISS,Z10 : 1019PHS Carton missing (Check jam or sensor),STOP_ALARM_CANDIDATE|ROOT_CAUSE_CANDIDATE,61,6,9.836,11,199,18.09,0,74.69,2.82
3GT,TAM06,P1_454PRS_FAIL1,Z4  : 454PRS fail to be ON,UNCLASSIFIED,20,3,15,3,199,66.33,33.33,49.31,1.33
3GT,TAM21,L21_P3_Z05B_Warning.Saline_Tank_Low_Lev,Z05B : Saline Tank Low Level,WARNING|CASCADE_SYMPTOM_CANDIDATE,1137,9,0.792,9,198,22,100,78.71,1.89
FLEX,TAM31,[00G3_K042]Program:UN02_Standard.ALMD_02G6_B021GLS,Z02 Under Guard Door Open =02G6_B021GLS,DOOR_OR_GUARD|OPERATOR_INITIATED_FLEX|STOP_ALARM_CANDIDATE,39,3,7.692,9,197,21.89,11.11,62.21,2.67
3GT,TAM10,P7_513VAC_ERR,Z5B : 513VAC Foil suction vacuum fault,ROOT_CAUSE_CANDIDATE,116,7,6.034,13,196,15.08,15.38,90.21,2
3GT,TAM02,P7_CHUCK_OPEN,Z5C : Foil bobbin chuck open,LONG_DURATION,71,2,2.817,7,196,28,14.29,68.85,1.14
3GT,TAM07,P3_864PHS_MISS,Z8  : 864PHS Carton missing (Check jam or sensor),STOP_ALARM_CANDIDATE|ROOT_CAUSE_CANDIDATE,90,2,2.222,5,196,39.2,0,218.38,2
FLEX,TAM25,[04G3_K022]Program:UN04_Standard.ALMD_04G6_K008SR,Z04 VE GUARD DOOR OPEN (=04G6_B026GLS),DOOR_OR_GUARD|OPERATOR_INITIATED_FLEX|STOP_ALARM_CANDIDATE|LONG_DURATION,3,1,33.333,1,196,196,0,41.88,3
FLEX,TAM28,[00G3_K042]Program:UN10_Standard.ALMD_10G6_B505GLS,Z10 Guard Door Open =10G6_B505GLS,DOOR_OR_GUARD|OPERATOR_INITIATED_FLEX|STOP_ALARM_CANDIDATE|CASCADE_SYMPTOM_CANDIDATE,591,5,0.846,9,195,21.67,0,122.43,2
3GT,TAM02,P1_405SRV_ERR_7,Z4  : 405SRV Lag error      (Stage load),UNCLASSIFIED,44,7,15.909,7,195,27.86,57.14,78.05,1.57
3GT,TAM02,P2_PP_Sample_Flag,Z5A: PP Sample Requested,LONG_DURATION,52,2,3.846,6,195,32.5,0,105.36,1
FLEX,TAM29,[00G3_K042]Program:UN05_Standard.ALMD_05G6_B006GLS,Z05 Guard Door Open =05G6_B006GLS,DOOR_OR_GUARD|OPERATOR_INITIATED_FLEX|STOP_ALARM_CANDIDATE|CASCADE_SYMPTOM_CANDIDATE,294,14,4.762,16,194,12.12,81.25,70.19,2.81
3GT,TAM06,P2_04-21IDC_FAULT,"PLC2: IDC to 512,514 disconnect",ROOT_CAUSE_CANDIDATE,356,9,2.528,15,194,12.93,20,78.78,1.93
3GT,TAM18,P1_41PS_ERROR,Z4-5: 41PS Air pressure low,LONG_DURATION,4,2,50,2,194,97,100,72.02,2
3GT,TAM01,P3_1005PHS_MISS,Z10 : 1005PHS Carton missing (Check jam or sensor),STOP_ALARM_CANDIDATE,25,3,12,8,193,24.12,0,173.74,2
3GT,TAM23,L23_P4_Camera3.Alarm_00,Camera3 Cognex Native Mode communication failure,LONG_DURATION,88,6,6.818,8,193,24.12,0,158.28,1
FLEX,TAM27,[00G3_K042]Program:UN05_Standard.ALMD_05G6_B006GLS,Z05 Guard Door Open =05G6_B006GLS,DOOR_OR_GUARD|OPERATOR_INITIATED_FLEX|STOP_ALARM_CANDIDATE|CASCADE_SYMPTOM_CANDIDATE,520,9,1.731,16,192,12,43.75,71.45,2.44
3GT,TAM10,P6_4098PS_ERROR,Z4B : 4098PS error (for valve),LONG_DURATION,42,6,14.286,13,192,14.77,38.46,130.44,1.38
3GT,TAM07,P7_533PRS_OF_ER,Z5B : 533PRS still ON,UNCLASSIFIED,48,3,6.25,3,192,64,0,47.37,1
3GT,TAM21,L21_P3_Z05B_Alarms.a.FMD_FailProcessCarrierID,FMD failed to process CarrierID,UNCLASSIFIED,79,7,8.861,8,191,23.88,0,96.69,1
FLEX,TAM31,[00G3_K022]Program:EM0558_Foil_Reel.ALMD_05G6_B009GLS_Opened,EM0558 05G6 B009GLS Door Opened,DOOR_OR_GUARD|OPERATOR_INITIATED_FLEX|STOP_ALARM_CANDIDATE|CASCADE_SYMPTOM_CANDIDATE,224,1,0.446,4,191,47.75,0,-13.18,2
FLEX,TAM24,[04G3_K022]Program:UN04_Standard.ALMD_04G6_K011SR,Z04 VE GUARD DOOR OPEN (=04G6_B029GLS),DOOR_OR_GUARD|OPERATOR_INITIATED_FLEX|STOP_ALARM_CANDIDATE,1,1,100,2,191,95.5,50,100.5,3
FLEX,TAM29,[00G3_K042]Program:UN02_Standard.ALMD_02G6_B007GLS,Z02 Guard Door Open =02G6_B007GLS,DOOR_OR_GUARD|OPERATOR_INITIATED_FLEX|STOP_ALARM_CANDIDATE|LONG_DURATION,11,4,36.364,6,190,31.67,0,53.15,2.67
3GT,TAM02,P6_JAM_4019PRS,Z4B : 4019CL fail to transfer to 4019PRS,UNCLASSIFIED,29,3,10.345,3,190,63.33,100,168.86,2
FLEX,TAM31,[00G3_K042]Program:UN02_Standard.ALMD_02G6_B023GLS,Z02 Under Guard Door Open =02G6_B023GLS,DOOR_OR_GUARD|OPERATOR_INITIATED_FLEX|STOP_ALARM_CANDIDATE,54,7,12.963,17,189,11.12,0,171.22,2.24
3GT,TAM02,P6_VFD2PS_ERR,Z4B: 4122MTR VFD2 OFF - Check 4013PS or 4014PS ON,LONG_DURATION,45,8,17.778,10,189,18.9,50,111.38,1.5
3GT,TAM09,P0_IMM_DT_FAIL,Z2A : IMM set up data out of range,ROOT_CAUSE_CANDIDATE,76,8,10.526,12,188,15.67,25,37.74,2.25
3GT,TAM02,P0_IMM_COM_TOUT,Z2A : Communication time out with IMM,STOP_ALARM_CANDIDATE|LONG_DURATION,13,3,23.077,5,188,37.6,0,99.69,2
3GT,TAM07,P3_Cam3_Vis_Com_TOUT,Z8: Camera #3- Communication time out failure,STOP_ALARM_CANDIDATE|CASCADE_SYMPTOM_CANDIDATE,149,2,1.342,3,188,62.67,0,33.38,1.67
3GT,TAM21,L21_P3_Z05A_Alarm.PRS0528_OnFail,Z05A : 528PRS Puck not detect,UNCLASSIFIED,36,2,5.556,3,188,62.67,33.33,82.69,1.33
FLEX,TAM27,[00G3_K022]Program:EM0901_PP_IMM_Xfer.ALMD_IMM_Halt_req,EM0901 IMM to Z09A Halt Request Alarm,ROOT_CAUSE_CANDIDATE,611,9,1.473,14,186,13.29,0,54.21,2
FLEX,TAM31,[00G3_K502]Program:EM10G4_Operator_Interface.ALMD_S504PBL_Actuated,EM10G4 S504PBL ZONE STOP PB4,STOP_ALARM_CANDIDATE|ROOT_CAUSE_CANDIDATE,315,9,2.857,13,186,14.31,0,106.01,2.62
FLEX,TAM31,[00G3_K003]Program:EM0372_Shingle_Check.ALMD_Shingle_FC_Detection,EM0372 Shingle FC is detected on Stage ( RIGHT SIDE ) at Shingle Check station,ROOT_CAUSE_CANDIDATE,520,4,0.769,8,186,23.25,0,-7.66,2
3GT,TAM23,L23_P4_Camera3.Alarm_10,Camera3 Cognex Camera is Offline,UNCLASSIFIED,77,4,5.195,7,185,26.43,0,134.12,1
3GT,TAM01,P3_HOPPER_EMPTY,Z8  : 855PRS Carton hopper is empty,CASCADE_SYMPTOM_CANDIDATE|LONG_DURATION,178,4,2.247,6,185,30.83,0,208.99,1
3GT,TAM22,L22_P1_Z02B_Warning.Cure_Temp,Z02B : Cure Temp deviation Alarm,WARNING|CASCADE_SYMPTOM_CANDIDATE,268,4,1.493,6,185,30.83,16.67,24.14,1.17
3GT,TAM02,P6_4005SRV_ERR_7,Z4B : 4005SRV Lag error,UNCLASSIFIED,34,3,8.824,3,185,61.67,33.33,-7.49,1.33
3GT,TAM09,P2_531CL_ERR_2,Z5B : 531CL Fail to retract (Rtrn buffer),UNCLASSIFIED,24,2,8.333,2,185,92.5,100,-18.37,2
3GT,TAM02,P0_271PRS_FAIL,Z2B : 271PRS Sensor fail,CASCADE_SYMPTOM_CANDIDATE,124,1,0.806,1,185,185,0,294.04,1
3GT,TAM18,P1_423PRS_FAIL1,Z4  : 423PRS fail to be ON,ROOT_CAUSE_CANDIDATE,118,13,11.017,16,184,11.5,43.75,59.59,2.38
FLEX,TAM28,[00G3_K502]Program:EM1062_Carton_Case_Xfer_Robot.ALMD_B506PS_OffFail,EM1062 B506PS OffFail,ROOT_CAUSE_CANDIDATE,74,1,1.351,3,184,61.33,0,191.02,1
3GT,TAM20,P7_CMD_FOIL_REJ,Z5B : Consecutive foil reject,UNCLASSIFIED,323,15,4.644,25,183,7.32,0,40.34,1
FLEX,TAM30,[00G3_K042]Program:UN05_Standard.ALMD_05G6_B002GLS,Z05 Guard Door Open =05G6_B002GLS,DOOR_OR_GUARD|OPERATOR_INITIATED_FLEX|STOP_ALARM_CANDIDATE|CASCADE_SYMPTOM_CANDIDATE,372,14,3.763,14,183,13.07,100,18.48,3
3GT,TAM22,L22_P4_1004PHS.Alarm1,Z10 : 1004PHS Carton missing (Check jam or sensor),STOP_ALARM_CANDIDATE,52,7,13.462,17,182,10.71,0,79.54,2
3GT,TAM10,P8_LABEL_NOTRDY,Z10 : Labeler is not ready,STOP_ALARM_CANDIDATE,87,2,2.299,5,182,36.4,0,82.07,2
3GT,TAM07,P0_CU_O2PGREQ1,Z2B : Cure O2 purge for Precure guard open,DOOR_OR_GUARD|POSSIBLE_OPERATOR_ACCESS_LEGACY|STOP_ALARM_CANDIDATE|LONG_DURATION,6,1,16.667,3,181,60.33,0,-3.05,2.67
3GT,TAM02,P2_512CL_ERR_1,Z5B : 512CL Fail to extend  (Lens xfer inlet),UNCLASSIFIED,19,1,5.263,1,181,181,100,214.68,2
3GT,TAM10,P1_307PRS_FAIL,Z3  : 307PRS Sensor fail,LONG_DURATION,18,1,5.556,1,181,181,0,31.85,1
3GT,TAM05,P2_SEAL_PRES_ERR,Z5B : DI removal seal pressure out of range,CASCADE_SYMPTOM_CANDIDATE|LONG_DURATION,353,10,2.833,15,180,12,26.67,27.92,1.13
3GT,TAM01,P1_312PRS_FAIL,Z3  : 312PRS Sensor fail,UNCLASSIFIED,93,4,4.301,6,180,30,83.33,147.6,1.83
3GT,TAM10,P6_REDOSE_ALMT2,Z4B : Tower 2 IPA Processing Dose Alarm,UNCLASSIFIED,93,8,8.602,12,179,14.92,41.67,45.05,1.42
3GT,TAM18,P1_405SRV_ERR_2,Z4  : 405SRV Driver error   (Stage load),UNCLASSIFIED,20,3,15,3,179,59.67,66.67,29.43,1.67
FLEX,TAM26,[00G3_K042]Program:UN02_Standard.ALMD_02G6_B003GLS,Z02 Guard Door Open =02G6_B003GLS,DOOR_OR_GUARD|OPERATOR_INITIATED_FLEX|STOP_ALARM_CANDIDATE|LONG_DURATION,34,8,23.529,15,178,11.87,26.67,58.08,3
FLEX,TAM26,[04G3_K022]Program:UN04_Standard.ALMD_04G6_K008SR,Z04 VE GUARD DOOR OPEN (=04G6_B026GLS),DOOR_OR_GUARD|OPERATOR_INITIATED_FLEX|STOP_ALARM_CANDIDATE|LONG_DURATION,6,1,16.667,3,178,59.33,0,64.28,3
3GT,TAM17,P6_HSC2FAIL_RST,Z4B : High speed counter #2 (4000FM) Fail to be Reset,UNCLASSIFIED,10,1,10,1,178,178,100,51.59,2
3GT,TAM07,P2_586CL_2_ERR_1,Z5B : 586CL-2 Fail To extend (good/bad),UNCLASSIFIED,47,6,12.766,11,177,16.09,27.27,97.07,1.27
3GT,TAM10,P1_304CL_ERR_2,Z3  : 304CL Fail to RETRACT (Bottom finger L),ROOT_CAUSE_CANDIDATE,51,2,3.922,6,177,29.5,50,114.24,2.33
3GT,TAM10,P3_807PHS3_MISS,Z8  : 807PHS-3 Array missing (Check jam or sensor),STOP_ALARM_CANDIDATE,36,2,5.556,5,177,35.4,0,141.43,2
3GT,TAM09,P2_ALI3_NOT_RDY,Z5B: ALI System not ready,STOP_ALARM_CANDIDATE|CASCADE_SYMPTOM_CANDIDATE,425,3,0.706,4,177,44.25,75,138.37,2.25
FLEX,TAM28,[00G3_K042]Program:UN05_Standard.ALMD_05G6_B005GLS,Z05 Guard Door Open =05G6_B005GLS,DOOR_OR_GUARD|OPERATOR_INITIATED_FLEX|STOP_ALARM_CANDIDATE|CASCADE_SYMPTOM_CANDIDATE,609,12,1.97,18,176,9.78,50,30.1,2.5
3GT,TAM10,P7_Foil_Break_Alarm,Z5B4 : Check for Foil Break or Jam,STOP_ALARM_CANDIDATE,5,4,80,15,176,11.73,0,123.39,2
3GT,TAM21,L21_P3_Z05A_Alarm.RBT_HomeError,Z05A : Mitsubishi robot could not done homing (Check IMM),UNCLASSIFIED,37,5,13.514,11,176,16,36.36,-12.01,1.36
FLEX,TAM25,[00G3_K042]Program:UN02_Standard.ALMD_02G6_B005GLS,Z02 Guard Door Open =02G6_B005GLS,DOOR_OR_GUARD|OPERATOR_INITIATED_FLEX|STOP_ALARM_CANDIDATE,23,3,13.043,9,176,19.56,11.11,91.98,2.56
3GT,TAM21,L21_P3_0574CL.stat.Fte,P3_0574CL Fail to Extend   !! Still pressurised with Perfect Block !!,UNCLASSIFIED,23,1,4.348,2,176,88,0,4.75,1
3GT,TAM17,P7_CMS_COM_TOUT,Z5B : Communication Time Out With Laser Marker,STOP_ALARM_CANDIDATE|ROOT_CAUSE_CANDIDATE,131,5,3.817,8,175,21.88,62.5,131.04,2.88
3GT,TAM02,P3_Cam3_Vis_Com_TOUT,Z8: Camera #3- Communication time out failure,STOP_ALARM_CANDIDATE|ROOT_CAUSE_CANDIDATE,121,7,5.785,14,174,12.43,0,69.13,2.79
3GT,TAM22,L22_P3_0521SRV.Over_Travel_Neg,P3_0521SRV Negative Over Travel,LONG_DURATION,31,9,29.032,14,174,12.43,0,-7.91,1
3GT,TAM23,L23_P4_Z06_Alarm.not_empty,Z06 : 607PHS Array remaining in tray slot,UNCLASSIFIED,49,8,16.327,13,174,13.38,30.77,45.05,1.31
3GT,TAM22,L22_P1_0244PRS.Alarm1,Z02B : 244PRS Sensor fail to be ON,UNCLASSIFIED,36,4,11.111,11,174,15.82,18.18,115.13,1.18
FLEX,TAM27,[00G3_K002]Program:EM0285_Cooling_Walking_Beam.ALMD_Adjacent_Door_Open,EM0285 Adjacent Door Open,DOOR_OR_GUARD|OPERATOR_INITIATED_FLEX|STOP_ALARM_CANDIDATE|CASCADE_SYMPTOM_CANDIDATE,379,7,1.847,10,174,17.4,0,98.1,2
3GT,TAM20,P0_295SV_ERR1,Z2B : 295SV Fail to open (Precure),LONG_DURATION,13,1,7.692,1,174,174,100,85.57,2
FLEX,TAM27,[00G3_K042]Program:UN05_Standard.ALMD_05G6_B008GLS,Z05 Under Guard Door Open =05G6_B008GLS,DOOR_OR_GUARD|OPERATOR_INITIATED_FLEX|STOP_ALARM_CANDIDATE|CASCADE_SYMPTOM_CANDIDATE,231,1,0.433,1,174,174,100,48.24,3
FLEX,TAM30,[00G3_K042]Program:UN05_Standard.ALMD_05G6_B004GLS,Z05 Guard Door Open =05G6_B004GLS,DOOR_OR_GUARD|OPERATOR_INITIATED_FLEX|STOP_ALARM_CANDIDATE|CASCADE_SYMPTOM_CANDIDATE,436,13,2.982,13,173,13.31,100,25.64,3
FLEX,TAM26,[00G3_K002]Program:EM0295_FC_Pallet_Infeed.ALMD_T001SVP_OverTravel_Neg,EM0295 T001SVP Accumulator Singulate Axis over travel negative,LONG_DURATION,2,1,50,2,173,86.5,0,191.03,1
3GT,TAM22,L22_P3_Z05A_Alarm.RBT_RunError,Z05A : Mitsubishi robot program was stopped,UNCLASSIFIED,15,2,13.333,6,172,28.67,33.33,48.54,1.33
3GT,TAM01,P0_IMM_DT_FAIL,Z2A : IMM set up data out of range,LONG_DURATION,65,7,10.769,17,171,10.06,0,93.91,1
3GT,TAM17,P3_619PHS_MISS,Z6  : 619PHS Array missing (Check jam or sensor),STOP_ALARM_CANDIDATE|ROOT_CAUSE_CANDIDATE,64,8,12.5,15,171,11.4,40,140.41,2.67
3GT,TAM20,P3_619PHS_MISS,Z6  : 619PHS Array missing (Check jam or sensor),STOP_ALARM_CANDIDATE|ROOT_CAUSE_CANDIDATE,88,7,7.955,14,171,12.21,21.43,145.25,2.57
3GT,TAM21,L21_P3_0521SRV.Over_Travel_Neg,P3_0521SRV Negative Over Travel,UNCLASSIFIED,72,6,8.333,10,171,17.1,0,6.37,1
FLEX,TAM26,[00G3_K002]Program:EM0200_RawMaterialTracking.ALMD_LotChange_Monomer_AL,Timeout occured entering RMT Info for MONOMER,LONG_DURATION,1,1,100,4,170,42.5,0,110.48,1
3GT,TAM09,P3_861PHS_MISS,Z8  : 861PHS Array missing (Check jam or sensor),STOP_ALARM_CANDIDATE|ROOT_CAUSE_CANDIDATE,107,8,7.477,17,169,9.94,0,151.89,2.35
3GT,TAM20,P3_603PHS_MISS,Z6  : 603PHS Array missing (Check jam or sensor),STOP_ALARM_CANDIDATE|ROOT_CAUSE_CANDIDATE,164,10,6.098,17,169,9.94,23.53,143.47,2.53
FLEX,TAM25,[00G3_K042]Program:UN05_Standard.ALMD_05G6_B012GLS,Z05 Under Guard Door Open =05G6_B012GLS,DOOR_OR_GUARD|OPERATOR_INITIATED_FLEX|STOP_ALARM_CANDIDATE,13,2,15.385,2,169,84.5,0,8.03,3
FLEX,TAM29,[00G3_K502]Program:EM0603_Stray_Stacker.ALMD_MainteDoorOpen,Mainte Door Opened - Loader side,DOOR_OR_GUARD|OPERATOR_INITIATED_FLEX|STOP_ALARM_CANDIDATE|LONG_DURATION,11,3,27.273,8,168,21,0,137.28,2.38
3GT,TAM18,P2_545PRS_ON_ER,Z5B : 545PRS Puck not detect,UNCLASSIFIED,35,4,11.429,7,168,24,14.29,129.74,1.14
3GT,TAM20,P2_IMM_DATA_BAD,Z5A:  IMM DATA BAD,UNCLASSIFIED,15,3,20,5,168,33.6,40,107.49,1.4
3GT,TAM02,P0_CUE_DOOR_OPN,Z2B : Cure Enclosure door opened,DOOR_OR_GUARD|POSSIBLE_OPERATOR_ACCESS_LEGACY|STOP_ALARM_CANDIDATE,36,8,22.222,12,167,13.92,0,104.67,2.5
3GT,TAM21,L21_P1_0241PRS.Alarm1,Z02B : 241PRS or 242PRS Sensor fail to be ON,UNCLASSIFIED,16,5,31.25,10,167,16.7,10,118.05,1.1
3GT,TAM23,L23_P4_0809CL.stat.Fte,P4_0809CL Fail to Extend,ROOT_CAUSE_CANDIDATE|LONG_DURATION,200,5,2.5,10,167,16.7,0,88.71,1.3
FLEX,TAM27,[04G3_K002]Program:EM0442_Tower2_Extraction.ALMD_Flu_Time_Long,EM0442 Tower #2 Flush time too long,UNCLASSIFIED,1,1,100,1,167,167,0,85.21,1
FLEX,TAM29,[00G3_K042]Program:UN05_Standard.ALMD_05G6_B002GLS,Z05 Guard Door Open =05G6_B002GLS,DOOR_OR_GUARD|OPERATOR_INITIATED_FLEX|STOP_ALARM_CANDIDATE|CASCADE_SYMPTOM_CANDIDATE,475,15,3.158,15,166,11.07,100,3.07,3
FLEX,TAM28,[04G3_K002]Program:EM04G6_Safety_Units.ALMD_GuardDoor_Opened,EM04G6 Guard door opened,DOOR_OR_GUARD|OPERATOR_INITIATED_FLEX|STOP_ALARM_CANDIDATE|LONG_DURATION,47,5,10.638,12,166,13.83,0,65.55,2.83
3GT,TAM01,P0_RBT_home_ERR,Z2A : Mitsubishi robot could not Home (check Netstal),UNCLASSIFIED,52,7,13.462,10,166,16.6,50,66.41,1.5
3GT,TAM20,P3_606CL_ERR_1,Z6  : 606CL Fail to extend (Array xfer up/down),ROOT_CAUSE_CANDIDATE,64,6,9.375,10,166,16.6,30,138.16,2
3GT,TAM23,L23_P4_Z10_Alarm.Sleeve_Level_Low,Z10 : Sleeve level (low/low) Sleeve hopper,ROOT_CAUSE_CANDIDATE,201,8,3.98,9,166,18.44,0,33.17,1.89
3GT,TAM18,P6_LONG_PG_ER,Z4B : Tower#2 extraction time too long,ROOT_CAUSE_CANDIDATE,68,5,7.353,7,166,23.71,28.57,61.33,2.14
3GT,TAM05,P16_CM3_Comm_Alm0,Z8  : Cognex Native Mode communication failure,CASCADE_SYMPTOM_CANDIDATE,761,3,0.394,5,166,33.2,0,0.8,1
FLEX,TAM31,[04G3_K022]Program:UN04_Standard.ALMD_04G6_K012SR,Z04 VE GUARD DOOR OPEN (=04G6_B030GLS),DOOR_OR_GUARD|OPERATOR_INITIATED_FLEX|STOP_ALARM_CANDIDATE,3,2,66.667,4,166,41.5,25,27.06,3
3GT,TAM22,L22_P3_Z05A_Alarm.RBT_CarryVacuumFail,Z05A : Robot curve carry vacuum fail,UNCLASSIFIED,65,5,7.692,11,165,15,27.27,30.3,1.27
3GT,TAM06,P0_219SRV_ERR_7,Z2B : 219SRV Lag error      (Preheat-ALI),UNCLASSIFIED,50,2,4,9,164,18.22,22.22,49.5,1.22
3GT,TAM10,P6_HSC3FAIL_RST,Z4B : High speed counter #3 (4001FM) Fail to be Reset,ROOT_CAUSE_CANDIDATE,66,4,6.061,7,164,23.43,0,108.78,1.57
FLEX,TAM27,[00G3_K002]Program:EM0332_FC_Transfer.ALMD_K001CTL_Guard_Open,EM0332 FC Transfer Robot Error: Safety Guard Open,DOOR_OR_GUARD|OPERATOR_INITIATED_FLEX|STOP_ALARM_CANDIDATE|CASCADE_SYMPTOM_CANDIDATE,793,3,0.378,3,164,54.67,0,179.33,2
3GT,TAM01,P3_807PHS4_MISS,Z8  : 807PHS-4 Array missing (Check jam or sensor),STOP_ALARM_CANDIDATE,85,1,1.176,3,163,54.33,0,158.89,2
3GT,TAM05,P3_ether_fail,Z6 : Ethernet Communication Failure,UNCLASSIFIED,14,5,35.714,11,162,14.73,45.45,111.87,1.45
3GT,TAM02,P2_534CL_ERR_1,Z5B : 534CL Fail to extend  (Rjct C/V #1 out),UNCLASSIFIED,125,7,5.6,10,162,16.2,40,56.82,1.4
3GT,TAM07,P1_SHINGLE_DET2,Z4  : FC shingle detect at 411PHS_2,UNCLASSIFIED,30,2,6.667,9,162,18,11.11,189.12,1.11
3GT,TAM06,P0_LOT_MISMATCH,Z2A : Mold information mismatch (middle of lot),ROOT_CAUSE_CANDIDATE|LONG_DURATION,75,4,5.333,7,162,23.14,14.29,27.74,1.86
3GT,TAM02,P3_HOPPER_EMPTY,Z8  : 854PRS Carton hopper is empty,ROOT_CAUSE_CANDIDATE,88,9,10.227,20,161,8.05,0,56.55,1.85
FLEX,TAM26,[00G3_K042]Program:UN03_Standard.ALMD_03G6_B001GLS,Z03 Guard Door Open =03G6_B001GLS,DOOR_OR_GUARD|OPERATOR_INITIATED_FLEX|STOP_ALARM_CANDIDATE|CASCADE_SYMPTOM_CANDIDATE,124,8,6.452,15,160,10.67,93.33,98.89,2.93
FLEX,TAM31,[00G3_K003]Program:EM0304_WB_Demold.ALMD_Adjacent_Door_Open,EM0304 Adjacent Door Open,DOOR_OR_GUARD|OPERATOR_INITIATED_FLEX|STOP_ALARM_CANDIDATE,26,4,15.385,11,160,14.55,0,12.48,3
3GT,TAM18,P2_510SHINGLE,Z5B : Shingle P.P. (510PHS),LONG_DURATION,48,3,6.25,7,160,22.86,28.57,100.96,1.29
3GT,TAM01,P2_500SRV_ERR_1,Z5A : 500SRV Fail to move   (P.P. Transfer),UNCLASSIFIED,12,2,16.667,5,160,32,0,51.34,1
3GT,TAM07,BC_Returnpallet_Sequence,Z2B: BC Loop: Excess Pallets Detected,NUISANCE_CHATTER_CANDIDATE|CASCADE_SYMPTOM_CANDIDATE,1738,5,0.288,5,160,32,0,1.06,1
3GT,TAM02,P6_OVER_HE_PEL,Z4B : Hyd. PEL over entry level during door open,DOOR_OR_GUARD|POSSIBLE_OPERATOR_ACCESS_LEGACY|STOP_ALARM_CANDIDATE|LONG_DURATION,2,1,50,8,159,19.88,12.5,142.26,2.25
3GT,TAM10,P2_52PS_ERROR_Z6,Z5B6: 52PS Air pressure low (Zone5B/6),UNCLASSIFIED,32,7,21.875,7,159,22.71,100,44.29,2
3GT,TAM05,P16_LPR_0_aoi_o_stsrdy,Z8  : Laser AOI not ready,STOP_ALARM_CANDIDATE|NUISANCE_CHATTER_CANDIDATE|CASCADE_SYMPTOM_CANDIDATE,92449,4,0.004,5,159,31.8,0,84.59,1
FLEX,TAM28,[00G3_K022]Program:EM0504_Predose_Inlet.ALMD_ITRAY_SHING,EM0504 I-tray shingle detect,ROOT_CAUSE_CANDIDATE,801,4,0.499,8,158,19.75,0,88.86,1.75
3GT,TAM09,P0_UNABLE_LOT_ST,Z2A : Unable to send - Lot Start infomation to DHR,LONG_DURATION,5,1,20,2,158,79,50,79.61,1.5
3GT,TAM02,P0_213SRV_ERR_7,Z2B : 213SRV Lag error      (Deposition),CASCADE_SYMPTOM_CANDIDATE,172,4,2.326,8,157,19.62,25,106.37,1.25
3GT,TAM21,L21_P4_0602SRV.PositionErrorFault,P4_0602SRV Position Error Fault,UNCLASSIFIED,10,1,10,3,157,52.33,0,13.98,1
3GT,TAM06,P0_210CL_ERR_2,Z2B : 210CL Fail to RETRACT (Push to sampl),LONG_DURATION,16,2,12.5,8,156,19.5,25,104.34,1.25
FLEX,TAM27,[04G3_K002]Program:EM0485_ReturnCV.ALMD_CV_Guard_Opened,EM0485 Return C/V Guard opened,DOOR_OR_GUARD|OPERATOR_INITIATED_FLEX|STOP_ALARM_CANDIDATE|LONG_DURATION,9,1,11.111,2,156,78,0,-53.46,2
3GT,TAM02,P2_529CL_ERR_2,Z5B : 529CL Fail to retract (Rtrn buffer in),UNCLASSIFIED,69,1,1.449,1,156,156,100,43.72,2
3GT,TAM05,P6_Z04B_4102SV_stat_Fto,Z04B : 4102SV (Recycle/Sump Diverter Sol Valve) failed to Open,UNCLASSIFIED,42,4,9.524,6,155,25.83,33.33,17.55,1.33
3GT,TAM21,L21_P6_4017PRS.Alarm2,Z04C : 4017PRS Sensor fail to be on,LONG_DURATION,7,2,28.571,4,155,38.75,0,147.69,1
3GT,TAM01,P0_RBT_GNRL_ERR,Z2A : Mitsubishi robot error (Check Robot controler),CASCADE_SYMPTOM_CANDIDATE,540,3,0.556,3,155,51.67,66.67,23.99,1.67
3GT,TAM06,P1_23PS_ERROR_Z3,Z2-3: 23PS Air pressure low,UNCLASSIFIED,41,2,4.878,3,155,51.67,100,74.74,2
FLEX,TAM24,[00G3_K002]Program:EM0285_Cooling_Walking_Beam.ALMD_Adjacent_Door_Open,EM0285 Adjacent Door Open,DOOR_OR_GUARD|OPERATOR_INITIATED_FLEX|STOP_ALARM_CANDIDATE|CASCADE_SYMPTOM_CANDIDATE,719,8,1.113,10,154,15.4,0,156.26,2
3GT,TAM09,P7_CMD_FOIL_REJ,Z5B : Consecutive foil reject,ROOT_CAUSE_CANDIDATE,126,3,2.381,9,154,17.11,0,-6.8,2
3GT,TAM17,P3_CM5_OCV_FAIL,Z8: Camera #3- 3 consecutive OCV failure,ROOT_CAUSE_CANDIDATE,113,2,1.77,4,154,38.5,0,9.6,2
3GT,TAM20,P2_534CL_ERR_1,Z5B : 534CL Fail to extend  (Rjct C/V #1 out),ROOT_CAUSE_CANDIDATE,118,16,13.559,16,153,9.56,37.5,3.66,2.31
FLEX,TAM26,[04G3_K022]Program:UN04_Standard.ALMD_04G6_B020GLS,Z04 GUARD DOOR OPEN (=04G6_B020GLS),DOOR_OR_GUARD|OPERATOR_INITIATED_FLEX|STOP_ALARM_CANDIDATE|LONG_DURATION,15,1,6.667,1,152,152,100,-18.28,3
3GT,TAM18,P3_1015PHS_MISS,Z10 : 1015PHS Empty-tray jam/sensor fail (Missing),STOP_ALARM_CANDIDATE,151,10,6.623,21,151,7.19,0,132.33,2
3GT,TAM22,L22_P4_1019PHS.Alarm1,Z10 : 1019PHS Carton jam (Remove carton),STOP_ALARM_CANDIDATE|CASCADE_SYMPTOM_CANDIDATE,179,6,3.352,14,151,10.79,0,100.85,1.57
3GT,TAM06,P7_PULL_CODE,PLC7: Emergency stop pull cord pulled,STOP_ALARM_CANDIDATE|LONG_DURATION,2,1,50,4,151,37.75,0,153.61,2
3GT,TAM01,P3_LABEL_NOTRDY,Z10 : Labeler is not ready,STOP_ALARM_CANDIDATE|CASCADE_SYMPTOM_CANDIDATE|LONG_DURATION,192,9,4.688,15,150,10,0,88.78,1.53
3GT,TAM05,P3_615PHS_UKNOW,Z6  : 615PHS Tray jam or sensor fail (Remain),STOP_ALARM_CANDIDATE,47,2,4.255,9,150,16.67,11.11,132.01,2.11
FLEX,TAM25,[00G3_K502]Program:EM1062_Carton_Case_Xfer_Robot.ALMD_K501CTL_Guard_Open,EM1062 Robot Error: Safety Guard Open,DOOR_OR_GUARD|OPERATOR_INITIATED_FLEX|STOP_ALARM_CANDIDATE|CASCADE_SYMPTOM_CANDIDATE,1037,4,0.386,6,150,25,0,179.74,2
FLEX,TAM25,[00G3_K002]Program:EM0312_Demold.ALMD_T001SVP_Driver_Fault,EM0312 T001SVP Demold Upper Fingers Driver fault,STOP_ALARM_CANDIDATE,5,2,40,3,150,50,0,44.57,2
3GT,TAM07,P3_865PHS_MISS,Z8  : 865PHS Carton missing (Check jam or sensor),STOP_ALARM_CANDIDATE,16,3,18.75,6,149,24.83,0,99.65,2
3GT,TAM06,P0_CUE_DOOR_OPN,Z2B : Cure Enclosure door opened,DOOR_OR_GUARD|POSSIBLE_OPERATOR_ACCESS_LEGACY|STOP_ALARM_CANDIDATE|LONG_DURATION,58,2,3.448,4,149,37.25,0,156.21,2.25
FLEX,TAM31,[04G3_K002]Program:EM04G6_Safety_Units.ALMD_GuardDoor_Opened,EM04G6 Guard door opened,DOOR_OR_GUARD|OPERATOR_INITIATED_FLEX|STOP_ALARM_CANDIDATE,71,2,2.817,3,149,49.67,0,55.41,3
3GT,TAM17,P0_O2_LEVEL_ERR,Z2B : Zone02B O2 Level reached alarm level,LONG_DURATION,72,2,2.778,4,148,37,25,20.09,1.25
3GT,TAM20,P3_1003PHS_MISS,Z10 : 1003PHS Carton missing (Check jam or sensor),STOP_ALARM_CANDIDATE,113,6,5.31,13,147,11.31,0,135.62,2
3GT,TAM22,L22_P2_Z04B_Warning.Stage_Bypass,Z04B : Stage Bypass selected,WARNING|LONG_DURATION,6,3,50,8,147,18.38,25,87.22,1.25
3GT,TAM23,L23_P4_Z08_Alarm.same_trail,Z08 : 851BCR-1 same trail code has read,UNCLASSIFIED,32,3,9.375,5,147,29.4,0,38.39,1
3GT,TAM02,P7_CMD_FOIL_REJ,Z5B : Consecutive foil reject,ROOT_CAUSE_CANDIDATE,101,7,6.931,14,146,10.43,7.14,33.06,1.93
3GT,TAM20,P3_864PHS_MISS,Z8  : 864PHS Carton missing (Check jam or sensor),STOP_ALARM_CANDIDATE|ROOT_CAUSE_CANDIDATE,53,5,9.434,9,145,16.11,0,133.15,2.33
3GT,TAM23,L23_P4_0865PHS.Alarm1,Z08 : 865PHS Carton missing (Check jam or sensor),STOP_ALARM_CANDIDATE,16,4,25,9,145,16.11,0,122.1,2
3GT,TAM02,P1_4222CL_ERR_1,Z4  : 422CL-2 Fail to EXTEND (FC xfer X2),LONG_DURATION,17,4,23.529,5,145,29,60,68.73,1.6
FLEX,TAM26,[00G3_K042]Program:UN05_Standard.ALMD_05G6_B006GLS,Z05 Guard Door Open =05G6_B006GLS,DOOR_OR_GUARD|OPERATOR_INITIATED_FLEX|STOP_ALARM_CANDIDATE|CASCADE_SYMPTOM_CANDIDATE,169,6,3.55,6,144,24,100,10.21,3
3GT,TAM01,P0_SHINGLE_ERR,Z2B : 210PHS Shingling pallet (Assembly),UNCLASSIFIED,20,2,10,5,144,28.8,40,82.12,1.4
3GT,TAM17,P3_1017PHS_MISS,Z10 : 1017PHS Empty-tray jam/sensor fail (Missing),STOP_ALARM_CANDIDATE,28,2,7.143,3,144,48,0,41.19,2
3GT,TAM21,L21_P1_Z02B_Warning.Cure_Temp,Z02B : Cure Temp deviation Alarm,WARNING|CASCADE_SYMPTOM_CANDIDATE,391,3,0.767,3,144,48,100,-7.68,2
3GT,TAM22,L22_P1_Z02B_Idle.HMI01,Warning: Zone2B is idle.,WARNING|CASCADE_SYMPTOM_CANDIDATE,837,1,0.119,2,144,72,0,26.84,1
FLEX,TAM25,[04G3_K002]Program:EM0430_Elevator3.ALMD_T001SVP_Driver_Fault,EM0430 T001SVP Elevator #3 Driver fault,STOP_ALARM_CANDIDATE,9,1,11.111,2,144,72,0,49.48,2
3GT,TAM22,L22_P4_0603PHS.Alarm2,Z06 : 603PHS Array missing (Check jam or sensor),STOP_ALARM_CANDIDATE|CASCADE_SYMPTOM_CANDIDATE,168,4,2.381,10,143,14.3,40,154.98,1.8
FLEX,TAM25,[04G3_K002]Program:EM0471_Tower3_Top.ALMD_T001SVP_Driver_Fault,EM0471 T001SVP Tower #3 Extraction head Driver fault,STOP_ALARM_CANDIDATE|ROOT_CAUSE_CANDIDATE,134,7,5.224,10,143,14.3,0,119.05,2.5
FLEX,TAM27,[00G3_K042]Program:UN03_Standard.ALMD_03G6_B001GLS,Z03 Guard Door Open =03G6_B001GLS,DOOR_OR_GUARD|OPERATOR_INITIATED_FLEX|STOP_ALARM_CANDIDATE|CASCADE_SYMPTOM_CANDIDATE,194,5,2.577,10,143,14.3,100,162.33,3
3GT,TAM05,BC_Returnpallet_Sequence,Z2B: BC Loop: Excess Pallets Detected,CASCADE_SYMPTOM_CANDIDATE,1101,8,0.727,9,143,15.89,11.11,31.43,1
3GT,TAM22,L22_P3_0510PHS.Alarm1,Z05B : Shingle P.P. (510PHS),UNCLASSIFIED,89,3,3.371,6,143,23.83,33.33,89.72,1.33
3GT,TAM10,P1_301SRV_ERR_9,Z3  : 301SRV Servo pack is abnormal (ALI plt xfer),UNCLASSIFIED,17,2,11.765,3,143,47.67,66.67,86.66,1.67
3GT,TAM22,L22_P1_Z02B_Warning.CureO2LevelHigh,Z02B : Cure O2 level high,WARNING|LONG_DURATION,11,2,18.182,3,143,47.67,0,1.21,1
3GT,TAM01,P0_272PRS_FAIL,Z2B : 272PRS Sensor fail,UNCLASSIFIED,21,4,19.048,7,142,20.29,28.57,191.85,1.29
3GT,TAM10,P1_PULL_CORD_Z3,PLC1: Emergency stop pull cord pulled,STOP_ALARM_CANDIDATE,3,2,66.667,4,142,35.5,100,76.34,3
3GT,TAM20,P7_513VAC_ERR,Z5B : 513VAC Foil suction vacuum fault,ROOT_CAUSE_CANDIDATE,157,10,6.369,13,141,10.85,46.15,45.76,2.31
3GT,TAM17,P0_IMM_DT_FAIL,Z2A : IMM set up data out of range,UNCLASSIFIED,118,6,5.085,10,141,14.1,30,62.73,1.3
FLEX,TAM28,[00G3_K002]Program:EM0368_FC_Detection_To_FC_Transfer.ALMD_B001IDR_ConsNoRead,EM0368  B001IDR Consecutive No Read,LONG_DURATION,29,2,6.897,6,141,23.5,0,145.4,1
3GT,TAM01,P2_586CL_2_ERR_1,Z5B : 586CL-2 Fail To extend (good/bad),UNCLASSIFIED,25,3,12,5,141,28.2,20,58.05,1.2
3GT,TAM06,P3_619PHS_MISS,Z6  : 619PHS Array missing (Check jam or sensor),STOP_ALARM_CANDIDATE,19,3,15.789,5,141,28.2,60,113.95,2.6
FLEX,TAM31,[00G3_K502]Program:EM1021_Empty_Carton_Xfer_Robot.ALMD_ConsecutiveBCRNoRead,Conscutive BCR No read,ROOT_CAUSE_CANDIDATE,622,2,0.322,5,141,28.2,0,52.15,1.8
3GT,TAM10,P2_553PHS_OF_ER,Z5AB: 553PHS still ON,UNCLASSIFIED,9,1,11.111,3,141,47,33.33,233.6,1.33
3GT,TAM06,P1_SHINGLE_DET2,Z4  : FC shingle detect at 411PHS_2,ROOT_CAUSE_CANDIDATE,154,7,4.545,12,140,11.67,33.33,135.72,2
FLEX,TAM24,[00G3_K042]Program:UN06_Standard.ALMD_06G6_B501GLS,Z06 Guard Door Open =06G6_B501GLS,DOOR_OR_GUARD|OPERATOR_INITIATED_FLEX|STOP_ALARM_CANDIDATE,91,6,6.593,9,140,15.56,55.56,189.82,2.67
3GT,TAM05,FSGateway_status,Z5  : 848M MC Feedback error,UNCLASSIFIED,10,1,10,7,140,20,14.29,120.25,1.14
3GT,TAM01,P2_510SHINGLE,Z5B : Shingle P.P. (510PHS),CASCADE_SYMPTOM_CANDIDATE,628,4,0.637,5,140,28,20,75.41,1.2
3GT,TAM02,P0_236CL_ERR_1,Z2B : 236CL Fail to EXTEND  (Shutter@cure),UNCLASSIFIED,34,2,5.882,4,140,35,25,142.6,1.25
3GT,TAM07,P3_609CL_FTE_1,Z6  : 609CL-1 Fail to extend (Array chuck),ROOT_CAUSE_CANDIDATE,42,1,2.381,4,140,35,0,28.29,2
3GT,TAM22,L22_P4_Camera3.Alarm_09,Camera3 Cognex Field value mismatch,UNCLASSIFIED,76,2,2.632,4,140,35,0,3.59,1
3GT,TAM01,P2_514PRS_OF_ER,Z5B : 514PRS still ON,UNCLASSIFIED,85,2,2.353,3,140,46.67,0,11.53,1
3GT,TAM01,P1_406CL_ERR_1,Z4  : 406CL Fail to EXTEND  (Plt xfer1@Junct),LONG_DURATION,9,2,22.222,2,140,70,50,114.87,1.5
FLEX,TAM28,[09G3_K002]Program:EM0903_Slider_A.ALMD_IMM_A_Not_Running,EM0901 IMM (A) Alarm: IMM (A) Not Running Error,STOP_ALARM_CANDIDATE|LONG_DURATION,30,1,3.333,1,140,140,0,0.94,2
3GT,TAM02,P7_FOIL_ID_ERR,Z5B: Camera #1- Foil ID mismatch,ROOT_CAUSE_CANDIDATE,78,7,8.974,12,139,11.58,16.67,83.53,2
3GT,TAM01,P1_175PALMISMAC,Z4  : Location 175 Pallet Data Mismatch,UNCLASSIFIED,4,3,75,5,138,27.6,20,109.13,1.2
3GT,TAM10,P0_IMM_out_of_range,Z2A : IMM parameter(s) out of range,LONG_DURATION,10,2,20,4,138,34.5,0,97.57,1
3GT,TAM10,P0_Z2_210SRV_GrdOpen,Z02B: 210SRV Guard Open,DOOR_OR_GUARD|POSSIBLE_OPERATOR_ACCESS_LEGACY|STOP_ALARM_CANDIDATE|NUISANCE_CHATTER_CANDIDATE,139,9,6.475,17,137,8.06,5.88,48.6,1.65
3GT,TAM21,L21_P4_Z08_Warning.Camera3_InspectNG,Z08 : Camera3 Inspection failure,WARNING|CASCADE_SYMPTOM_CANDIDATE,7551,12,0.159,15,137,9.13,0,32.53,1
3GT,TAM22,L22_P4_1013PHS.Alarm2,Z10 : 1013PHS Full tray jam/sensor fail (Remain),STOP_ALARM_CANDIDATE,50,7,14,14,137,9.79,0,97.31,2
3GT,TAM09,P2_510SHINGLE,Z5B : Shingle P.P. (510PHS),ROOT_CAUSE_CANDIDATE,255,8,3.137,10,137,13.7,40,75.57,2.2
3GT,TAM17,P3_1002BCR_NR,Z10 : 1002BCR No read failure (Case ID),ROOT_CAUSE_CANDIDATE,263,5,1.901,9,137,15.22,0,95.95,1.67
FLEX,TAM25,[04G3_K002]Program:EM0472_Tower3_Extraction.ALMD_K002CTL_CommError,EM0472 K001CTL Controller Communication Error,STOP_ALARM_CANDIDATE,98,4,4.082,9,137,15.22,0,34.85,2
3GT,TAM07,P3_609CL_FTE_4,Z6  : 609CL-4 Fail to extend (Array chuck),ROOT_CAUSE_CANDIDATE,60,4,6.667,6,137,22.83,16.67,15.88,2
FLEX,TAM29,[00G3_K042]Program:UN10_Standard.ALMD_10G6_B505GLS,Z10 Guard Door Open =10G6_B505GLS,DOOR_OR_GUARD|OPERATOR_INITIATED_FLEX|STOP_ALARM_CANDIDATE|CASCADE_SYMPTOM_CANDIDATE,1718,3,0.175,6,137,22.83,0,-26.81,2
3GT,TAM22,L22_P1_Z02B_Warning.BC_Drop_Left,Z02B : BC drop left side,WARNING,61,2,3.279,4,137,34.25,0,110.09,1
3GT,TAM02,P7_536PRS_ON_ER,Z5B : 536PRS Retainer not detect,UNCLASSIFIED,39,2,5.128,3,137,45.67,66.67,100.28,1.67
3GT,TAM01,P2_524CL_ERR_1,Z5B : 524CL Fail to extend  (Saline buffer),UNCLASSIFIED,41,2,4.878,2,137,68.5,100,177.36,2
3GT,TAM18,P1_FC_VRIFY_ERR,Z4  : FC detected on the stage (FC verify),ROOT_CAUSE_CANDIDATE,67,7,10.448,16,136,8.5,31.25,77.87,2.06
3GT,TAM06,P1_303CL_ERR_2,Z3  : 303CL Fail to RETRACT (Bottom finger R),ROOT_CAUSE_CANDIDATE,174,4,2.299,8,136,17,25,20.5,2.25
3GT,TAM21,L21_P3_0511SRV.Driver_Fault,P3_0511SRV Driver Axis Fault,UNCLASSIFIED,42,3,7.143,6,136,22.67,0,70.97,1
3GT,TAM01,P7_CMS_NOT_RDY,Z5B : CMS Laser is not ready alarm,STOP_ALARM_CANDIDATE,61,4,6.557,5,136,27.2,20,131.03,2.2
3GT,TAM05,P2_524CL_ERR_2,Z5B : 524CL Fail to retract (Saline buffer),UNCLASSIFIED,21,2,9.524,5,136,27.2,40,111.9,1.4
3GT,TAM07,P0_FC_VAC_CMC,Z2A : FC Vacuum CMC error,UNCLASSIFIED,21,2,9.524,3,136,45.33,0,1.1,1
3GT,TAM20,P3_ZSTOP_AJ_Z08,Z6  : Zone stop caused by adjacent zone8,STOP_ALARM_CANDIDATE,16,5,31.25,14,135,9.64,28.57,57.95,2.29
3GT,TAM01,P7_CMS_COM_TOUT,Z5B : Communication Time Out With Laser Marker,STOP_ALARM_CANDIDATE,87,2,2.299,7,135,19.29,0,-25.09,2
FLEX,TAM31,[04G3_K002]Program:EM0480_Elevator5.ALMD_K001CTL_CommError,EM0480 K001CTL Controller Communication Error,STOP_ALARM_CANDIDATE,82,4,4.878,6,135,22.5,0,42.07,2
3GT,TAM21,L21_P1_Z02B_Alarm.Ivek_Manual,Z02B : IVEK is in Manual mode (Monomer dosing),UNCLASSIFIED,39,4,10.256,4,135,33.75,50,8.96,1.5
FLEX,TAM29,[00G3_K042]Program:UN02_Standard.ALMD_02G6_B023GLS,Z02 Under Guard Door Open =02G6_B023GLS,DOOR_OR_GUARD|OPERATOR_INITIATED_FLEX|STOP_ALARM_CANDIDATE,28,5,17.857,15,134,8.93,6.67,132.32,2.67
3GT,TAM05,P2_CMM_512ID,Z5B : Consecutive 512IDR mismatch,UNCLASSIFIED,39,6,15.385,12,134,11.17,8.33,110.82,1.08
FLEX,TAM26,[00G3_K002]Program:EM0348_Sample.ALMD_M001CL_Faulted,EM0348 M001CL Sample Reject Left Cylinder Fault,ROOT_CAUSE_CANDIDATE,207,3,1.449,10,134,13.4,0,127.6,1.7
3GT,TAM22,L22_P1_0263CL.stat.Fte,P1_0263CL Fail to Extend,UNCLASSIFIED,25,2,8,6,134,22.33,0,9.55,1
3GT,TAM23,L23_P4_Z08_Alarm.Cam3InspectNG,Z08 : Camera3 3 Consecutive Inspection failure,CASCADE_SYMPTOM_CANDIDATE,715,1,0.14,1,134,134,0,290.61,1
3GT,TAM09,P3_807PHS2_MISS,Z8  : 807PHS-2 Array missing (Check jam or sensor),STOP_ALARM_CANDIDATE|ROOT_CAUSE_CANDIDATE,85,6,7.059,13,133,10.23,0,165.34,2.38
FLEX,TAM29,[00G3_K042]Program:UN02_Standard.ALMD_02G6_B021GLS,Z02 Under Guard Door Open =02G6_B021GLS,DOOR_OR_GUARD|OPERATOR_INITIATED_FLEX|STOP_ALARM_CANDIDATE,55,8,14.545,13,133,10.23,23.08,62.7,2.77
3GT,TAM01,P2_MRSVACRelief_Fail,Z5B: MRS Vacuum Relief Failed - 581SV,CASCADE_SYMPTOM_CANDIDATE,3178,11,0.346,12,133,11.08,41.67,9.8,1.33
3GT,TAM02,P1_400_2MIS_ERR,Z4  : 3 Consective Detection 400ID2 Data Mismatch,ROOT_CAUSE_CANDIDATE,81,9,11.111,12,133,11.08,33.33,124.45,1.92
3GT,TAM18,P2_527PHS2_ON_ER,Z5B : 527PHS-2 still OFF,ROOT_CAUSE_CANDIDATE,167,8,4.79,12,133,11.08,33.33,92.04,1.92
3GT,TAM18,P1_SHINGLE_DET3,Z4  : FC shingle detect at 411PHS_3,UNCLASSIFIED,115,5,4.348,7,133,19,42.86,96.6,1.43
FLEX,TAM29,[00G3_K003]Program:EM0332_FC_Transfer.ALMD_K001CTL_Guard_Open,EM0332 FC Transfer Robot Error: Safety Guard Open,DOOR_OR_GUARD|OPERATOR_INITIATED_FLEX|STOP_ALARM_CANDIDATE|CASCADE_SYMPTOM_CANDIDATE,1854,4,0.216,5,133,26.6,0,181.2,2
3GT,TAM18,P6_LONG_DI1_ER,Z4B : Tower #1 extraction time too long,UNCLASSIFIED,94,6,6.383,7,132,18.86,42.86,70.62,1.43
FLEX,TAM25,[00G3_K042]Program:UN05_Standard.ALMD_05G6_B004GLS,Z05 Guard Door Open =05G6_B004GLS,DOOR_OR_GUARD|OPERATOR_INITIATED_FLEX|STOP_ALARM_CANDIDATE|CASCADE_SYMPTOM_CANDIDATE,282,7,2.482,7,132,18.86,100,10.33,3
3GT,TAM21,L21_P3_0514LS.Alarm1,Z05B : Foil transfer unit opened,LONG_DURATION,25,8,32,11,131,11.91,45.45,-2.01,1.45
3GT,TAM22,L22_P1_Z01_Alarm.IMM_Alarm,Z01 : IMM is in alarm condition,CASCADE_SYMPTOM_CANDIDATE,242,10,4.132,10,131,13.1,90,40.63,1.9
FLEX,TAM26,[04G3_K002]Program:EM04G6_Safety_Units.ALMD_GuardDoor_Opened,EM04G6 Guard door opened,DOOR_OR_GUARD|OPERATOR_INITIATED_FLEX|STOP_ALARM_CANDIDATE|LONG_DURATION,71,4,5.634,9,131,14.56,0,108.51,2.67
3GT,TAM01,P0_IMM_COM_TOUT,Z2A : Communication time out with IMM,STOP_ALARM_CANDIDATE|LONG_DURATION,9,5,55.556,6,131,21.83,0,65.32,2
3GT,TAM18,P3_1019PHSUKNOW,Z10 : 1019PHS Carton jam (Remove carton),STOP_ALARM_CANDIDATE,66,4,6.061,6,131,21.83,0,113.64,2
FLEX,TAM31,[00G3_K022]Program:EM0556_Array_Transfer.ALMD_Chuck_Overload5,EM0556 Array Jam detect (Chuck Overload) Check B005PRS,STOP_ALARM_CANDIDATE,24,2,8.333,6,131,21.83,0,33.61,2
FLEX,TAM30,[00G3_K042]Program:UN02_Standard.ALMD_02G6_B014GLS,Z02 Guard Door Open =02G6_B014GLS,DOOR_OR_GUARD|OPERATOR_INITIATED_FLEX|STOP_ALARM_CANDIDATE|LONG_DURATION,4,1,25,5,131,26.2,20,-2.15,3
3GT,TAM02,P0_213SRV_ERR_6,Z2B : 213SRV Lead error     (Deposition),UNCLASSIFIED,36,2,5.556,5,130,26,20,0.12,1.2
3GT,TAM18,P1_300SRV_ERR_2,Z3  : 300SRV Driver error   (Demold),UNCLASSIFIED,9,2,22.222,5,130,26,80,32.21,1.8
3GT,TAM02,P0_233CL_ERR_1,Z2B : 233CL Fail to EXTEND  (Prec out U/D),CASCADE_SYMPTOM_CANDIDATE,117,1,0.855,4,130,32.5,25,151.53,1.25
3GT,TAM06,P1_PULL_CORD_Z3,PLC1: Emergency stop pull cord pulled,STOP_ALARM_CANDIDATE|LONG_DURATION,1,1,100,2,130,65,100,113.51,3
3GT,TAM21,L21_P3_0510SRV.Driver_Fault,P3_0510SRV Driver Axis Fault,UNCLASSIFIED,36,2,5.556,2,130,65,0,31.76,1
3GT,TAM20,P0_PC_TMPLOW_ER,Z2B : Precure FC side flow temp low error,UNCLASSIFIED,8,1,12.5,1,130,130,0,-11.19,1
3GT,TAM05,P0_LOT_MISMATCH,Z2A : Mold information mismatch (middle of lot),CASCADE_SYMPTOM_CANDIDATE,245,12,4.898,12,129,10.75,83.33,73.58,1.83
3GT,TAM21,L21_P3_Z05C_Alarm.Chuck_Opened,Z05C : Foil bobbin chuck open,UNCLASSIFIED,65,4,6.154,11,129,11.73,27.27,98.45,1.27
3GT,TAM23,L23_P4_Z10_Warning.Labeler_low,Z10 : Label or Ribbon is near end,WARNING|LONG_DURATION,28,2,7.143,6,129,21.5,0,105.38,1
3GT,TAM01,P1_PULL_CORD_Z3,PLC1: Emergency stop pull cord pulled,STOP_ALARM_CANDIDATE|LONG_DURATION,5,1,20,1,129,129,100,-16,3
FLEX,TAM31,[00G3_K042]Program:UN05_Standard.ALMD_05G6_B012GLS,Z05 Under Guard Door Open =05G6_B012GLS,DOOR_OR_GUARD|OPERATOR_INITIATED_FLEX|STOP_ALARM_CANDIDATE,19,7,36.842,13,128,9.85,23.08,61.7,2.85
FLEX,TAM31,[00G3_K042]Program:UN05_Standard.ALMD_05G6_B006GLS,Z05 Guard Door Open =05G6_B006GLS,DOOR_OR_GUARD|OPERATOR_INITIATED_FLEX|STOP_ALARM_CANDIDATE|CASCADE_SYMPTOM_CANDIDATE,379,8,2.111,12,128,10.67,50,32.34,2.5
3GT,TAM20,P6_4016GLS_FAIL,Z4B : 4016LCK Airlock Feedback Fail,UNCLASSIFIED,25,7,28,10,128,12.8,0,0.55,1
3GT,TAM21,L21_P4_Z10_Alarm.Sleeve_Level_Low,Z10 : Sleeve level (low/low) Sleeve hopper,UNCLASSIFIED,67,3,4.478,7,128,18.29,0,14.07,1
FLEX,TAM30,[00G3_K042]Program:UN02_Standard.ALMD_02G6_B008GLS,Z02 Guard Door Open =02G6_B008GLS,DOOR_OR_GUARD|OPERATOR_INITIATED_FLEX|STOP_ALARM_CANDIDATE,17,2,11.765,7,128,18.29,14.29,114.88,2.71
3GT,TAM07,P3_609CL_FTE_3,Z6  : 609CL-3 Fail to extend (Array chuck),ROOT_CAUSE_CANDIDATE,132,4,3.03,5,128,25.6,20,35.44,2
3GT,TAM21,L21_P4_1018PHS.Alarm2,Z10 : 1018PHS Empty-tray jam/sensor fail (Remain),STOP_ALARM_CANDIDATE,5,1,20,3,128,42.67,0,-4.27,2
3GT,TAM06,P2_51PS_ERROR,Z5B : 51PS Air pressure low,LONG_DURATION,29,1,3.448,1,128,128,0,5.05,1
3GT,TAM17,P2_STICK_DI_REM,Z5B : DI removal sticking (549PHS),ROOT_CAUSE_CANDIDATE,595,8,1.345,15,127,8.47,6.67,6.77,2
3GT,TAM05,P0_Zone02B_NoMove,Z2B : Zone02B not moving...,UNCLASSIFIED,48,6,12.5,9,127,14.11,11.11,41.06,1.11
3GT,TAM05,P6_Z04B_ALM_TWR1_CnsRedoseFault,Z04B : Tower1 consecutive redose fault,UNCLASSIFIED,13,4,30.769,6,127,21.17,33.33,7.46,1.33
3GT,TAM23,L23_P4_Z06_Warning.Loading_Bypass,Z06 : Loader Loading Bypass,WARNING|LONG_DURATION,11,1,9.091,1,127,127,100,67.04,2
3GT,TAM22,L22_P4_0607PHS_01.Alarm2,Z06 : 607PHS-1 Unknown array detect (Remove array),UNCLASSIFIED,18,3,16.667,5,126,25.2,40,95.08,1.4
3GT,TAM17,P1_41PS_ERROR,Z4-5: 41PS Air pressure low,LONG_DURATION,31,2,6.452,2,126,63,100,78.77,2
3GT,TAM21,L21_P4_Z08_Warning.Low_0082PS,Z08 : 82PS Pressure Low (Vacuum Rail),WARNING|CASCADE_SYMPTOM_CANDIDATE,539,2,0.371,2,126,63,0,8.07,1
3GT,TAM07,P1_403CL_ERR_2,Z4  : 403CL Fail to RETRACT (FC xfer inlet),UNCLASSIFIED,27,1,3.704,1,126,126,100,-2.45,2
3GT,TAM01,P3_1019PHS_MISS,Z10 : 1019PHS Carton missing (Check jam or sensor),STOP_ALARM_CANDIDATE,40,7,17.5,11,125,11.36,0,60.3,2
3GT,TAM18,PSS1_FB_ERR2_10,PSS1: 565M Feedback Error,ROOT_CAUSE_CANDIDATE,120,3,2.5,10,125,12.5,0,-18.1,1.3
FLEX,TAM28,[00G3_K002]Program:EM0332_FC_Transfer.ALMD_K001CTL_Guard_Open,EM0332 FC Transfer Robot Error: Safety Guard Open,DOOR_OR_GUARD|OPERATOR_INITIATED_FLEX|STOP_ALARM_CANDIDATE|CASCADE_SYMPTOM_CANDIDATE,1251,6,0.48,10,125,12.5,0,71.79,2
3GT,TAM01,P3_HMI1_ComlLoss,Z8  : Unable to Communicate with HMI #1,CASCADE_SYMPTOM_CANDIDATE,1065,6,0.563,8,125,15.62,0,121.39,1
3GT,TAM21,L21_P1_Z02B_Idle.HMI01,Warning: Zone2B is idle.,WARNING|CASCADE_SYMPTOM_CANDIDATE,824,6,0.728,8,125,15.62,12.5,26.8,1.12
3GT,TAM20,P0_219SRV_ERR_7,Z2B : 219SRV Lag error      (Preheat-ALI),UNCLASSIFIED,58,3,5.172,7,125,17.86,14.29,111.04,1.14
3GT,TAM21,L21_P1_Z02A_Warning.BypassZoneDown,Z02A : IMM bypass due to Zone01/02A down,WARNING|CASCADE_SYMPTOM_CANDIDATE,335,5,1.493,6,125,20.83,33.33,43.55,1.33
3GT,TAM01,P7_PIT_IN_SHGL,Z5B: Shingle array at foil press unit,CASCADE_SYMPTOM_CANDIDATE,114,3,2.632,5,125,25,0,83.6,1
FLEX,TAM31,[04G3_K002]Program:EM0471_Tower3_Top.ALMD_T001SVP_Driver_Fault,EM0471 T001SVP Tower #3 Extraction head Driver fault,STOP_ALARM_CANDIDATE,2,1,50,2,125,62.5,0,-10.88,2
3GT,TAM10,P8_670MAG_FAIL,Z10 : 670M MC feedback error (1000SRV),UNCLASSIFIED,8,1,12.5,1,125,125,0,76.55,1
FLEX,TAM26,[00G3_K042]Program:UN02_Standard.ALMD_02G6_B007GLS,Z02 Guard Door Open =02G6_B007GLS,DOOR_OR_GUARD|OPERATOR_INITIATED_FLEX|STOP_ALARM_CANDIDATE|CASCADE_SYMPTOM_CANDIDATE|LONG_DURATION,110,1,0.909,1,125,125,100,198.61,3
FLEX,TAM28,[00G3_K022]Program:EM0554_Array_Nest.ALMD_After_Array_Pickup_Fail_5,EM0554 After Array pickup failure (B005PS),ROOT_CAUSE_CANDIDATE,85,1,1.176,1,125,125,0,113.1,2
3GT,TAM21,L21_P1_Z04A_Warning.HydBuf_FreshLens,Z04A : FC transfer bypass pallets and keep fresh lenses in hydration buffer,WARNING|CASCADE_SYMPTOM_CANDIDATE,2499,12,0.48,13,124,9.54,53.85,17.35,1.54
3GT,TAM10,P1_313PRS_FAIL,Z3  : 313PRS Sensor fail,UNCLASSIFIED,9,3,33.333,10,124,12.4,50,7.89,1.5
3GT,TAM21,L21_P3_Z05A_Alarm.RBT_RunError,Z05A : Mitsubishi robot program was stopped,UNCLASSIFIED,63,5,7.937,10,124,12.4,40,34.01,1.4
3GT,TAM07,P1_SHINGLE_DET4,Z4  : FC shingle detect at 411PHS_4,UNCLASSIFIED,106,5,4.717,9,124,13.78,22.22,86.94,1.22
3GT,TAM21,L21_P4_Z06_Warning.Miss_0607PHS_05,Z06 : Miss_0607PHS_05,WARNING|CASCADE_SYMPTOM_CANDIDATE,312,4,1.282,4,124,31,100,102.31,2
3GT,TAM09,P6_Z04B_4008CL_stat_Fte,Z04B : 4008CL fail to Extend,UNCLASSIFIED,53,2,3.774,3,124,41.33,33.33,31.76,1.33
3GT,TAM07,P1_31PS_ERROR,Z3-4: 31PS Air pressure low,UNCLASSIFIED,6,1,16.667,2,124,62,100,62.99,2
3GT,TAM01,P3_620PHS_UKNOW,Z6  : 620PHS Tray jam or sensor fail (Remain),STOP_ALARM_CANDIDATE|LONG_DURATION,1,1,100,6,123,20.5,16.67,213.99,2.17
3GT,TAM18,P7_532PHS_ON_ER,Z5B : 532PHS Product array not detect,UNCLASSIFIED,55,2,3.636,5,122,24.4,0,130.98,1
3GT,TAM01,301_PRS_FAIL,Z3: 301 PRS FAIL,UNCLASSIFIED,28,1,3.571,2,122,61,100,105.56,2
3GT,TAM02,P2_517SRV_ERR_6,Z5B : 517SRV Lead error     (Lens xfer),UNCLASSIFIED,1,1,100,2,122,61,0,-17.81,1
3GT,TAM10,P3_SLAVE_FAIL_Z6,PLC3: Profibus slave fail,LONG_DURATION,6,1,16.667,1,122,122,100,107.67,2
3GT,TAM18,P3_801PHS_MISS,Z8  : 801PHS Array missing (Check jam or sensor),STOP_ALARM_CANDIDATE|ROOT_CAUSE_CANDIDATE,48,8,16.667,15,121,8.07,0,73.54,2.53
3GT,TAM10,P1_301CL_ERR_2,Z3  : 301CL Fail to RETRACT (Top finger R),UNCLASSIFIED,73,6,8.219,11,121,11,63.64,75.1,1.64
3GT,TAM21,L21_P3_0519PRS.Alarm1,Z05B : 519PRS Puck not detect,UNCLASSIFIED,34,3,8.824,4,121,30.25,25,3.37,1.25
FLEX,TAM24,[00G3_K042]Program:UN06_Standard.ALMD_06G6_B505GLS,Z06 Guard Door Open =06G6_B505GLS,DOOR_OR_GUARD|OPERATOR_INITIATED_FLEX|STOP_ALARM_CANDIDATE|LONG_DURATION,5,1,20,4,121,30.25,25,31.24,3
FLEX,TAM31,[00G3_K042]Program:UN03_Standard.ALMD_03G6_B002GLS,Z03 Guard Door Open =03G6_B002GLS,DOOR_OR_GUARD|OPERATOR_INITIATED_FLEX|STOP_ALARM_CANDIDATE|LONG_DURATION,4,1,25,3,121,40.33,0,-26.04,3
3GT,TAM06,P3_850BCR_TOUT,Z8  : 850BCR Communication time out failure,STOP_ALARM_CANDIDATE,27,1,3.704,1,121,121,0,-42.98,2
3GT,TAM23,L23_ST_Z07_Alarms.LDlkd,Load door failed to unlock,DOOR_OR_GUARD|GUARD_SYSTEM_FAULT,2,1,50,1,121,121,0,8.34,1
FLEX,TAM29,[00G3_K502]Program:EM1023_Carton_Laser.ALMD_K501CTL_LaserNotReady,Domino Laser Printer not ready,STOP_ALARM_CANDIDATE,9,1,11.111,1,121,121,0,41.26,2
3GT,TAM06,P1_CMD_TL,Z3  : CMD Top Left (304CL),ROOT_CAUSE_CANDIDATE,361,8,2.216,14,120,8.57,50,110.5,2.21
3GT,TAM09,FMD_Alm_Heartbeat_Loss,Zone05P17: Heartbeat loss between AB Driver and FMD system,ROOT_CAUSE_CANDIDATE,276,5,1.812,7,120,17.14,42.86,89.83,2
3GT,TAM23,L23_P4_1012CL.stat.Fte,P4_1012CL Fail to Extend,LONG_DURATION,141,2,1.418,5,120,24,0,63.05,1
3GT,TAM05,P3_ZSTOP_AJ_Z06,Z8 : Zone stop caused by adjacent zone6,STOP_ALARM_CANDIDATE,16,1,6.25,3,120,40,0,219.8,2
FLEX,TAM29,[00G3_K042]Program:UN06_Standard.ALMD_06G6_B501GLS,Z06 Guard Door Open =06G6_B501GLS,DOOR_OR_GUARD|OPERATOR_INITIATED_FLEX|STOP_ALARM_CANDIDATE|CASCADE_SYMPTOM_CANDIDATE,330,10,3.03,10,119,11.9,90,31.87,2.9
FLEX,TAM26,[00G3_K002]Program:EM0332_FC_Transfer.ALMD_K001CTL_Guard_Open,EM0332 FC Transfer Robot Error: Safety Guard Open,DOOR_OR_GUARD|OPERATOR_INITIATED_FLEX|STOP_ALARM_CANDIDATE|CASCADE_SYMPTOM_CANDIDATE,926,6,0.648,9,119,13.22,0,150.74,2
FLEX,TAM31,[00G3_K022]Program:EM0540_Heat_Seal_Infeed.ALMD_MMLS_Con_Missed_Lens,EM0540 3Concecutive Missing Lens detected,ROOT_CAUSE_CANDIDATE,112,3,2.679,6,119,19.83,0,58.53,2
3GT,TAM10,P0_223PHS_FAIL,Z2B:  223PHS Pallet Tracking Mismatch,UNCLASSIFIED,6,2,33.333,5,119,23.8,20,67.79,1.2
3GT,TAM01,P1_41PS_ERROR,Z4-5: 41PS Air pressure low,LONG_DURATION,51,3,5.882,3,119,39.67,100,49.52,2
FLEX,TAM25,[00G3_K002]Program:EM0332_FC_Transfer.ALMD_ROBFC_VAC4_Failure,EM0332 FC Transfer Head Vacuum 4 Failure,ROOT_CAUSE_CANDIDATE,46,1,2.174,1,119,119,0,279.29,1
3GT,TAM02,P3_CTN_JAM_ELEV,"Z8  : 857,858PHS Carton jam carton elevator",STOP_ALARM_CANDIDATE|ROOT_CAUSE_CANDIDATE,106,9,8.491,15,118,7.87,0,109.55,2.6
3GT,TAM05,P0_Z2B_RMV_ACK,Z2B : Pallet Location error(see Remove Ack.(Z2)),UNCLASSIFIED,49,7,14.286,13,118,9.08,30.77,19.51,1.31
FLEX,TAM29,[00G3_K002]Program:EM02G4_Operator_Interface.ALMD_S003PBL_Actuated,EM02G4 S003PBL ZONE STOP #3,STOP_ALARM_CANDIDATE|ROOT_CAUSE_CANDIDATE,88,3,3.409,6,118,19.67,0,-8.64,3
3GT,TAM18,P1_421PRS_FAIL,Z4  : 421PRS Sensor fail,UNCLASSIFIED,4,1,25,3,118,39.33,0,160.06,1
FLEX,TAM29,[00G3_K002]Program:EM0200_Zone.ALMD_IncompleteCycleStop,EM0200 Z02 Incomplete cycle stop,STOP_ALARM_CANDIDATE,74,2,2.703,3,118,39.33,0,31.73,2
FLEX,TAM28,[00G3_K002]Program:EM0300_Zone_A.ALMD_IncompleteCycleStop,EM0300 Z03A Incomplete cycle stop,STOP_ALARM_CANDIDATE,20,2,10,2,118,59,0,66.3,2
3GT,TAM02,P2_589CL_ERR_1,Z5B : 589CL Fail To extend  (Rjct C/V #2),UNCLASSIFIED,155,6,3.871,8,117,14.62,50,98.05,1.5
3GT,TAM17,P2_502CL_ERR_2,Z5A : 502CL Fail to retract (PP xfer),LONG_DURATION,42,5,11.905,8,117,14.62,37.5,70.15,1.38
3GT,TAM01,P0_210CL_ERR_2,Z2B : 210CL Fail to RETRACT (Push to sampl),LONG_DURATION,38,4,10.526,6,117,19.5,16.67,24.18,1.17
3GT,TAM05,P1_23PS_ERROR_Z3,Z2-3: 23PS Air pressure low,UNCLASSIFIED,16,2,12.5,3,117,39,100,111.75,2
FLEX,TAM27,[00G3_K022]Program:EM0901_PP_IMM_Xfer.ALMD_Z09A_5B_AJ_Zstop,EM0901 Zone09A & 05B adjzcent zone stop,STOP_ALARM_CANDIDATE|CASCADE_SYMPTOM_CANDIDATE,1283,2,0.156,2,117,58.5,0,14.64,2
FLEX,TAM27,[00G3_K042]Program:UN03_Standard.ALMD_03G6_B004GLS,Z03 Guard Door Open =03G6_B004GLS,DOOR_OR_GUARD|OPERATOR_INITIATED_FLEX|STOP_ALARM_CANDIDATE|CASCADE_SYMPTOM_CANDIDATE,625,7,1.12,13,116,8.92,92.31,179.95,2.92
3GT,TAM07,P2_SALINE_LOLO,Z5B : Saline tank low low level,UNCLASSIFIED,23,4,17.391,10,116,11.6,0,94.67,1
FLEX,TAM26,[00G3_K502]Program:EM10G4_Operator_Interface.ALMD_S501PBL_Actuated,EM10G4 S501PBL ZONE STOP PB1,STOP_ALARM_CANDIDATE|ROOT_CAUSE_CANDIDATE,209,6,2.871,9,116,12.89,0,172.98,2.22
3GT,TAM18,P2_519SRV_ERR_5,Z5B : 519SRV Over drive     (ALI),UNCLASSIFIED,48,3,6.25,6,116,19.33,50,100.64,1.5
3GT,TAM22,L22_P3_Camera2.Alarm_10,Camera2 Cognex Camera is Offline,UNCLASSIFIED,14,2,14.286,4,116,29,0,46.39,1
3GT,TAM05,P3_605CL_ERR_1,Z6  : 605CL Fail to extend (Array side guide),UNCLASSIFIED,10,1,10,3,116,38.67,33.33,91.82,1.33
3GT,TAM17,P0_203CL_ERR_1,Z2A : 203CL Fail to EXTEND  (BC Side),ROOT_CAUSE_CANDIDATE|LONG_DURATION,253,7,2.767,10,115,11.5,30,7.45,2.3
3GT,TAM20,P3_1003BCR_MM,Z10: 1003BCR Mismatch,UNCLASSIFIED,169,4,2.367,7,115,16.43,0,68.27,1
3GT,TAM06,P3_811PHS_UKNOW,Z8  : 811PHS Tray jam or sensor fail (Remain),STOP_ALARM_CANDIDATE,40,2,5,5,115,23,0,18.83,2
3GT,TAM07,P6_4102SV_ERR_1,Z04B: 4102SV Diverter Valve Failed to Open,UNCLASSIFIED,68,3,4.412,5,115,23,20,32.01,1.2
FLEX,TAM31,[04G3_K022]Program:UN04_Standard.ALMD_04G6_M001SV,Z04 IPA SUPPLY VALVE =04G6_M001SV CLOSED (FOR SOLUTION),UNCLASSIFIED,66,5,7.576,5,115,23,100,68.75,2
FLEX,TAM29,[00G3_K042]Program:UN02_Standard.ALMD_02G6_B009GLS,Z02 Guard Door Open =02G6_B009GLS,DOOR_OR_GUARD|OPERATOR_INITIATED_FLEX|STOP_ALARM_CANDIDATE,3,1,33.333,2,115,57.5,0,16.31,3
3GT,TAM06,P2_PP_Sample_Flag,Z5A: PP Sample Requested,LONG_DURATION,50,1,2,1,115,115,0,40.94,1
3GT,TAM10,P7_CMS_NOT_RDY,Z5B : CMS Laser is not ready alarm,STOP_ALARM_CANDIDATE,24,5,20.833,15,114,7.6,13.33,22.9,2.13
3GT,TAM05,P1_CMD_TR,Z3  : CMD Top Right (303CL),CASCADE_SYMPTOM_CANDIDATE,258,3,1.163,6,114,19,100,73.17,2
3GT,TAM01,P3_807PHS1_MISS,Z8  : 807PHS-1 Array missing (Check jam or sensor),STOP_ALARM_CANDIDATE,71,2,2.817,4,114,28.5,0,97.98,2
3GT,TAM05,P1_420PRS_FAIL,Z4  : 420PRS Sensor fail,UNCLASSIFIED,55,2,3.636,4,114,28.5,25,168.11,1.25
3GT,TAM10,P2_Z5A_AIR_LOW,Z5A : 50PS Air pressure low,UNCLASSIFIED,60,3,5,4,114,28.5,25,58.72,1.25
3GT,TAM22,L22_P4_0865PHS.Alarm2,Z08 : 865PHS Carton jam (Remove carton),STOP_ALARM_CANDIDATE,56,3,5.357,8,113,14.12,0,124.47,2
3GT,TAM09,P1_SHINGLE_DET4,Z4  : FC shingle detect at 411PHS_4,ROOT_CAUSE_CANDIDATE,148,7,4.73,7,113,16.14,0,1.02,2
3GT,TAM05,P3_861PHS_MISS,Z8 : 861PHS Array missing (Check jam or sensor),STOP_ALARM_CANDIDATE,43,3,6.977,6,113,18.83,0,122.87,2
FLEX,TAM30,[00G3_K042]Program:UN06_Standard.ALMD_06G6_B501GLS,Z06 Guard Door Open =06G6_B501GLS,DOOR_OR_GUARD|OPERATOR_INITIATED_FLEX|STOP_ALARM_CANDIDATE,94,5,5.319,5,113,22.6,100,66.74,3
3GT,TAM02,P2_RBT_home_ERR,Z5A : Mitsubishi robot couldn't Home (chk Cube/Yushin),UNCLASSIFIED,34,2,5.882,2,113,56.5,100,-7.94,2
3GT,TAM21,L21_P1_Z02B_Alarm.MonomerLevelLowLow,Z02B : Monomer level  low low (207PRS),LONG_DURATION,4,1,25,1,113,113,100,75.04,2
FLEX,TAM26,[00G3_K042]Program:UN05_Standard.ALMD_05G6_B004GLS,Z05 Guard Door Open =05G6_B004GLS,DOOR_OR_GUARD|OPERATOR_INITIATED_FLEX|STOP_ALARM_CANDIDATE|CASCADE_SYMPTOM_CANDIDATE,773,11,1.423,11,112,10.18,100,46.2,3
3GT,TAM18,P2_516CL_ERR_1,Z5B : 516CL Fail to extend  (Lens xfer Out),UNCLASSIFIED,23,4,17.391,9,112,12.44,11.11,94.53,1.11
3GT,TAM10,P0_200CL_ERR_1,Z2A : 200CL Fail to EXTEND  (Robot hand),UNCLASSIFIED,22,2,9.091,4,112,28,50,73.14,1.5
3GT,TAM10,P0_Z2B_RMV_ACK,Z2B : Pallet Location error(see Remove Ack.(Z2)),UNCLASSIFIED,10,2,20,3,112,37.33,33.33,16.06,1.33
3GT,TAM09,P6_Z04B_ALM_DI_Tank_LoLo,Z04B : DI tank low low level,UNCLASSIFIED,2,1,50,1,112,112,100,42.22,2
FLEX,TAM31,[09G3_K022]Program:UN09_Standard.ALMD_09G6_B002GLS,Z09 Guard Door Open =09G6_B002GLS,DOOR_OR_GUARD|OPERATOR_INITIATED_FLEX|STOP_ALARM_CANDIDATE,49,6,12.245,10,111,11.1,0,32.28,3
3GT,TAM02,P6_4010GLS_FAIL,Z4B : 4010LCK Airlock Feedback Fail,UNCLASSIFIED,91,7,7.692,8,111,13.88,37.5,70.27,1.38
FLEX,TAM24,[00G3_K042]Program:UN02_Standard.ALMD_02G6_B003GLS,Z02 Guard Door Open =02G6_B003GLS,DOOR_OR_GUARD|OPERATOR_INITIATED_FLEX|STOP_ALARM_CANDIDATE|LONG_DURATION,56,7,12.5,13,110,8.46,7.69,147.15,2.38
3GT,TAM18,P3_864PHS_MISS,Z8  : 864PHS Carton missing (Check jam or sensor),STOP_ALARM_CANDIDATE|ROOT_CAUSE_CANDIDATE,81,7,8.642,11,110,10,0,98.29,2.55
FLEX,TAM31,[00G3_K042]Program:UN05_Standard.ALMD_05G6_B008GLS,Z05 Under Guard Door Open =05G6_B008GLS,DOOR_OR_GUARD|OPERATOR_INITIATED_FLEX|STOP_ALARM_CANDIDATE,94,5,5.319,10,110,11,20,126.86,2.5
3GT,TAM23,L23_P4_Z10_Alarm.label_not_ready,Z10 : Labeler is not ready,STOP_ALARM_CANDIDATE|LONG_DURATION,53,4,7.547,6,110,18.33,0,163.77,2
FLEX,TAM24,[00G3_K042]Program:UN10_Standard.ALMD_10G6_B505GLS,Z10 Guard Door Open =10G6_B505GLS,DOOR_OR_GUARD|OPERATOR_INITIATED_FLEX|STOP_ALARM_CANDIDATE|CASCADE_SYMPTOM_CANDIDATE,835,5,0.599,6,110,18.33,0,83.22,2
FLEX,TAM24,[00G3_K042]Program:UN02_Standard.ALMD_02G6_B006GLS,Z02 Guard Door Open =02G6_B006GLS,DOOR_OR_GUARD|OPERATOR_INITIATED_FLEX|STOP_ALARM_CANDIDATE|LONG_DURATION,18,3,16.667,5,110,22,20,98.09,2.6
3GT,TAM17,DevicewiseEDHR_Online,EDHR Client DeviceWise Offline,UNCLASSIFIED,411,1,0.243,2,110,55,0,-57.34,1
FLEX,TAM24,[00G3_K042]Program:UN05_Standard.ALMD_05G6_B003GLS,Z05 Guard Door Open =05G6_B003GLS,DOOR_OR_GUARD|OPERATOR_INITIATED_FLEX|STOP_ALARM_CANDIDATE|CASCADE_SYMPTOM_CANDIDATE|LONG_DURATION,204,9,4.412,9,109,12.11,100,42.45,3
FLEX,TAM24,[00G3_K002]Program:EM0352_Return_Buffer_Outlet.ALMD_T001SVP_Stop_Adjacent_Door_Open,EM0352 T001SVP Stopped (Adjacent Door Opened),DOOR_OR_GUARD|OPERATOR_INITIATED_FLEX|STOP_ALARM_CANDIDATE|LONG_DURATION,46,3,6.522,9,109,12.11,0,168.59,2.33
FLEX,TAM31,[00G3_K502]Program:EM1064_Sleeve_Forming.ALMD_B501BCR_CaseIDMismatch,B501BCR Case ID Mismatch,ROOT_CAUSE_CANDIDATE,121,2,1.653,5,109,21.8,0,38.83,1.4
3GT,TAM01,P0_PREC_TMP_CMC,Z2B :  Precure hi temp (cmc tag bad),UNCLASSIFIED,15,1,6.667,1,109,109,100,220.86,2
FLEX,TAM24,[00G3_K502]Program:EM1062_Carton_Case_Xfer_Robot.ALMD_K501CTL_Guard_Open,EM1062 Robot Error: Safety Guard Open,DOOR_OR_GUARD|OPERATOR_INITIATED_FLEX|STOP_ALARM_CANDIDATE|CASCADE_SYMPTOM_CANDIDATE,1970,8,0.406,12,108,9,0,100.5,2
3GT,TAM17,P7_534PRS_ON_ER,Z5B : 534PRS Retainer not detect,ROOT_CAUSE_CANDIDATE,76,4,5.263,9,108,12,11.11,34.8,2.11
3GT,TAM18,P3_CM3_OCV_FAIL,Z8  : Camera3 3 consecutive OCV failure,CASCADE_SYMPTOM_CANDIDATE,1647,6,0.364,9,108,12,0,99.06,1
3GT,TAM09,P7_513VAC_ERR,Z5B : 513VAC Foil suction vacuum fault,ROOT_CAUSE_CANDIDATE,170,6,3.529,7,108,15.43,42.86,70.51,2.14
3GT,TAM20,P7_MMLS_TRGCNT_LLVL_IS_BAD,Z5B: Missing/Multiple Lens System Trigger Count or,UNCLASSIFIED,104,3,2.885,7,108,15.43,0,120.92,1
3GT,TAM09,P3_HOPPER_EMPTY,Z8  : 854PRS Carton hopper is empty,ROOT_CAUSE_CANDIDATE,183,3,1.639,5,108,21.6,0,14.74,2
3GT,TAM23,L23_P4_0807PHS_03.Alarm1,Z08 : 807PHS-3 Array missing (Check jam or sensor),STOP_ALARM_CANDIDATE,55,5,9.091,5,108,21.6,0,56.11,2
3GT,TAM18,P3_Cam3_Data_Ver_Fault,Z8: Camera #3- Data Verification Fault,ROOT_CAUSE_CANDIDATE,113,1,0.885,4,108,27,0,20.61,2
3GT,TAM01,P0_236CL_ERR_1,Z2B : 236CL Fail to EXTEND  (Shutter@cure),UNCLASSIFIED,6,2,33.333,3,108,36,66.67,30.98,1.67
3GT,TAM01,P3_1001BCR_TO,Z10 : 1001BCR Communication time out failure,STOP_ALARM_CANDIDATE,10,1,10,3,108,36,0,170.89,2
FLEX,TAM24,[04G3_K002]Program:EM04G4_Operator_Interface.ALMD_S002PBL_Actuated,EM04G4 S002PBL ZONE STOP2,STOP_ALARM_CANDIDATE,17,1,5.882,3,108,36,0,24.48,2
FLEX,TAM28,[00G3_K042]Program:UN02_Standard.ALMD_02G6_B008GLS,Z02 Guard Door Open =02G6_B008GLS,DOOR_OR_GUARD|OPERATOR_INITIATED_FLEX|STOP_ALARM_CANDIDATE|LONG_DURATION,16,4,25,8,107,13.38,25,131.83,2.38
3GT,TAM10,P8_1002BCR_NR,Z10 : 1002BCR No read failure (Case ID),UNCLASSIFIED,157,3,1.911,7,107,15.29,0,82.68,1
FLEX,TAM28,[04G3_K002]Program:EM04G4_Operator_Interface.ALMD_S001PBL_Actuated,EM04G4 S001PBL ZONE STOP1,STOP_ALARM_CANDIDATE|LONG_DURATION,46,3,6.522,6,107,17.83,0,4.11,2
3GT,TAM23,L23_P4_0801PHS.Alarm2,Z08 : 801PHS Unknown array detected (Remove array),ROOT_CAUSE_CANDIDATE,90,5,5.556,5,107,21.4,0,-17.09,1.4
3GT,TAM09,P0_227CL_ERR_2,Z2B : 227CL Fail to RETRACT (Push to prec),UNCLASSIFIED,1,1,100,3,107,35.67,33.33,67.33,1.33
FLEX,TAM31,[00G3_K022]Program:EM0522_Good_Robot.ALMD_K001CTL_RobGB_Vac_Err,EM0522 Good Robot :Vacuum Error,ROOT_CAUSE_CANDIDATE,830,3,0.361,3,107,35.67,0,68.78,2
3GT,TAM07,P0_Zone02B_NoMove,Z2B : Zone02B not moving...,UNCLASSIFIED,43,2,4.651,2,107,53.5,50,111.76,1.5
3GT,TAM07,P8_1003BCR_MM,Z10: 1003BCR Mismatch,UNCLASSIFIED,39,1,2.564,2,107,53.5,0,87.43,1
FLEX,TAM25,[00G3_K022]Program:EM0901_PP_IMM_Xfer.ALMD_IMM_Door_Open,EM0901 IMM door open,DOOR_OR_GUARD|OPERATOR_INITIATED_FLEX|STOP_ALARM_CANDIDATE|LONG_DURATION,81,4,4.938,9,106,11.78,0,29.85,2.56
3GT,TAM07,P3_CM5_OCV_FAIL,Z8: Camera #3- 3 consecutive OCV failure,ROOT_CAUSE_CANDIDATE,236,6,2.542,8,106,13.25,0,26.93,2
3GT,TAM07,P7_FOIL_ID_ERR,Z5B: Camera #1- Foil ID mismatch,ROOT_CAUSE_CANDIDATE,79,4,5.063,8,106,13.25,0,36.25,2
3GT,TAM09,P1_305PRS_FAIL,Z3  : 305PRS Sensor fail,UNCLASSIFIED,64,4,6.25,8,106,13.25,100,182.72,2
3GT,TAM02,P2_510SHINGLE,Z5B : Shingle P.P. (510PHS),UNCLASSIFIED,189,6,3.175,7,106,15.14,28.57,60.98,1.29
3GT,TAM05,P0_IMM_DT_FAIL,Z2A : IMM set up data out of range,UNCLASSIFIED,71,4,5.634,5,106,21.2,20,35.98,1.2
FLEX,TAM31,[00G3_K022]Program:EM05G7_Control_Circuit_General.ALMD_EM05G7_M001SV_Not_Ready,EM05G7 Zone5B M001SV Air Not Ready,STOP_ALARM_CANDIDATE|CASCADE_SYMPTOM_CANDIDATE,2793,3,0.107,3,106,35.33,100,38.24,3
3GT,TAM05,P2_583CL_ERR_1,Z5B : 583CL Fail To extend  (ALI outlet),UNCLASSIFIED,9,1,11.111,2,106,53,0,192.49,1
3GT,TAM09,P1_400_1MIS_ERR,Z4  : 3 Consective Detection 400ID1 Data Mismatch,UNCLASSIFIED,25,1,4,2,106,53,0,91.47,1
3GT,TAM21,L21_P1_Z01_Warning.FCB1_Mold_NoChip,Z01 : FCB1 Mold No Chip,WARNING|CASCADE_SYMPTOM_CANDIDATE,373,1,0.268,1,106,106,100,-25.86,2
3GT,TAM21,L21_P4_Z08_Alarm.Laser_not_rdy,Z08 : Laser marker is not ready,STOP_ALARM_CANDIDATE,39,4,10.256,10,105,10.5,0,64.89,2
3GT,TAM02,P2_523PRS_OF_ER,Z5B : 523PRS still ON,UNCLASSIFIED,77,2,2.597,5,105,21,40,21.53,1.4
FLEX,TAM31,[04G3_K002]Program:EM0472_Tower3_Extraction.ALMD_K002CTL_CommError,EM0472 K001CTL Controller Communication Error,STOP_ALARM_CANDIDATE,79,3,3.797,5,105,21,0,165.97,2
3GT,TAM06,P3_QCBin_Fault,Z10: QC Bin is full and must be emptied,ROOT_CAUSE_CANDIDATE,91,2,2.198,3,105,35,0,111.97,1.33
3GT,TAM21,L21_P6_PSS04_4006GLS.Alarm,Guard SW (Front Door 2) Feedback Error(4006GLS),DOOR_OR_GUARD|GUARD_SYSTEM_FAULT,43,2,4.651,3,105,35,0,85.61,1
FLEX,TAM28,[00G3_K022]Program:EM0556_Array_Transfer.ALMD_Chuck_Overload4,EM0556 Array Jam detect (Chuck Overload) Check B004PRS,STOP_ALARM_CANDIDATE,19,1,5.263,2,105,52.5,0,47.91,2
3GT,TAM21,L21_P4_0605PRS_04.Alarm1,Z06 : 605PRS-4 Sensor fail (Still off),UNCLASSIFIED,4,1,25,1,105,105,100,-48.95,2
3GT,TAM02,P2_CMM_512ID,Z5B : Consecutive 512IDR mismatch,UNCLASSIFIED,202,9,4.455,11,104,9.45,36.36,81.45,1.36
3GT,TAM10,P2_553PHS_ON_ER,Z5AB: 553PHS Puck not detect,UNCLASSIFIED,9,2,22.222,7,104,14.86,28.57,55.93,1.29
3GT,TAM10,P1_SHINGLE_DET4,Z4  : FC shingle detect at 411PHS_4,UNCLASSIFIED,57,3,5.263,6,104,17.33,33.33,105.13,1.33
FLEX,TAM24,[00G3_K002]Program:EM0312_Demold.ALMD_00G7_M003SV_Not_Ready,EM0312 Z02/Z03 SV Not Ready (EM00G7-M003SV),STOP_ALARM_CANDIDATE|CASCADE_SYMPTOM_CANDIDATE,1394,5,0.359,5,104,20.8,100,129.55,2.4
FLEX,TAM26,[00G3_K002]Program:EM0285_Cooling_Walking_Beam.ALMD_B001PRS_OnFail,EM0285 B001PRS OnFail,UNCLASSIFIED,8,1,12.5,4,104,26,0,63.72,1
3GT,TAM07,P3_61SV_FAIL,Z6  : 61SV Shutdown valve failure,CASCADE_SYMPTOM_CANDIDATE,305,4,1.311,6,103,17.17,33.33,188.87,1
3GT,TAM18,P3_605PRS_5_FAIL,Z6  : 605PRS-5 Sensor fail (Still off),UNCLASSIFIED,60,3,5,6,103,17.17,50,172.23,1.5
3GT,TAM02,P0_MonomerLo,Z2B : Monomer Level Low,UNCLASSIFIED,23,1,4.348,5,103,20.6,20,39.64,1.2
3GT,TAM17,P2_IMM_COM_TOUT,Z5A : Communication time out with PP IMM,STOP_ALARM_CANDIDATE|LONG_DURATION,32,2,6.25,3,103,34.33,66.67,42.93,2.67
3GT,TAM23,L23_P4_0601SRV.Fail_to_Move,P4_0601SRV Fail to Move,LONG_DURATION,1,1,100,3,103,34.33,0,83.77,1
3GT,TAM20,P1_430PRS_FAIL1,Z4  : 430PRS fail to be ON,UNCLASSIFIED,24,1,4.167,2,103,51.5,0,222.84,1
3GT,TAM07,P6_4014GLS_FAIL,Z4B : 4014LCK Airlock Feedback Fail,LONG_DURATION,16,4,25,6,102,17,16.67,2.03,1.17
3GT,TAM02,P1_HEMA_ERR,Z4  : 10 Consective Detection HEMARing,UNCLASSIFIED,26,3,11.538,5,102,20.4,40,173.33,1.4
3GT,TAM01,P3_CHUCK_OVERLD2,Z8  : 804PRS Chuck overload (Make sure remove ack),UNCLASSIFIED,79,3,3.797,4,102,25.5,0,47.94,1
FLEX,TAM29,[00G3_K502]Program:EM1023_Carton_Laser.ALMD_FumeExtractorAlarm,Fume Extractor Alarm,ROOT_CAUSE_CANDIDATE,60,1,1.667,2,102,51,0,16.58,2
3GT,TAM21,L21_P4_Z06_Warning.Miss_0607PHS_01,Z06 : Miss_0607PHS_01,WARNING|LONG_DURATION,53,4,7.547,8,101,12.62,50,84.17,1.5
FLEX,TAM25,[00G3_K002]Program:EM0332_FC_Transfer.ALMD_ROBFC_VAC1_Failure,EM0332 FC Transfer Head Vacuum 1 Failure,ROOT_CAUSE_CANDIDATE,120,1,0.833,6,101,16.83,0,100.62,1.33
3GT,TAM10,P6_REDOSE_ALMT1,Z4B : Tower 1 IPA Processing Dose Alarm,UNCLASSIFIED,96,2,2.083,3,101,33.67,33.33,14,1.33
3GT,TAM18,FMD_Alm_FMDinAlarmState,Zone05P17: FMD in Alarm state (Check FMD PC for Alarms),UNCLASSIFIED,40,2,5,3,101,33.67,0,80.82,1
3GT,TAM01,P7_510VAC_ERR,Z5B : 510VAC array xfer vacuum fault,LONG_DURATION,9,1,11.111,2,101,50.5,50,125.5,1.5
3GT,TAM07,P1_540PRS_FAIL,Z4  : 540PRS Sensor fail,LONG_DURATION,1,1,100,1,101,101,100,80.28,2
3GT,TAM20,P3_ALL_BREAKER_Z10,PLC3: CB Breaker triped (see Breaker Trip Status),LONG_DURATION,1,1,100,1,101,101,0,109.39,1
3GT,TAM21,L21_P3_Z05B_Alarm.LaserInitError,Z05B : Laser Initialize Error,UNCLASSIFIED,48,4,8.333,9,100,11.11,22.22,19.71,1.22
FLEX,TAM31,[00G3_K042]Program:UN02_Standard.ALMD_02G6_B018GLS,Z02 Under Guard Door Open =02G6_B018GLS,DOOR_OR_GUARD|OPERATOR_INITIATED_FLEX|STOP_ALARM_CANDIDATE,18,2,11.111,9,100,11.11,0,128.23,2.44
FLEX,TAM29,[00G3_K042]Program:UN02_Standard.ALMD_02G6_B012GLS,Z02 Guard Door Open =02G6_B012GLS,DOOR_OR_GUARD|OPERATOR_INITIATED_FLEX|STOP_ALARM_CANDIDATE|LONG_DURATION,6,2,33.333,6,100,16.67,0,172.06,2.33
3GT,TAM21,L21_P2_Z04B_Warning.Stage_Bypass,Z04B : Stage Bypass selected,WARNING|LONG_DURATION,27,2,7.407,4,100,25,25,70.33,1.25
3GT,TAM05,301_PRS_FAIL,Z3: 301 PRS FAIL,UNCLASSIFIED,13,1,7.692,3,100,33.33,66.67,176.88,1.67
3GT,TAM18,P3_600SRV_ERR_7,Z6  : 600SRV Lag error (Array xfer),LONG_DURATION,2,1,50,3,100,33.33,33.33,197.36,1.33
3GT,TAM20,P2_575CL2_ERR_2,Z5A : 575CL-2 Fail To retract (Pre dose),UNCLASSIFIED,38,2,5.263,2,100,50,50,149.63,1.5
FLEX,TAM24,[00G3_K042]Program:UN01_Standard.ALMD_01G6_B002GLS,Z01 Guard Door Open  =01G6+MA-B002GLS,DOOR_OR_GUARD|OPERATOR_INITIATED_FLEX|STOP_ALARM_CANDIDATE,18,6,33.333,10,99,9.9,40,102.79,2.6
3GT,TAM02,P7_513VAC_ERR,Z5B : 513VAC Foil suction vacuum fault,CASCADE_SYMPTOM_CANDIDATE,315,6,1.905,9,99,11,22.22,46.01,1.11
3GT,TAM22,L22_P1_Z03_Alarm.Cmd_BR,Z03 : CMD Bottom Right (303CL),UNCLASSIFIED,88,5,5.682,9,99,11,22.22,103.45,1.22
3GT,TAM18,BC_Returnpallet_Sequence,Z2B: BC Loop: Excess Pallet detected.,NUISANCE_CHATTER_CANDIDATE|CASCADE_SYMPTOM_CANDIDATE,11022,4,0.036,4,99,24.75,0,40.22,1
3GT,TAM02,P3_1006PHSUKNOW,Z10 : 1006PHS Carton jam (Check carton),STOP_ALARM_CANDIDATE,16,1,6.25,2,99,49.5,0,100.2,2
3GT,TAM18,P3_1004PHSUKNOW,Z10 : 1004PHS Unknown carton (Remove carton),LONG_DURATION,1,1,100,2,99,49.5,0,256.55,1
3GT,TAM01,P17_Z05B_515SRV_Fail_to_Move,Z05B : 0515SRV Fail to move,UNCLASSIFIED,50,5,10,8,98,12.25,25,87.65,1.25
FLEX,TAM25,[04G3_K022]Program:UN04_Standard.ALMD_04G6_B005LEL,Z04 VAPOR ENCLOSURE LEL#1 HIGH ALARM (=04G6_B005LEL) ALM Lv3,ROOT_CAUSE_CANDIDATE,51,8,15.686,8,98,12.25,100,63.96,2.62
3GT,TAM02,P0_272PRS_FAIL,Z2B : 272PRS Sensor fail,UNCLASSIFIED,24,2,8.333,4,98,24.5,25,-16.37,1.25
3GT,TAM07,P0_272PRS_FAIL,Z2B : 272PRS Sensor fail,LONG_DURATION,14,2,14.286,2,98,49,50,68.7,1.5
3GT,TAM22,L22_P1_Z02A_Warning.RBT_201VAC_Err,Z02A : Robot arm 2nd pick FC vacuum failed,WARNING,58,5,8.621,10,97,9.7,20,36.65,1.2
3GT,TAM23,L23_P4_0856PHS.Alarm1,Z08 : 856PHS Carton missing (Check jam or sensor),STOP_ALARM_CANDIDATE,38,4,10.526,9,97,10.78,0,73.17,2
3GT,TAM06,P2_ALI3_NOT_RDY,Z5B : ALI System not ready,STOP_ALARM_CANDIDATE,74,4,5.405,8,97,12.12,12.5,54.34,2.12
3GT,TAM06,P7_PIT1_VAC_ERR,Z5B : PIT Left Side Vacuum Leak,CASCADE_SYMPTOM_CANDIDATE|LONG_DURATION,3873,5,0.129,7,97,13.86,14.29,221.07,1.14
3GT,TAM09,P2_52PS_ERROR_Z6,Z5B6: 52PS Air pressure low (Zone5B/6),UNCLASSIFIED,34,7,20.588,7,97,13.86,100,107.01,2
3GT,TAM22,L22_P4_0853PHS.Alarm1,Z08 : 853PHS Carton missing (Check jam or sensor),STOP_ALARM_CANDIDATE,88,3,3.409,7,97,13.86,0,126.51,2
FLEX,TAM28,[09G3_K002]Program:EM0913_Slider_B.ALMD_IMM_Door_B_Open,Z09 IMM Door B Open =09G6_B006GLS,DOOR_OR_GUARD|OPERATOR_INITIATED_FLEX|STOP_ALARM_CANDIDATE|CASCADE_SYMPTOM_CANDIDATE|LONG_DURATION,271,5,1.845,7,97,13.86,0,91.08,2
3GT,TAM05,P2_516PRS_Sensor,"Z5B : Lock-up, check 516PRS sensor",UNCLASSIFIED,53,3,5.66,6,97,16.17,0,144.04,1
3GT,TAM22,L22_P1_0202CL.stat.Ftr,P1_0202CL Fail to Retract,UNCLASSIFIED,17,3,17.647,6,97,16.17,0,42.61,1
3GT,TAM18,P0_223PHS_FAIL,Z2B:  223PHS Pallet Tracking Mismatch,ROOT_CAUSE_CANDIDATE,69,5,7.246,10,96,9.6,30,77.03,2.3
3GT,TAM01,P7_540PHS_ERR,Z5B : Foil Placement Error (Cut & Perfo),CASCADE_SYMPTOM_CANDIDATE,161,3,1.863,8,96,12,12.5,79.93,1
3GT,TAM01,P0_211MTR_FAULT_1,Z2B : 211MTR-1 fault monomer dosing,LONG_DURATION,54,2,3.704,6,96,16,16.67,135.64,1.17
3GT,TAM21,L21_P3_Z05B_Alarm.Cmd_Foil_Rej,Z05B : Consecutive foil reject,UNCLASSIFIED,73,1,1.37,4,96,24,25,50.75,1.25
3GT,TAM06,P2_Wrong_Package_Mold,Z5B1: Incorrect Package Type Mold Installed,LONG_DURATION,14,3,21.429,3,96,32,100,52.29,2
3GT,TAM05,P2_Flt_SAL_LOW_PRES,Z5B : Saline dose system pressure is low.,LONG_DURATION,3,1,33.333,2,96,48,0,-14.8,1
3GT,TAM07,P3_CHUCK_OVERLD2,Z8  : 804PRS Chuck overload (Make sure remove ack),UNCLASSIFIED,43,1,2.326,2,96,48,0,18.47,1
3GT,TAM09,P2_RBT_GNRL_ERR,Z5A : Mitsubishi robot error (Check Robot controler),LONG_DURATION,84,1,1.19,2,96,48,0,-20.86,1
3GT,TAM10,P3_620PHS_UKNOW,Z6  : 620PHS Tray jam or sensor fail (Remain),STOP_ALARM_CANDIDATE,1,1,100,2,96,48,50,134.98,2.5
FLEX,TAM31,[09G3_K002]Program:EM0921_PP_Xfer_Robot.ALMD_K001CTL_Guard_Open,EM0921 PP Robot Error: Safety Guard Open,DOOR_OR_GUARD|OPERATOR_INITIATED_FLEX|STOP_ALARM_CANDIDATE,73,5,6.849,9,95,10.56,0,-6.17,2.89
3GT,TAM02,P1_405PRS_FAIL,Z4  : 405PRS Sensor fail,ROOT_CAUSE_CANDIDATE,70,6,8.571,8,95,11.88,50,49.55,2.5
3GT,TAM01,P0_273PRS_FAIL,Z2B : 273PRS Sensor fail (Precure inlet),LONG_DURATION,58,3,5.172,7,95,13.57,14.29,4.86,1.14
3GT,TAM21,L21_P3_0512SRV.Over_Travel_Pos,P3_0512SRV Positive Over Travel,UNCLASSIFIED,30,2,6.667,5,95,19,0,132.2,1
3GT,TAM21,L21_P1_0210CL.stat.Ftr,P1_0210CL Fail to Retract,UNCLASSIFIED,50,3,6,4,95,23.75,0,80.76,1
3GT,TAM20,P3_ALL_BREAKER_Z6,PLC3: CB Breaker triped (see Breaker Trip Status),LONG_DURATION,1,1,100,1,95,95,100,109.39,2
3GT,TAM02,P7_CMS_NOT_RDY,Z5B : CMS Laser is not ready alarm,STOP_ALARM_CANDIDATE,45,3,6.667,6,94,15.67,0,43.5,2
3GT,TAM21,L21_P4_Z06_Warning.Miss_0607PHS_03,Z06 : Miss_0607PHS_03,WARNING|CASCADE_SYMPTOM_CANDIDATE,107,2,1.869,4,94,23.5,50,79.75,1.25
3GT,TAM21,L21_P4_0807PHS_04.Alarm1,Z08 : 807PHS-4 Array missing (Check jam or sensor),STOP_ALARM_CANDIDATE,24,2,8.333,4,94,23.5,0,3.52,2
3GT,TAM22,L22_P3_Z05B_Warning.Regist_NotinRange_Cmr1,Z05B : Camera-1 Registration not inrange,WARNING,44,2,4.545,4,94,23.5,25,99.45,1.25
3GT,TAM06,P2_586CL_2_ERR_1,Z5B : 586CL-2 Fail To extend (good/bad),UNCLASSIFIED,21,2,9.524,3,94,31.33,0,-2.57,1
FLEX,TAM25,[00G3_K042]Program:UN10_Standard.ALMD_10G6_B515GLS,Z10 Guard Door Open =10G6_B515GLS,DOOR_OR_GUARD|OPERATOR_INITIATED_FLEX|STOP_ALARM_CANDIDATE,14,1,7.143,3,94,31.33,0,0.57,3
3GT,TAM01,P3_851PRS_OVRLD,Z8  : 851PRS Array insert overload (Remove array),UNCLASSIFIED,64,1,1.562,1,94,94,0,4.7,1
3GT,TAM18,P3_605PRS_4_FAIL,Z6  : 605PRS-4 Sensor fail (Still off),UNCLASSIFIED,42,1,2.381,1,94,94,100,93.28,2
3GT,TAM02,P2_518VAC_ERR_P,Z5B : Lens transfer vacuum error for pickup,ROOT_CAUSE_CANDIDATE,97,8,8.247,10,93,9.3,10,84.13,1.9
FLEX,TAM30,[04G3_K002]Program:EM0480_Elevator5.ALMD_K001CTL_CommError,EM0480 K001CTL Controller Communication Error,STOP_ALARM_CANDIDATE,77,3,3.896,7,93,13.29,0,170.23,2
3GT,TAM17,P1_PULL_CORD_Z3,PLC1: Emergency stop pull cord pulled,STOP_ALARM_CANDIDATE|LONG_DURATION,19,3,15.789,5,93,18.6,100,187.89,3
FLEX,TAM25,[00G3_K022]Program:EM0556_Array_Transfer.ALMD_Array_Remove_Xfer1,EM0556 Array remove at Array Transfer Head #1(Please remove nested array),ROOT_CAUSE_CANDIDATE,162,2,1.235,4,93,23.25,0,215.4,1
3GT,TAM10,P8_LABEL_ERROR,Z10 : Labeler error,ROOT_CAUSE_CANDIDATE,100,1,1,3,93,31,0,-1.88,1.67
3GT,TAM02,P2_517SRV_ERR_7,Z5B : 517SRV Lag error      (Lens xfer),UNCLASSIFIED,35,2,5.714,2,93,46.5,100,64.8,2
3GT,TAM06,P1_SHINGLE_DET4,Z4  : FC shingle detect at 411PHS_4,ROOT_CAUSE_CANDIDATE,68,1,1.471,2,93,46.5,50,77.58,2.5
3GT,TAM18,ST_Z07_Alarm_ManMode,Sterilizer in Manual Mode,ROOT_CAUSE_CANDIDATE|LONG_DURATION,45,2,4.444,2,93,46.5,0,44.99,2
3GT,TAM18,P1_4221CL_ERR_2,Z4  : 422CL-1 Fail to RETRACT(FC xfer X1),UNCLASSIFIED,135,7,5.185,10,92,9.2,60,59.26,1.6
3GT,TAM01,P2_514LS_OPENED,Z5B : Foil transfer unit opened,LONG_DURATION,36,5,13.889,6,92,15.33,33.33,-32.86,1.33
3GT,TAM07,P2_CleanDies,Z5B : CLEAN DIES NOW - Zone Down until Cleaned !!,LONG_DURATION,29,3,10.345,6,92,15.33,16.67,33.97,1.17
FLEX,TAM24,[00G3_K002]Program:EM02G4_Operator_Interface.ALMD_S002PBL_Actuated,EM02G4 S002PBL ZONE STOP #2,STOP_ALARM_CANDIDATE|ROOT_CAUSE_CANDIDATE,82,4,4.878,6,92,15.33,0,-14.74,3
3GT,TAM21,L21_P4_1017PHS.Alarm1,Z10 : 1017PHS Empty-tray jam/sensor fail (Missing),STOP_ALARM_CANDIDATE,18,2,11.111,5,92,18.4,0,43.65,2
3GT,TAM23,L23_P4_1012PHS.Alarm2,Z10 : 1012PHS Case jam or sensor fail (Remain),STOP_ALARM_CANDIDATE,11,2,18.182,2,92,46,0,137.5,2
3GT,TAM21,L21_P4_Z06_Alarm.chuck_overld,Z06 : 605PRS Chuck overload (Make sure remove ack),UNCLASSIFIED,92,4,4.348,8,91,11.38,50,174.37,1.5
3GT,TAM02,P3_850VAC_1_ERR_1,Z8  : 850VAC-1 Fail to open (Carton forming),ROOT_CAUSE_CANDIDATE,152,5,3.289,6,91,15.17,0,18.5,1.83
3GT,TAM21,L21_P1_Z04A_Alarm.Cycle_Error,Z04A : Cycle stop incomplete error,UNCLASSIFIED,1,1,100,2,91,45.5,0,42.25,1
3GT,TAM17,P7_ENOUGH_FOIL,Z5C : Not enough foil (->Check foil reel),ROOT_CAUSE_CANDIDATE,70,1,1.429,1,91,91,0,15.91,2
FLEX,TAM29,[00G3_K502]Program:EM1062_Carton_Case_Xfer_Robot.ALMD_B507PS_OffFail,EM1062 B507PS OffFail,ROOT_CAUSE_CANDIDATE,502,5,0.996,12,90,7.5,0,49.77,1.17
3GT,TAM07,P7_532PHS_ON_ER,Z5B : 532PHS Product array not detect,ROOT_CAUSE_CANDIDATE,91,5,5.495,7,90,12.86,28.57,69.46,2
FLEX,TAM30,[09G3_K002]Program:EM0903_Slider_A.ALMD_IMM_Door_A_Open,Z09 IMM Door A Open =09G6_B005GLS,DOOR_OR_GUARD|OPERATOR_INITIATED_FLEX|STOP_ALARM_CANDIDATE|LONG_DURATION,58,4,6.897,7,90,12.86,0,24.52,2.86
FLEX,TAM30,[04G3_K022]Program:UN04_Standard.ALMD_04G6_M001SV,Z04 IPA SUPPLY VALVE =04G6_M001SV CLOSED (FOR SOLUTION),UNCLASSIFIED,85,2,2.353,6,90,15,0,172.92,1
3GT,TAM22,L22_P1_Z02B_Warning.BC_Drop_Right,Z02B : BC drop right side,WARNING,36,2,5.556,5,90,18,0,129.74,1
FLEX,TAM27,[00G3_K042]Program:UN09_Standard.ALMD_09_900GLS1_1,Z09 Guard Magnetic SW Open 900GLS1-1,DOOR_OR_GUARD|OPERATOR_INITIATED_FLEX|STOP_ALARM_CANDIDATE|LONG_DURATION,29,3,10.345,3,90,30,0,60.93,2.67
3GT,TAM01,P2_510SRV_ERR_2,Z5B : 510SRV driver error   (Saline Buffer),UNCLASSIFIED,24,2,8.333,2,90,45,100,14.73,2
3GT,TAM06,P6_IVK_COM_TOUT,Z4B : Communication time out with IVEK3,STOP_ALARM_CANDIDATE,13,1,7.692,2,90,45,0,27.36,2
3GT,TAM23,L23_P4_0610CL.stat.Fte,P4_0610CL Fail to Extend,UNCLASSIFIED,17,2,11.765,2,90,45,0,101.31,1
3GT,TAM01,P1_306CL_ERR_2,Z3  : 306CL Fail to RETRACT (Reject pan),UNCLASSIFIED,23,1,4.348,1,90,90,100,156.88,2
3GT,TAM21,L21_P4_0602PHS.Alarm2,Z06 : 602PHS Array missing (Check jam or sensor),STOP_ALARM_CANDIDATE,5,1,20,1,90,90,100,35.83,3
FLEX,TAM31,[00G3_K002]Program:EM0200_deviceWISE.ALMD_DeviceWiseEchoMisMatchError,PLC to Device Wise : Device Wise Message Transaction Echo Mismatch Error.,UNCLASSIFIED,12,1,8.333,1,90,90,0,38.42,1
3GT,TAM18,P6_REDOSE_ALMT1,Z4B : Tower 1 IPA Processing Dose Alarm,ROOT_CAUSE_CANDIDATE,79,10,12.658,12,89,7.42,66.67,26.07,2.58
3GT,TAM22,L22_P2_Z04B_Alarm.Zstop_Z05B_Adj,Z04B : Zone05B Adjacent Zone Stop,STOP_ALARM_CANDIDATE|CASCADE_SYMPTOM_CANDIDATE,127,5,3.937,9,89,9.89,0,84.1,1.78
3GT,TAM10,P1_SHINGLE_DET3,Z4  : FC shingle detect at 411PHS_3,UNCLASSIFIED,60,6,10,8,89,11.12,37.5,75.49,1.38
3GT,TAM22,L22_P4_Z08_Warning.Carton_Conv_Low,Z08 : Carton conveyor is low,WARNING|CASCADE_SYMPTOM_CANDIDATE,2192,4,0.182,6,89,14.83,0,0.59,1
3GT,TAM17,P1_415CL_ERR_1,Z4  : 415CL Fail to EXTEND  (Slider@Ret in),UNCLASSIFIED,34,5,14.706,5,89,17.8,100,93.55,2
3GT,TAM17,P1_13IDC_FAULT,"PLC1: IDC to 300,400-1,400-2,401 disconnect",ROOT_CAUSE_CANDIDATE,473,3,0.634,3,89,29.67,0,61.93,2
3GT,TAM23,L23_P4_Z08_Alarm.trail_mmatch,Z08 : 851BCR-1 Trail code mismatch failure,UNCLASSIFIED,8,2,25,3,89,29.67,0,75.02,1
FLEX,TAM25,[00G3_K042]Program:UN02_Standard.ALMD_02G6_B006GLS,Z02 Guard Door Open =02G6_B006GLS,DOOR_OR_GUARD|OPERATOR_INITIATED_FLEX|STOP_ALARM_CANDIDATE|LONG_DURATION,12,3,25,3,89,29.67,66.67,81.94,2.67
3GT,TAM23,L23_P4_Z10_Alarm.mm_1003BCR,Z10 : 1003BCR Case ID mismatch failure,UNCLASSIFIED,11,1,9.091,1,89,89,0,-13.37,1
3GT,TAM10,P2_STICK_DI_REM,Z5B : DI removal sticking (549PHS),UNCLASSIFIED,41,8,19.512,12,88,7.33,25,45.3,1.25
3GT,TAM20,P3_CTN_JAM_HOPR,Z8  : 861PRS Carton jam underneath the hopper,STOP_ALARM_CANDIDATE|ROOT_CAUSE_CANDIDATE,64,6,9.375,9,88,9.78,0,125.95,2.44
3GT,TAM01,P3_864PHS_MISS,Z8  : 864PHS Carton missing (Check jam or sensor),STOP_ALARM_CANDIDATE|CASCADE_SYMPTOM_CANDIDATE,146,2,1.37,8,88,11,0,95.61,1.88
3GT,TAM07,P3_807PHS3_MISS,Z8  : 807PHS-3 Array missing (Check jam or sensor),STOP_ALARM_CANDIDATE,36,3,8.333,5,88,17.6,0,91.15,2
3GT,TAM01,P1_412CL_ERR_1,Z4  : 412CL Fail to EXTEND  (90deg turn),UNCLASSIFIED,15,2,13.333,4,88,22,25,113.11,1.25
3GT,TAM02,P3_CW_NOT_RUN,Z10 : Check weigher is not running,STOP_ALARM_CANDIDATE,27,2,7.407,4,88,22,0,13.12,2
FLEX,TAM28,[00G3_K042]Program:UN05_Standard.ALMD_05G6_B007GLS,Z05 Under Guard Door Open =05G6_B007GLS,DOOR_OR_GUARD|OPERATOR_INITIATED_FLEX|STOP_ALARM_CANDIDATE|LONG_DURATION,12,3,25,4,88,22,25,35.69,3
3GT,TAM21,L21_P4_Z10_Warning.Weght_under,Z10 : Carton is under weight,WARNING,66,1,1.515,3,88,29.33,0,30.81,1
3GT,TAM09,P0_PR_STIK_FAIL1,"Z2B : 213,214PHS Precure sticking fail",UNCLASSIFIED,8,1,12.5,1,88,88,0,84.55,1
3GT,TAM23,L23_P4_Z10_Alarm.CW_not_run,Z10 : Check weigher is not running,STOP_ALARM_CANDIDATE,24,5,20.833,8,87,10.88,0,135.54,2
3GT,TAM09,P7_Foil_WebGuide_GlobalAlm_13,Z05C: CP7 Node 20 - IE4C Slot 1 Channel 1 Overrange Alarm,ROOT_CAUSE_CANDIDATE|LONG_DURATION,116,5,4.31,7,87,12.43,28.57,95.22,1.71
FLEX,TAM29,[00G3_K042]Program:UN02_Standard.ALMD_02G6_B013GLS,Z02 Guard Door Open =02G6_B013GLS,DOOR_OR_GUARD|OPERATOR_INITIATED_FLEX|STOP_ALARM_CANDIDATE|LONG_DURATION,13,1,7.692,5,87,17.4,20,29.43,3
3GT,TAM01,P2_512ID_NO_READ,Z5B : 512IDR No read,UNCLASSIFIED,50,3,6,4,87,21.75,50,30.97,1.5
FLEX,TAM25,[04G3_K022]Program:UN04_Standard.ALMD_04G6_B017GLS,Z04 GUARD DOOR OPEN (=04G6_B017GLS),DOOR_OR_GUARD|OPERATOR_INITIATED_FLEX|STOP_ALARM_CANDIDATE|LONG_DURATION,18,3,16.667,4,87,21.75,50,109.97,3
FLEX,TAM25,[00G3_K022]Program:EM0510_Lens_Transfer.ALMD_T001SVP_Driver_Fault,EM0510 T001SVP Lens Transfer Horizontal  Driver fault,STOP_ALARM_CANDIDATE,15,2,13.333,2,87,43.5,0,41.92,2
3GT,TAM01,P2_554PRS1_OF_ER,Z5B : 554PRS-1 still ON,UNCLASSIFIED,5,1,20,1,87,87,100,148.87,2
3GT,TAM21,L21_P3_Z05B_Alarm.VAC0512_4_Error,Z05B : 512VAC-4 array vacuum fault at Flip,UNCLASSIFIED,15,1,6.667,1,87,87,100,52.98,2
3GT,TAM07,P3_603PHS_MISS,Z6  : 603PHS Array missing (Check jam or sensor),STOP_ALARM_CANDIDATE,53,6,11.321,10,86,8.6,50,148.12,2.5
FLEX,TAM24,[00G3_K042]Program:UN02_Standard.ALMD_02G6_B004GLS,Z02 Guard Door Open =02G6_B004GLS,DOOR_OR_GUARD|OPERATOR_INITIATED_FLEX|STOP_ALARM_CANDIDATE|LONG_DURATION,25,4,16,10,86,8.6,10,125.91,2.5
3GT,TAM05,P0_210CL_ERR_2,Z2B : 210CL Fail to RETRACT (Push to sampl),UNCLASSIFIED,57,6,10.526,6,86,14.33,0,28.32,1
3GT,TAM23,L23_P4_ReworkLastCase.HMI02,"Rework last case: Complete normal case inspection, and select condition of last case.",UNCLASSIFIED,113,5,4.425,5,86,17.2,0,-3.08,1
FLEX,TAM29,[09G3_K002]Program:EM0921_PP_Xfer_Robot.ALMD_ROBPP_VAC_A_Failure,EM0921 PP Transfer Head Vacuum A Failure,ROOT_CAUSE_CANDIDATE,327,2,0.612,4,86,21.5,0,69.01,2
3GT,TAM10,P1_401SRV_ERR_7,Z4  : 401SRV Lag error      (Hyd buf outlet),UNCLASSIFIED,14,2,14.286,3,86,28.67,0,1.11,1
3GT,TAM21,L21_P1_Z02A_Alarm.RBT_RunError,Z02A : Mitsubishi robot program was stopped,CASCADE_SYMPTOM_CANDIDATE,122,1,0.82,1,86,86,100,46.75,2
3GT,TAM10,P2_527PHS1_OF_ER,Z5B : 527PHS-1 still ON,UNCLASSIFIED,18,5,27.778,6,85,14.17,33.33,-3.58,1.33
3GT,TAM22,L22_P4_Z10_Alarm.label_not_ready,Z10 : Labeler is not ready,STOP_ALARM_CANDIDATE,25,2,8,6,85,14.17,0,35.75,2
FLEX,TAM28,[00G3_K502]Program:EM1062_Carton_Case_Xfer_Robot.ALMD_B507PS_OffFail,EM1062 B507PS OffFail,ROOT_CAUSE_CANDIDATE,98,3,3.061,6,85,14.17,0,72.94,1.67
FLEX,TAM30,[00G3_K042]Program:UN10_Standard.ALMD_10G6_B505GLS,Z10 Guard Door Open =10G6_B505GLS,DOOR_OR_GUARD|OPERATOR_INITIATED_FLEX|STOP_ALARM_CANDIDATE|CASCADE_SYMPTOM_CANDIDATE,257,3,1.167,5,85,17,0,85.48,2
3GT,TAM01,P1_400_1MIS_ERR,Z4  : 3 Consective Detection 400ID1 Data Mismatch,UNCLASSIFIED,34,4,11.765,4,85,21.25,75,92.89,1.75
FLEX,TAM28,[04G3_K022]Program:UN04_Standard.ALMD_04G6_B005LEL,Z04 VAPOR ENCLOSURE LEL#1 HIGH ALARM (=04G6_B005LEL) ALM Lv3,ROOT_CAUSE_CANDIDATE,78,7,8.974,11,84,7.64,54.55,77.19,2.55
3GT,TAM10,P1_400CL_ERR_1,Z4  : 400CL Fail to EXTEND  (Hyd buf inlet),UNCLASSIFIED,17,6,35.294,10,84,8.4,0,22.19,1
3GT,TAM07,P3_CHUCK_OVERLD1,Z6  : 605PRS Chuck overload (Make sure remove ack),ROOT_CAUSE_CANDIDATE,190,5,2.632,9,84,9.33,44.44,127.41,2
3GT,TAM01,P2_SLAVE_FAIL,PLC2: Profibus slave fail,LONG_DURATION,11,3,27.273,7,84,12,28.57,67.95,1.29
3GT,TAM09,P7_CMS_NOT_RDY,Z5B : CMS Laser is not ready alarm,STOP_ALARM_CANDIDATE,25,4,16,7,84,12,14.29,-5.93,2.14
FLEX,TAM31,[00G3_K042]Program:UN02_Standard.ALMD_02G6_B022GLS,Z02 Under Guard Door Open =02G6_B021GLS,DOOR_OR_GUARD|OPERATOR_INITIATED_FLEX|STOP_ALARM_CANDIDATE,53,5,9.434,7,84,12,14.29,38.47,2.86
3GT,TAM10,P1_312PRS_FAIL,Z3  : 312PRS Sensor fail,ROOT_CAUSE_CANDIDATE,91,3,3.297,6,84,14,16.67,182.89,1.67
3GT,TAM02,P1_305PRS_FAIL,Z3  : 305PRS Sensor fail,UNCLASSIFIED,13,2,15.385,3,84,28,100,252.46,2
3GT,TAM02,P3_1004PHS_MISS,Z10 : 1004PHS Carton missing (Check jam or sensor),STOP_ALARM_CANDIDATE,4,2,50,3,84,28,0,35.27,2
3GT,TAM21,L21_P6_PSS04_4008GLS.Alarm,Guard SW (Rear Door 2) Feedback Error(4008GLS),DOOR_OR_GUARD|GUARD_SYSTEM_FAULT,36,2,5.556,2,84,42,0,12.93,1
FLEX,TAM31,[00G3_K022]Program:EM0500_Zone_C.ALMD_IncompleteCycleStop,EM0500 Zone5C Incomplete cycle stop,STOP_ALARM_CANDIDATE,72,7,9.722,8,83,10.38,62.5,45.44,2.62
3GT,TAM07,P7_513VAC_ERR,Z5B : 513VAC Foil suction vacuum fault,ROOT_CAUSE_CANDIDATE,83,4,4.819,6,83,13.83,0,192.77,1.33
FLEX,TAM31,[09G3_K002]Program:EM0903_Slider_A.ALMD_IMM_A_Not_Running,EM0901 IMM (A) Alarm: IMM (A) Not Running Error,STOP_ALARM_CANDIDATE|LONG_DURATION,46,1,2.174,4,83,20.75,0,168.8,2
3GT,TAM07,P6_JAM_4013PRS,Z4B : 4009CL fail to transfer to 4013PRS,UNCLASSIFIED,43,3,6.977,3,83,27.67,66.67,152.54,1.67
FLEX,TAM31,[00G3_K502]Program:EM10G2_Devices_general_DC.ALMD_K504CTL_Emergency,EM10G2 K504CTL Emergency stopped,STOP_ALARM_CANDIDATE|CASCADE_SYMPTOM_CANDIDATE,1737,1,0.058,2,83,41.5,0,197,1
3GT,TAM06,P3_ZSTOP_AJ_Z08,Z6  : Zone stop caused by adjacent zone8,STOP_ALARM_CANDIDATE,5,1,20,1,83,83,0,237.77,2
3GT,TAM06,P3_1001VAC1_ERR1,Z10 : 1001VAC-1 Fail to open (Sleeve forming),UNCLASSIFIED,41,1,2.439,1,83,83,0,22.25,1
3GT,TAM20,P7_ENOUGH_FOIL,Z5C : Not enough foil (->Check foil reel),ROOT_CAUSE_CANDIDATE,85,3,3.529,8,82,10.25,25,110.78,1.88
3GT,TAM20,P1_414CL_ERR_1,Z4  : 414CL Fail to EXTEND  (Plt push@Ret in),UNCLASSIFIED,3,2,66.667,6,82,13.67,16.67,145.91,1.17
3GT,TAM17,P1_570CL_ERR_1,Z4  : 570CL Fail to EXTEND  (Stage pusher),LONG_DURATION,25,2,8,5,82,16.4,20,154.42,1.2
3GT,TAM01,P3_606CL_ERR_1,Z6  : 606CL Fail to extend (Array xfer up/down),UNCLASSIFIED,23,2,8.696,3,82,27.33,66.67,26.97,1.67
3GT,TAM07,P2_STICK_DI_REM,Z5B : DI removal sticking (549PHS),LONG_DURATION,13,1,7.692,3,82,27.33,33.33,33.9,1.33
3GT,TAM21,L21_P1_Z02B_Warning.FC_Bypass,Z2B: BC Loop Excess Pallets Detected,WARNING,51,3,5.882,3,82,27.33,0,75.57,1
FLEX,TAM27,[00G3_K502]Program:EM06G4_Operator_Interface.ALMD_Z05_PBL_Actuated,Zone05 ZONE STOP PB,STOP_ALARM_CANDIDATE|CASCADE_SYMPTOM_CANDIDATE,1872,3,0.16,3,82,27.33,100,0.82,3
3GT,TAM22,L22_P3_0513LS.Alarm1,Z05B : 513LS Foil feed roller3 opened,UNCLASSIFIED,8,1,12.5,2,82,41,50,3.91,1.5
3GT,TAM21,L21_P3_0523SRV.Driver_Fault,P3_0523SRV Driver Axis Fault,UNCLASSIFIED,84,6,7.143,9,81,9,0,96.97,1
3GT,TAM22,L22_P1_0241PRS.Alarm1,Z02B : 241PRS or 242PRS Sensor fail to be ON,CASCADE_SYMPTOM_CANDIDATE,386,4,1.036,8,81,10.12,0,-7.25,1
3GT,TAM17,P6_4014PRSFAIL1,Z4B : 4014PRS fail to be ON,ROOT_CAUSE_CANDIDATE|LONG_DURATION,62,6,9.677,7,81,11.57,71.43,71.39,2.43
FLEX,TAM31,[09G3_K002]Program:EM0913_Slider_B.ALMD_IMM_Door_B_Open,Z09 IMM Door B Open =09G6_B006GLS,DOOR_OR_GUARD|OPERATOR_INITIATED_FLEX|STOP_ALARM_CANDIDATE|LONG_DURATION,45,2,4.444,7,81,11.57,0,68.77,2.71
3GT,TAM21,L21_P4_0602SRV.Over_Travel_Pos,P4_0602SRV Positive Over Travel,UNCLASSIFIED,55,4,7.273,6,81,13.5,0,47.75,1
3GT,TAM21,L21_P1_0407SRV.Driver_Fault,P1_0407SRV Driver Axis Fault,UNCLASSIFIED,36,3,8.333,6,81,13.5,0,77.77,1
FLEX,TAM28,[00G3_K042]Program:UN02_Standard.ALMD_02G6_B005GLS,Z02 Guard Door Open =02G6_B005GLS,DOOR_OR_GUARD|OPERATOR_INITIATED_FLEX|STOP_ALARM_CANDIDATE|LONG_DURATION,28,2,7.143,6,81,13.5,0,172.15,2.17
FLEX,TAM30,[00G3_K022]Program:EM0510_Lens_Transfer.ALMD_EM00G7_M005SV_Not_Ready,EM0510 Zone3B/5B M005SV Air Not Ready,STOP_ALARM_CANDIDATE|LONG_DURATION,10,2,20,6,81,13.5,66.67,71.16,2.67
3GT,TAM09,P7_LOC_MISMATCH,Z5B : Jam at walking beam (542PRS),STOP_ALARM_CANDIDATE|CASCADE_SYMPTOM_CANDIDATE,159,5,3.145,5,81,16.2,100,111.01,2.6
3GT,TAM22,L22_P1_Z02B_Warning.ShingleCurve,Z02B : Shingle curve detected,WARNING|CASCADE_SYMPTOM_CANDIDATE,3767,3,0.08,4,81,20.25,0,0,1
3GT,TAM01,P7_FOIL_ID_ERR,Z5B : Foil ID mismatch,UNCLASSIFIED,37,1,2.703,1,81,81,100,247.77,2
3GT,TAM10,P6_4010PRSFAIL1,Z4B : 4010PRS fail to be ON,UNCLASSIFIED,130,1,0.769,1,81,81,0,20.92,1
3GT,TAM23,L23_P4_0809CL.stat.Failed,P4_0809CL Failed,UNCLASSIFIED,99,1,1.01,1,81,81,0,9.95,1
3GT,TAM07,P3_602PHS_UKNOW,Z6  : 602PHS Unknown array detected (Remove array),ROOT_CAUSE_CANDIDATE,35,5,14.286,8,80,10,50,87.07,2.25
FLEX,TAM31,[00G3_K502]Program:EM0603_Stray_Stacker.ALMD_MainteDoorOpen,Mainte Door Opened - Loader side,DOOR_OR_GUARD|OPERATOR_INITIATED_FLEX|STOP_ALARM_CANDIDATE,28,3,10.714,8,80,10,0,101.13,2.62
3GT,TAM01,P7_VIS_NOT_RUN,Z5B : Vision System not running,STOP_ALARM_CANDIDATE|LONG_DURATION,31,4,12.903,6,80,13.33,16.67,52.6,2.17
FLEX,TAM26,[00G3_K002]Program:EM0300_Zone_A.ALMD_IncompleteCycleStop,EM0300 Z03A Incomplete cycle stop,STOP_ALARM_CANDIDATE,9,3,33.333,6,80,13.33,100,69.52,3
FLEX,TAM27,[00G3_K022]Program:EM0539_Foreign_Matter_Detection.ALMD_FMD_ConsecutiveReject,EM0539 FMD Consecutive reject,ROOT_CAUSE_CANDIDATE,1436,4,0.279,6,80,13.33,0,33.91,2
3GT,TAM18,P7_513VAC_ERR,Z5B : 513VAC Foil suction vacuum fault,ROOT_CAUSE_CANDIDATE,136,3,2.206,5,80,16,20,163.63,1.4
3GT,TAM22,L22_P3_0532PHS.Alarm1,Z05B : 532PHS Product array not detect,UNCLASSIFIED,66,3,4.545,5,80,16,40,61.45,1.4
FLEX,TAM26,[00G3_K042]Program:UN06_Standard.ALMD_06G6_B502GLS,Z06 Guard Door Open =06G6_B502GLS,DOOR_OR_GUARD|OPERATOR_INITIATED_FLEX|STOP_ALARM_CANDIDATE,11,2,18.182,4,80,20,50,-0.29,3
FLEX,TAM28,[00G3_K022]Program:EM0556_Array_Transfer.ALMD_Chuck_Overload5,EM0556 Array Jam detect (Chuck Overload) Check B005PRS,STOP_ALARM_CANDIDATE,33,2,6.061,4,80,20,0,94.71,2
3GT,TAM01,P0_12IDC_FAULT,PLC0: IDC to 210 disconnect,LONG_DURATION,40,1,2.5,3,80,26.67,0,112.33,1
3GT,TAM22,L22_P3_Z05B_Warning.Array_Reject,Z05B : Array Reject Selected,WARNING,53,1,1.887,3,80,26.67,33.33,4.01,1.33
3GT,TAM01,P2_510SRV_ERR_5,Z5B : 510SRV Over drive     (Saline Buffer),UNCLASSIFIED,4,1,25,2,80,40,0,63.62,1
3GT,TAM01,P3_619PHS_UKNOW,Z6  : 619PHS Unknown array detected (Remove array),UNCLASSIFIED,6,2,33.333,2,80,40,100,117.73,2
FLEX,TAM28,[00G3_K022]Program:EM05G7_Control_Circuit_General.ALMD_EM05G7_M002SV_Not_Ready,EM05G7 Zone5B M002SV Heat Seal Air Not Ready,STOP_ALARM_CANDIDATE|CASCADE_SYMPTOM_CANDIDATE,1907,2,0.105,2,80,40,100,23.75,3
3GT,TAM17,P2_586CL_2_ERR_1,Z5B : 586CL-2 Fail To extend (good/bad),ROOT_CAUSE_CANDIDATE,125,4,3.2,8,79,9.88,25,49.06,2.25
FLEX,TAM25,[00G3_K022]Program:EM0510_Lens_Transfer.ALMD_EM00G7_M005SV_Not_Ready,EM0510 Zone3B/5B M005SV Air Not Ready,STOP_ALARM_CANDIDATE|LONG_DURATION,59,2,3.39,7,79,11.29,28.57,47.03,2.29
FLEX,TAM29,[00G3_K042]Program:UN02_Standard.ALMD_02G6_B022GLS,Z02 Under Guard Door Open =02G6_B021GLS,DOOR_OR_GUARD|OPERATOR_INITIATED_FLEX|STOP_ALARM_CANDIDATE,25,2,8,5,79,15.8,0,73.1,2.6
3GT,TAM18,P3_ZSTOP_AJ_Z07_2,Z8  : Zone stop caused by adjacent zone7,STOP_ALARM_CANDIDATE,42,3,7.143,4,79,19.75,0,68.54,2
3GT,TAM10,P2_510CL_ERR_1,Z5AB: 510CL Fail to extend  (Predose inlet),UNCLASSIFIED,49,1,2.041,3,79,26.33,33.33,148.92,1.33
3GT,TAM22,L22_P3_Z05A_Warning.RBT_0500VAC_ERR,Z05A : 500VAC error,WARNING,45,2,4.444,3,79,26.33,33.33,30.43,1.33
3GT,TAM22,L22_P4_0862PHS.Alarm1,Z08 : 862PHS Carton missing (Check jam or sensor),STOP_ALARM_CANDIDATE,75,2,2.667,2,79,39.5,0,69.01,2
FLEX,TAM27,[00G3_K502]Program:EM1025_Carton_Forming_Robot.ALMD_B501PS_OffFail,EM1025 B501PS OffFail,ROOT_CAUSE_CANDIDATE,138,1,0.725,2,79,39.5,0,200.98,1
3GT,TAM07,P3_619PHS_UKNOW,Z6  : 619PHS Unknown array detected (Remove array),UNCLASSIFIED,6,1,16.667,1,79,79,100,72.57,2
FLEX,TAM27,[00G3_K002]Program:EM0312_Demold.ALMD_00G7_M003SV_Not_Ready,EM0312 Z02/Z03 SV Not Ready (EM00G7-M003SV),STOP_ALARM_CANDIDATE|CASCADE_SYMPTOM_CANDIDATE,821,5,0.609,5,78,15.6,100,102.08,2.4
3GT,TAM05,P1_305CL_ERR_1,Z3  : 305CL Fail to EXTEND  (IR head U/D),UNCLASSIFIED,7,1,14.286,4,78,19.5,50,102.36,1.5
FLEX,TAM28,[00G3_K022]Program:EM0562_Foil_Feed_Laser_Marker.ALMD_LaserFault,EM0562 K001CTL: Domino Laser Fault,ROOT_CAUSE_CANDIDATE,430,2,0.465,4,78,19.5,0,17.51,2
3GT,TAM01,P2_554PRS8_ON_ER,Z5B : 554PRS-8 Puck not detect,CASCADE_SYMPTOM_CANDIDATE,247,1,0.405,1,78,78,0,24.16,1
3GT,TAM18,P3_CTN_JAM_HOPR,Z8  : 861PRS Carton jam underneath the hopper,STOP_ALARM_CANDIDATE,26,4,15.385,8,77,9.62,0,77.56,2
3GT,TAM01,P3_865PHS_MISS,Z8  : 865PHS Carton missing (Check jam or sensor),STOP_ALARM_CANDIDATE,24,3,12.5,7,77,11,0,38.45,2
3GT,TAM09,P0_CRY_VAC_Fail,Z2A : Carry Over Vacuum Failed,ROOT_CAUSE_CANDIDATE,94,4,4.255,6,77,12.83,50,55.08,2.33
3GT,TAM21,L21_P1_0401CL.stat.Fte,P1_0401CL Fail to Extend   !! Still pressurised with Perfect Block !!,UNCLASSIFIED,24,2,8.333,6,77,12.83,0,99.89,1
3GT,TAM02,P3_LABEL_NOTRDY,Z10 : Labeler is not ready,STOP_ALARM_CANDIDATE,8,2,25,5,77,15.4,0,68.11,2
3GT,TAM05,P2_585CL_ERR_1,Z5B : 585CL Fail To extend  (DI removal),UNCLASSIFIED,8,2,25,5,77,15.4,20,30.3,1.2
3GT,TAM18,P1_400_1MIS_ERR,Z4  : 3 Consective Detection 400ID1 Data Mismatch,UNCLASSIFIED,80,4,5,5,77,15.4,40,78.06,1.4
FLEX,TAM29,[00G3_K022]Program:EM0545_Heat_Seal_Process.ALMD_HS_LoLo_Temp,EM0545 Heat Seal Low-Low Temperature (B001TC - B015TC),UNCLASSIFIED,3,2,66.667,5,77,15.4,0,119.84,1
3GT,TAM10,P6_4010CL_ERR_1,Z4B : 4010CL Fail to Extend,UNCLASSIFIED,8,2,25,6,76,12.67,33.33,53.81,1.33
3GT,TAM09,P2_SalineSenseChk,Z5B : Check Saline Sensor,UNCLASSIFIED,68,2,2.941,2,76,38,100,36.42,2
3GT,TAM01,P3_QCBin_Fault,Z10: QC Bin is full and must be emptied,UNCLASSIFIED,32,1,3.125,1,76,76,0,-29.44,1
3GT,TAM05,P0_211SRV_ERR_7,Z2B : 211SRV Lag error      (Plt to depos),UNCLASSIFIED,40,3,7.5,9,75,8.33,33.33,64.22,1.33
3GT,TAM06,P3_LABEL_NOTRDY,Z10 : Labeler is not ready,STOP_ALARM_CANDIDATE,42,4,9.524,9,75,8.33,0,22.8,2
3GT,TAM20,P6_IVK_COM_TOUT,Z4B : Communication time out with IVEK3,STOP_ALARM_CANDIDATE,10,3,30,9,75,8.33,11.11,92.2,2.11
3GT,TAM18,PSS1_INPUT_ERR2_4,PSS1: 208GLS Input Error,UNCLASSIFIED,3,1,33.333,8,75,9.38,0,52.86,1
3GT,TAM06,P3_814PHS_UKNOW,Z8  : 814PHS Tray jam or sensor fail (Remain),STOP_ALARM_CANDIDATE,179,3,1.676,7,75,10.71,0,28.83,2
FLEX,TAM28,[00G3_K022]Program:EM0562_Foil_Feed_Laser_Marker.ALMD_FIFE_Not_OK,EM0562 K003CR FIFE not ready,STOP_ALARM_CANDIDATE|CASCADE_SYMPTOM_CANDIDATE,1325,2,0.151,6,75,12.5,0,263.37,1.17
3GT,TAM02,P7_MMLS_TRGCNT_LLVL_IS_BAD,Z5B: MMLS Trigger Count or Light Level is Bad,UNCLASSIFIED,111,1,0.901,5,75,15,0,134.84,1
3GT,TAM10,P2_510SHINGLE,Z5B : Shingle P.P. (510PHS),UNCLASSIFIED,69,4,5.797,5,75,15,0,58.93,1
3GT,TAM21,L21_P2_0433CL.stat.Fte,P2_0433CL Fail to Extend,UNCLASSIFIED,28,3,10.714,5,75,15,0,-26.12,1
3GT,TAM23,L23_P4_1000PHS_01.Alarm1,Z10 : 1000PHS Carton jam (Remove carton),STOP_ALARM_CANDIDATE,4,3,75,5,75,15,0,58.68,2
FLEX,TAM25,[00G3_K042]Program:UN03_Standard.ALMD_03G6_B002GLS,Z03 Guard Door Open =03G6_B002GLS,DOOR_OR_GUARD|OPERATOR_INITIATED_FLEX|STOP_ALARM_CANDIDATE,15,2,13.333,5,75,15,80,169.92,2.8
FLEX,TAM25,[00G3_K042]Program:UN09_Standard.ALMD_09_900GLS1,Z09 Guard Door Open 900GLS1,DOOR_OR_GUARD|OPERATOR_INITIATED_FLEX|STOP_ALARM_CANDIDATE|LONG_DURATION,26,2,7.692,4,75,18.75,0,-14.8,2.75
FLEX,TAM29,[00G3_K003]Program:EM0312_Demold.ALMD_T001SVP_Driver_Fault,EM0312 T001SVP Demold Upper Fingers Driver fault,STOP_ALARM_CANDIDATE,17,1,5.882,3,75,25,0,92.43,2
FLEX,TAM31,[00G3_K002]Program:EM0285_Cooling_Walking_Beam.ALMD_T001SVP_Driver_Fault,EM0285 T001SVP Cooling Walking Beam Servo Driver fault,STOP_ALARM_CANDIDATE,72,2,2.778,3,75,25,0,199.5,2
3GT,TAM21,L21_P3_0519PRS.Alarm2,Z05B : 519PRS still ON,UNCLASSIFIED,15,2,13.333,2,75,37.5,50,46.76,1.5
3GT,TAM17,P3_864PHS_MISS,Z8  : 864PHS Carton missing (Check jam or sensor),STOP_ALARM_CANDIDATE,50,1,2,1,75,75,0,30.46,2
FLEX,TAM25,[00G3_K042]Program:UN06_Standard.ALMD_06G6_B501GLS,Z06 Guard Door Open =06G6_B501GLS,DOOR_OR_GUARD|OPERATOR_INITIATED_FLEX|STOP_ALARM_CANDIDATE,42,6,14.286,9,74,8.22,22.22,73.74,3
3GT,TAM10,P3_CMS_COM_TOUT,Z8  : Laser marker communication time out failure,STOP_ALARM_CANDIDATE,46,4,8.696,7,74,10.57,0,102.82,2
3GT,TAM05,P0_RBT_ABNORMAL,Z2A : Stripper Plate is not closed - check 200PRS,UNCLASSIFIED,23,2,8.696,6,74,12.33,16.67,38.51,1.17
3GT,TAM05,P1_SHINGLE_DET2,Z4  : FC shingle detect at 411PHS_2,UNCLASSIFIED,51,4,7.843,6,74,12.33,33.33,124.75,1.33
3GT,TAM06,P0_SHINGLE_ERR,Z2B : 210PHS Shingling pallet (Assembly),ROOT_CAUSE_CANDIDATE,119,6,5.042,6,74,12.33,66.67,31.05,2.67
3GT,TAM18,P6_HSC2FAIL_RST,Z4B : High speed counter #2 Fail to be Reset,ROOT_CAUSE_CANDIDATE,92,4,4.348,6,74,12.33,33.33,8.55,2.33
FLEX,TAM26,[04G3_K002]Program:EM0422_Tower1_Extraction.ALMD_Ext_RedoseFail_ALM,EM0422 Tower #1 Extraction redose fail (consecutive 20 Times),UNCLASSIFIED,27,6,22.222,6,74,12.33,0,-11.36,1
FLEX,TAM29,[00G3_K502]Program:EM1001_Array_Stacking_and_Insert.ALMD_ArrayInsertOverload,Array insert Overload Fail,ROOT_CAUSE_CANDIDATE,761,3,0.394,6,74,12.33,0,8.8,2
3GT,TAM06,P2_538CL_ERR_1,Z5B : 538CL Fail to extend  (Heat seal block),UNCLASSIFIED,3,2,66.667,4,74,18.5,25,41.39,1.25
3GT,TAM01,P3_1001PRS_MISS,Z10 : Sleeve hopper is empty,CASCADE_SYMPTOM_CANDIDATE,105,1,0.952,1,74,74,0,163.07,1
3GT,TAM10,P3_851PRS_OVRLD,Z8  : 851PRS Array insert overload (Remove array),ROOT_CAUSE_CANDIDATE,125,5,4,10,73,7.3,0,106.28,1.8
3GT,TAM09,P8_1019PHSUKNOW,Z10 : 1019PHS Carton jam (Remove carton),STOP_ALARM_CANDIDATE,76,4,5.263,6,73,12.17,0,32.96,2
3GT,TAM23,L23_P4_0807PHS_05.Alarm1,Z08 : 807PHS-5 Array missing (Check jam or sensor),STOP_ALARM_CANDIDATE,61,4,6.557,6,73,12.17,0,181.17,2
3GT,TAM22,L22_P3_Z05B_Alarm.Seal_Press_Error,Z05B : DI removal seal pressure out of range,CASCADE_SYMPTOM_CANDIDATE,266,4,1.504,5,73,14.6,60,-0.22,1.6
3GT,TAM02,P1_423CL_ERR_1,Z4  : 423CL Fail to EXTEND  (FC xfer X-axis),UNCLASSIFIED,15,2,13.333,3,73,24.33,33.33,81.66,1.33
3GT,TAM22,L22_P1_Z02B_Alarm.Precure_Lamp_Fail2,"Z02B : Precure Lamp Fail (1DSA, Lamp3/4)",LONG_DURATION,3,2,66.667,2,73,36.5,50,-4.81,1.5
3GT,TAM06,P0_218SRV_ERR_2,Z2B : 218SRV Driver error   (Cure outlet),UNCLASSIFIED,45,1,2.222,1,73,73,100,109.28,2
FLEX,TAM31,[00G3_K022]Program:EM0540_Heat_Seal_Infeed.ALMD_MMLS_TCLL_OffFail,EM0540 MMLS TCLL Sensor Off Fail (Still On),UNCLASSIFIED,59,1,1.695,1,73,73,0,100.75,1
3GT,TAM07,P7_Foil_WebGuide_Z05C_RunAlm_3,Z05C: Web Guide - At maximum positions,CONFIRMED_RUN_ALARM_BY_NAME|LONG_DURATION,3197,6,0.188,8,72,9,62.5,108.33,1
FLEX,TAM28,[00G3_K022]Program:EM0500_Zone_C.ALMD_IncompleteCycleStop,EM0500 Zone5C Incomplete cycle stop,STOP_ALARM_CANDIDATE,45,3,6.667,8,72,9,25,52.17,2.25
3GT,TAM01,FMD_Alm_Heartbeat_Loss,Zone05P17: Heartbeat loss between AB Driver and FMD system,ROOT_CAUSE_CANDIDATE,126,5,3.968,7,72,10.29,14.29,40.07,2
3GT,TAM09,P8_1099SV_FAIL,Z10 : 1099SV failure (Shutdown valve),ROOT_CAUSE_CANDIDATE,385,5,1.299,7,72,10.29,0,22.83,2
3GT,TAM22,L22_P4_Z10_Warning.P4_1001BCR_NoRead,Z10 : 1001BCR No read failure (Lot number Trail code),WARNING,64,4,6.25,7,72,10.29,0,107.19,1
3GT,TAM21,L21_P4_0861PHS.Alarm1,Z08 : 861PHS Array missing (Check jam or sensor),STOP_ALARM_CANDIDATE|CASCADE_SYMPTOM_CANDIDATE,107,4,3.738,6,72,12,0,169.84,1.33
3GT,TAM02,P2_SalineSenseChk,Z5B : Check Saline Sensor,UNCLASSIFIED,90,4,4.444,5,72,14.4,20,63.45,1.2
3GT,TAM21,L21_P1_IMM_Data_Check.HMI01,IMM set-up data is out of range: Please check IMM parameters or refer to IMM parameter screen,LONG_DURATION,20,4,20,5,72,14.4,0,48.1,1
3GT,TAM06,P2_SalineSenseChk,Z5B : Check Saline Sensor,ROOT_CAUSE_CANDIDATE,197,2,1.015,4,72,18,0,99.07,1.5
3GT,TAM18,P6_4009CL_ERR_1,Z4B : 4009CL Fail to Extend,UNCLASSIFIED,59,2,3.39,4,72,18,0,92.13,1
FLEX,TAM25,[04G3_K022]Program:UN04_Standard.ALMD_04G6_B018GLS,Z04 GUARD DOOR OPEN (=04G6_B018GLS),DOOR_OR_GUARD|OPERATOR_INITIATED_FLEX|STOP_ALARM_CANDIDATE|LONG_DURATION,34,3,8.824,3,72,24,100,-32.57,3
FLEX,TAM25,[00G3_K042]Program:UN06_Standard.ALMD_06G6_B503GLS,Z06 Guard Door Open =06G6_B503GLS,DOOR_OR_GUARD|OPERATOR_INITIATED_FLEX|STOP_ALARM_CANDIDATE|LONG_DURATION,6,2,33.333,2,72,36,100,42.86,3
3GT,TAM10,P2_512PHS_ON_ER,Z5B : 512PHS Puck not detect,UNCLASSIFIED,5,1,20,1,72,72,0,-15.47,1
3GT,TAM09,SBM_W01_Ldoor_Opnd,Z6/7 : Sterilizer Load Door Is Still Opened,DOOR_OR_GUARD|POSSIBLE_OPERATOR_ACCESS_LEGACY|STOP_ALARM_CANDIDATE|ROOT_CAUSE_CANDIDATE,56,5,8.929,9,71,7.89,11.11,91.03,3
3GT,TAM20,P3_619PHS_UKNOW,Z6  : 619PHS Unknown array detected (Remove array),ROOT_CAUSE_CANDIDATE,101,7,6.931,8,71,8.88,50,120.04,2.12
FLEX,TAM30,[04G3_K002]Program:EM04G6_Safety_Units.ALMD_GuardDoor_Opened,EM04G6 Guard door opened,DOOR_OR_GUARD|OPERATOR_INITIATED_FLEX|STOP_ALARM_CANDIDATE,16,3,18.75,8,71,8.88,0,127.36,2.62
3GT,TAM21,L21_P3_Z05B_Alarm.FM0510_Hi,Z05B : 510FM flow rate high,UNCLASSIFIED,17,2,11.765,5,71,14.2,20,230.64,1.2
FLEX,TAM30,[00G3_K042]Program:UN05_Standard.ALMD_05G6_B006GLS,Z05 Guard Door Open =05G6_B006GLS,DOOR_OR_GUARD|OPERATOR_INITIATED_FLEX|STOP_ALARM_CANDIDATE|CASCADE_SYMPTOM_CANDIDATE,116,4,3.448,5,71,14.2,60,102.96,2.6
3GT,TAM01,P6_JAM_4015PRS,Z4B : 4012CL fail to transfer to 4015PRS,UNCLASSIFIED,22,4,18.182,4,71,17.75,50,38.62,1.5
FLEX,TAM29,[00G3_K042]Program:UN03_Standard.ALMD_03G6_B001GLS,Z03 Guard Door Open =03G6_B001GLS,DOOR_OR_GUARD|OPERATOR_INITIATED_FLEX|STOP_ALARM_CANDIDATE|CASCADE_SYMPTOM_CANDIDATE,134,3,2.239,4,71,17.75,100,69.51,3
FLEX,TAM26,[04G3_K022]Program:UN04_Standard.ALMD_0442_T003BA_03_04,"Z04 TOWER2 DRAIN HIGH-HIGH LEVEL (=0442_B011LS,B012LS) ALM Lv1",LONG_DURATION,22,3,13.636,3,71,23.67,100,57.58,2
FLEX,TAM30,[00G3_K003]Program:EM0372_Shingle_Check.ALMD_Shingle_FC_Detection,EM0372 Shingle FC is detected on Stage ( RIGHT SIDE ) at Shingle Check station,ROOT_CAUSE_CANDIDATE,214,1,0.467,3,71,23.67,0,117.06,2
3GT,TAM09,P1_309PRS_FAIL,Z3  : 309PRS Sensor fail,UNCLASSIFIED,5,1,20,2,71,35.5,100,45.23,2
3GT,TAM10,P8_1015PHSUKNOW,Z10 : 1015PHS Empty-tray jam/sensor fail (Remain),STOP_ALARM_CANDIDATE,3,1,33.333,1,71,71,0,165.25,2
3GT,TAM17,P2_RBT_home_ERR,Z5A : Mitsubishi robot couldn't Home (chk Cube/Yushin),LONG_DURATION,35,1,2.857,1,71,71,100,185.91,2
3GT,TAM20,RMT_MECPS_ERROR,Raw Material Tracking Error,UNCLASSIFIED,3,1,33.333,1,71,71,0,-9.14,1
3GT,TAM22,L22_P2_0430PRS.Alarm1,Z04B : 430PRS Sensor fail to be on,UNCLASSIFIED,78,1,1.282,1,71,71,0,-11.51,1
FLEX,TAM30,[00G3_K003]Program:EM0332_FC_Transfer.ALMD_K001CTL_Guard_Open,EM0332 FC Transfer Robot Error: Safety Guard Open,DOOR_OR_GUARD|OPERATOR_INITIATED_FLEX|STOP_ALARM_CANDIDATE|CASCADE_SYMPTOM_CANDIDATE,470,3,0.638,10,70,7,0,71.44,2
3GT,TAM22,L22_P3_Z05B_Alarm.ALI3_Not_Rdy,Z05B : ALI System 3 not ready,STOP_ALARM_CANDIDATE,32,5,15.625,9,70,7.78,33.33,143.41,2.33
3GT,TAM02,P1_23PS_ERROR_Z3,Z2-3: 23PS Air pressure low,LONG_DURATION,52,5,9.615,6,70,11.67,100,84.37,2
3GT,TAM06,P7_Laser_NOT_RDY,Z5B : Laser is not ready alarm,STOP_ALARM_CANDIDATE,52,4,7.692,6,70,11.67,0,6.83,2
3GT,TAM05,P3_855PRS_MISS,Z8 : 855PRS Carton hopper is empty,UNCLASSIFIED,45,5,11.111,5,70,14,0,165.73,1
3GT,TAM17,P3_1099SV_FAIL,Z10 : 1099SV failure (Shutdown valve),ROOT_CAUSE_CANDIDATE,708,4,0.565,5,70,14,0,61.76,1.8
3GT,TAM10,P3_802MTR_ALARM,Z8  : 802MTR Motor controller error (Steri out),UNCLASSIFIED,283,3,1.06,4,70,17.5,0,13.09,1
3GT,TAM18,P7_LOC_MISMATCH,Z5B : Jam at walking beam (542PRS),STOP_ALARM_CANDIDATE|CASCADE_SYMPTOM_CANDIDATE,144,3,2.083,4,70,17.5,25,106.36,1.75
FLEX,TAM25,[00G3_K042]Program:UN02_Standard.ALMD_02G6_B004GLS,Z02 Guard Door Open =02G6_B004GLS,DOOR_OR_GUARD|OPERATOR_INITIATED_FLEX|STOP_ALARM_CANDIDATE|LONG_DURATION,17,4,23.529,10,69,6.9,20,57.2,2.6
3GT,TAM07,P3_609CL_FTE_5,Z6  : 609CL-5 Fail to extend (Array chuck),ROOT_CAUSE_CANDIDATE,69,5,7.246,7,69,9.86,42.86,92.87,2.14
3GT,TAM21,L21_P3_0510CL.stat.Fte,P3_0510CL Fail to Extend,UNCLASSIFIED,68,3,4.412,7,69,9.86,0,60.07,1
FLEX,TAM31,[00G3_K022]Program:EM0516_DI_Removal.ALMD_Stick_DI_Removal,EM0516 DI Removal sticking alarm (B001PHS/B002PHS),ROOT_CAUSE_CANDIDATE,318,3,0.943,6,69,11.5,0,42.4,2
3GT,TAM05,P3_801PHS_MISS,Z8 : 801PHS Array missing (Check jam or sensor),STOP_ALARM_CANDIDATE,29,3,10.345,5,69,13.8,0,57.04,2
3GT,TAM05,P6_Z04B_ALM_Prs4010_OffFail,Z04B : 4010PRS Sensor fail to be off,UNCLASSIFIED,62,3,4.839,5,69,13.8,40,26.57,1.4
3GT,TAM23,L23_P4_Z08_Alarm.not_empty,Z08 : 807PHS Array remaining in tray slot,ROOT_CAUSE_CANDIDATE,58,3,5.172,4,69,17.25,0,58,2
FLEX,TAM26,[00G3_K022]Program:EM0558_Foil_Reel.ALMD_Foil_Purge,EM0558: Foil Purge detect,ROOT_CAUSE_CANDIDATE,112,1,0.893,4,69,17.25,0,-44.85,1.25
3GT,TAM01,P2_553PHS_OF_ER,Z5AB: 553PHS still ON,UNCLASSIFIED,18,1,5.556,3,69,23,0,107.15,1
3GT,TAM21,L21_P6_4013PRS.Alarm2,Z04C : 4013PRS Sensor fail to be on,UNCLASSIFIED,59,3,5.085,3,69,23,33.33,33.47,1.33
3GT,TAM22,L22_P3_0511SRV.Driver_Fault,P3_0511SRV Driver Axis Fault,UNCLASSIFIED,82,1,1.22,3,69,23,0,115.78,1
3GT,TAM18,RMT_FOIL_ERROR,Raw Material Tracking Error,LONG_DURATION,2,1,50,1,69,69,0,15.53,1
3GT,TAM21,L21_P3_Z09_Warning.IMM_Reject,Z09 : IMM rejecting,WARNING|CASCADE_SYMPTOM_CANDIDATE|LONG_DURATION,120,1,0.833,1,69,69,0,79.6,1
3GT,TAM21,L21_P3_0550PRS.Alarm1,Z05B : 550PRS Puck not detect,UNCLASSIFIED,35,4,11.429,7,68,9.71,57.14,17.13,1.57
3GT,TAM20,P1_403CL_ERR_2,Z4  : 403CL Fail to RETRACT (FC xfer inlet),UNCLASSIFIED,83,3,3.614,3,68,22.67,100,162.69,2
3GT,TAM10,P1_427CL_ERR_1,Z4  : 427CL Fail to EXTEND  (FC verify),UNCLASSIFIED,23,2,8.696,2,68,34,0,-7.99,1
3GT,TAM21,L21_P1_MoldCommTout.HMI01,Mold communication timeout: PLC can not communicate with IDR for mold. PLC initializes IDR when below button is pressed.,STOP_ALARM_CANDIDATE,16,4,25,8,67,8.38,0,189.44,2
FLEX,TAM24,[00G3_K002]Program:EM0320_Hyd_Buffer_Inlet.ALMD_Cnsec_Hema_Detected,EM0320 Consecutive Hema Ring detected,ROOT_CAUSE_CANDIDATE,421,4,0.95,8,67,8.38,0,150.69,1.38
3GT,TAM20,P7_533PRS_ON_ER,Z5B : 533PRS Retainer not detect,ROOT_CAUSE_CANDIDATE,97,4,4.124,7,67,9.57,0,57.44,1.86
3GT,TAM05,P0_251CL_ERR_2,Z2B : 251CL Fail to RETRACT (Stp pin@FC ret),UNCLASSIFIED,17,2,11.765,5,67,13.4,20,154.3,1.2
3GT,TAM23,L23_P4_0606PHS.Alarm2,Z06 : 606PHS Tray jam or sensor fail (Missing),STOP_ALARM_CANDIDATE,3,3,100,5,67,13.4,60,15.09,2.6
FLEX,TAM26,[00G3_K042]Program:UN05_Standard.ALMD_05G6_B007GLS,Z05 Under Guard Door Open =05G6_B007GLS,DOOR_OR_GUARD|OPERATOR_INITIATED_FLEX|STOP_ALARM_CANDIDATE|LONG_DURATION,4,3,75,5,67,13.4,40,7.8,3
FLEX,TAM31,[00G3_K003]Program:EM0364_FC_Detection.ALMD_FC_Detection,EM0364 FC is remaining on Stage ( LEFT SIDE) at FC Detect station,ROOT_CAUSE_CANDIDATE,385,4,1.039,5,67,13.4,0,121.34,1.4
3GT,TAM07,P2_529CL_ERR_2,Z5B : 529CL Fail to retract (Rtrn buffer in),UNCLASSIFIED,7,2,28.571,4,67,16.75,0,50.18,1
3GT,TAM10,P6_LONG_IPA_ER,Z4B : Tower#2 extraction time too long,UNCLASSIFIED,472,3,0.636,4,67,16.75,50,156.84,1.5
3GT,TAM21,L21_P6_4007PRS.Alarm2,Z04C : 4007PRS Sensor fail to be on,UNCLASSIFIED,47,3,6.383,4,67,16.75,25,192.93,1.25
FLEX,TAM29,[00G3_K002]Program:EM0210_FC_Load.ALMD_B001IDR_ConsNoRead,EM0210 B001IDR Consecutive No Read,UNCLASSIFIED,4,1,25,4,67,16.75,0,62.92,1
3GT,TAM10,P0_248PRS_FAIL,Z2B: 248PRS Sensor Fail (240cl fail to down),LONG_DURATION,2,1,50,3,67,22.33,33.33,34.91,1.33
3GT,TAM18,P7_CMS_NOT_RDY,Z5B : CMS Laser is not ready alarm,STOP_ALARM_CANDIDATE,50,2,4,3,67,22.33,33.33,151.36,2.33
3GT,TAM21,L21_P4_Z08_Warning.Uncount_0807PHS_01,Z08 : 807PHS_01 unknown array detected,WARNING|LONG_DURATION,6,1,16.667,3,67,22.33,0,2.99,1
3GT,TAM07,P6_4011CL_ERR_1,Z4B : 4011CL Fail to Extend,UNCLASSIFIED,10,2,20,2,67,33.5,100,184.03,2
3GT,TAM21,L21_P1_Z02B_Alarm.Remove_Loc4,Z02B : Pallet remove Location[4],LONG_DURATION,9,1,11.111,2,67,33.5,50,-3.12,1.5
3GT,TAM09,P6_Z04B_Wrn_TWR1_Temp_High,Z04B : Tower#1 DI/IPA temperature exceeds high limit,CASCADE_SYMPTOM_CANDIDATE|LONG_DURATION,4360,4,0.092,6,66,11,33.33,89.18,1.17
3GT,TAM10,P1_309CL_ERR_1,Z3  : 309CL Fail to EXTEND  (ALI outlet),UNCLASSIFIED,7,3,42.857,6,66,11,66.67,101.97,1.67
3GT,TAM18,P0_230CL_ERR_1,Z2B : 230CL Fail to EXTEND  (Prec xfer U/D),UNCLASSIFIED,54,5,9.259,5,66,13.2,100,83.33,2
3GT,TAM22,L22_P3_Z05B_Alarm.IMarkRegNG,Z05B : 515PHS-01 I_Mark Sensor Consecutive Registration Error,UNCLASSIFIED,3,2,66.667,5,66,13.2,20,30.85,1.2
3GT,TAM07,P3_81PS_ERROR,Z8  : 81PS Pressure low,LONG_DURATION,8,2,25,4,66,16.5,0,27.55,1
3GT,TAM10,P6_4001SRV_ERR_7,Z4B : 4001SRV Lag error,UNCLASSIFIED,11,2,18.182,4,66,16.5,25,19.01,1.25
FLEX,TAM26,[00G3_K002]Program:EM0320_Hyd_Buffer_Inlet.ALMD_B002PHS_OnFail,"EM0320  Hema Ring
 trigger sensor On Fail (Still Off) B002PHS",UNCLASSIFIED,20,1,5,3,66,22,0,133.66,1
3GT,TAM07,P6_4007PRSFAIL1,Z4B : 4007PRS fail to be ON,UNCLASSIFIED,20,2,10,2,66,33,100,27.66,2
3GT,TAM02,P0_229CL_ERR_1,Z2B : 229CL Fail to EXTEND  (Precure weight),UNCLASSIFIED,8,2,25,7,65,9.29,28.57,62.92,1.29
3GT,TAM02,P3_CM5_OCV_FAIL,Z8: Camera #3- 3 consecutive OCV failure,UNCLASSIFIED,110,5,4.545,6,65,10.83,0,55.9,1
FLEX,TAM30,[04G3_K002]Program:EM0472_Tower3_Extraction.ALMD_K002CTL_CommError,EM0472 K001CTL Controller Communication Error,STOP_ALARM_CANDIDATE,78,5,6.41,6,65,10.83,0,86.23,2
3GT,TAM02,P0_RIGHT_PK_ERR,Z2B : Consecutive BC pickup error right side,UNCLASSIFIED,63,3,4.762,5,65,13,60,101.23,1.6
3GT,TAM06,P1_404SRV_ERR_9,Z4  : 404SRV Servo pack is abnormal (Elevator),UNCLASSIFIED,2,1,50,5,65,13,0,205.72,1
3GT,TAM07,P8_1006CL_ERR_2,Z10 : 1006CL Fail to retract (Empty-tray 90 turn),UNCLASSIFIED,112,3,2.679,5,65,13,0,208.88,1
3GT,TAM01,P2_BLOW_PRES_ERR,Z5B : DI removal blow pressure out of range,LONG_DURATION,31,1,3.226,4,65,16.25,0,-26.56,1
3GT,TAM07,P1_HEMA_ERR,Z4  : Consective Detection HEMARing,UNCLASSIFIED,23,1,4.348,4,65,16.25,25,209.38,1.25
3GT,TAM20,P3_SLEEVE_EMPTY,Z10 : 1000PRS Sleeve hopper is empty,UNCLASSIFIED,124,3,2.419,4,65,16.25,0,3.38,1
3GT,TAM21,L21_P4_Z06_Alarm.not_empty,Z06 : 607PHS Array remaining in tray slot,UNCLASSIFIED,23,2,8.696,4,65,16.25,50,135.59,1.5
FLEX,TAM29,[00G3_K003]Program:EM0312_Demold.ALMD_00G7_M003SV_Not_Ready,EM0312 Z02/Z03 SV Not Ready (EM00G7-M003SV),STOP_ALARM_CANDIDATE|CASCADE_SYMPTOM_CANDIDATE,1909,4,0.21,4,65,16.25,100,68.59,3
3GT,TAM01,P2_519PRS_ON_ER,Z5B : 519PRS Puck not detect,CASCADE_SYMPTOM_CANDIDATE,190,2,1.053,3,65,21.67,0,192.78,1
3GT,TAM18,P2_522CL_ERR_2,Z5B : 522CL Fail to retract (Saline inlet),LONG_DURATION,1,1,100,2,65,32.5,0,78.59,1
3GT,TAM18,P2_519SRV_ERR_7,Z5B : 519SRV Lag error      (ALI),UNCLASSIFIED,43,2,4.651,2,65,32.5,50,101.03,1.5
FLEX,TAM27,[00G3_K002]Program:EM0352_Return_Buffer_Outlet.ALMD_T001SVP_Stop_Adjacent_Door_Open,EM0352 T001SVP Stopped (Adjacent Door Opened),DOOR_OR_GUARD|OPERATOR_INITIATED_FLEX|STOP_ALARM_CANDIDATE|LONG_DURATION,37,5,13.514,9,64,7.11,0,167.44,2.22
FLEX,TAM30,[09G3_K002]Program:EM0913_Slider_B.ALMD_IMM_B_Not_Running,EM0911 IMM (B) Alarm: IMM (B) Not Running Error,STOP_ALARM_CANDIDATE|ROOT_CAUSE_CANDIDATE|LONG_DURATION,113,4,3.54,8,64,8,0,32.58,2.88
3GT,TAM10,P1_400_2MIS_ERR,Z4  : 3 Consective Detection 400ID2 Data Mismatch,UNCLASSIFIED,59,3,5.085,7,64,9.14,0,114.12,1
FLEX,TAM25,[04G3_K022]Program:UN04_Standard.ALMD_04G6_B022GLS,Z04 BOTTOM GUARD DOOR OPEN (=04G6_B022GLS),DOOR_OR_GUARD|OPERATOR_INITIATED_FLEX|STOP_ALARM_CANDIDATE|LONG_DURATION,8,2,25,5,64,12.8,20,170.75,2.6
3GT,TAM07,P1_FC_VRIFY_ERR,Z4  : FC detected on the stage (FC verify),UNCLASSIFIED,88,2,2.273,4,64,16,0,160.07,1
3GT,TAM07,P6_4018PRSFAIL1,Z4B : 4018PRS fail to be ON,LONG_DURATION,10,2,20,4,64,16,50,185.28,1.5
3GT,TAM05,P7_510VAC_ERR,Z5B : 510VAC array xfer vacuum fault,UNCLASSIFIED,14,1,7.143,3,64,21.33,0,129.61,1
3GT,TAM06,P1_304CL_ERR_2,Z3  : 304CL Fail to RETRACT (Bottom finger L),ROOT_CAUSE_CANDIDATE,34,2,5.882,3,64,21.33,66.67,84.03,2.67
FLEX,TAM30,[09G3_K022]Program:UN09_Standard.ALMD_09G6_B001GLS,Z09 Guard Door Open =09G6_B001GLS,DOOR_OR_GUARD|OPERATOR_INITIATED_FLEX|STOP_ALARM_CANDIDATE,23,1,4.348,2,64,32,0,164.06,2
3GT,TAM22,L22_P3_0523SRV.Over_Travel_Neg,P3_0523SRV Negative Over Travel,LONG_DURATION,3,1,33.333,1,64,64,0,-4.6,1
FLEX,TAM27,[00G3_K022]Program:EM0562_Foil_Feed_Laser_Marker.ALMD_LaserNotReady,EM0562 K001CTL: Laser Not Ready,STOP_ALARM_CANDIDATE|ROOT_CAUSE_CANDIDATE,330,9,2.727,9,63,7,0,122.86,2.56
3GT,TAM07,P3_862PHS_MISS,Z8  : 862PHS Carton missing (Check jam or sensor),STOP_ALARM_CANDIDATE|CASCADE_SYMPTOM_CANDIDATE,116,4,3.448,8,63,7.88,0,81.26,1.75
3GT,TAM10,P7_Foil_WebGuide_Z05C_RunAlm_10,Z05C: Web Guide Sensor 1 - Low contrast Edge detected,CONFIRMED_RUN_ALARM_BY_NAME|ROOT_CAUSE_CANDIDATE,1647,6,0.364,8,63,7.88,25,141.42,1.12
3GT,TAM01,P2_STICK_DI_REM,Z5B : DI removal sticking (549PHS),CASCADE_SYMPTOM_CANDIDATE|LONG_DURATION,202,4,1.98,6,63,10.5,16.67,49.44,1.17
3GT,TAM09,P1_300SRV_ERR_5,Z3  : 300SRV Over drive     (Demold),UNCLASSIFIED,34,4,11.765,6,63,10.5,100,122.91,2
3GT,TAM22,L22_P3_Z05B_Alarm.Cam2InspectNG02,Z05B : Camera2 Consecutive Inspection Error - 2nd Check Position,UNCLASSIFIED,6,2,33.333,6,63,10.5,33.33,61.13,1.33
3GT,TAM22,L22_P4_Z08_Alarm.Ctn_Jam_Elev,"Z08 : 857,858PHS Carton jam carton elevator",STOP_ALARM_CANDIDATE,33,3,9.091,6,63,10.5,0,124.44,2
FLEX,TAM28,[00G3_K002]Program:EM0245_1st_Corner_Outlet.ALMD_T001SVP_Driver_Fault,EM0245 T001SVP FC Pallet Load Pusher Driver fault,STOP_ALARM_CANDIDATE|ROOT_CAUSE_CANDIDATE,135,2,1.481,6,63,10.5,0,52.3,2.67
3GT,TAM21,L21_P2_0426CL.stat.Fte,P2_0426CL Fail to Extend   !! Still pressurised with Perfect Block !!,UNCLASSIFIED,97,3,3.093,5,63,12.6,0,124.98,1
FLEX,TAM31,[00G3_K502]Program:EM1062_Carton_Case_Xfer_Robot.ALMD_K501CTL_Guard_Open,EM1062 Robot Error: Safety Guard Open,DOOR_OR_GUARD|OPERATOR_INITIATED_FLEX|STOP_ALARM_CANDIDATE|CASCADE_SYMPTOM_CANDIDATE,1709,3,0.176,5,63,12.6,0,40.04,2
FLEX,TAM31,[00G3_K042]Program:UN02_Standard.ALMD_02G6_B015GLS,Z02 Under Guard Door Open =02G6_B015GLS,DOOR_OR_GUARD|OPERATOR_INITIATED_FLEX|STOP_ALARM_CANDIDATE|LONG_DURATION,9,1,11.111,5,63,12.6,0,141.42,2.4
3GT,TAM22,L22_P1_Z02A_Alarm.Shutter_FailToOpen,Z02A : Shutter Fail to Open (204GLS_1),UNCLASSIFIED,10,1,10,3,63,21,0,-17.61,1
FLEX,TAM24,[00G3_K042]Program:UN10_Standard.ALMD_10G6_B514GLS,Z10 Guard Door Open =10G6_B514GLS,DOOR_OR_GUARD|OPERATOR_INITIATED_FLEX|STOP_ALARM_CANDIDATE|LONG_DURATION,40,2,5,3,63,21,0,146.82,2.33
FLEX,TAM29,[00G3_K003]Program:EM0300_Zone_B.ALMD_IncompleteCycleStop,EM0300 Z03B Incomplete cycle stop,STOP_ALARM_CANDIDATE|LONG_DURATION,4,2,50,3,63,21,100,65.23,3
3GT,TAM02,P6_JAM_4014PRS,Z4B : 4011CL fail to transfer to 4014PRS,UNCLASSIFIED,2,2,100,2,63,31.5,100,101.83,2
3GT,TAM10,P2_512CL_ERR_1,Z5B : 512CL Fail to extend  (Lens xfer inlet),LONG_DURATION,4,1,25,1,63,63,100,-2.34,2
FLEX,TAM24,[00G3_K042]Program:UN02_Standard.ALMD_02G6_B008GLS,Z02 Guard Door Open =02G6_B008GLS,DOOR_OR_GUARD|OPERATOR_INITIATED_FLEX|STOP_ALARM_CANDIDATE|LONG_DURATION,27,7,25.926,9,62,6.89,11.11,137.24,2.22
3GT,TAM02,P3_864PHS_MISS,Z8  : 864PHS Carton missing (Check jam or sensor),STOP_ALARM_CANDIDATE,37,5,13.514,8,62,7.75,0,98.26,2
FLEX,TAM29,[00G3_K502]Program:EM0605_Empty_Stray_Buffer.ALMD_M502CL_Faulted,EM0605 M502CL Empty Buffer S-Tray Hold (loader Side) Faulted,ROOT_CAUSE_CANDIDATE,70,3,4.286,7,62,8.86,0,140.96,1.29
FLEX,TAM29,[00G3_K003]Program:EM0372_Shingle_Check.ALMD_Shingle_FC_Detection,EM0372 Shingle FC is detected on Stage ( RIGHT SIDE ) at Shingle Check station,ROOT_CAUSE_CANDIDATE,1072,4,0.373,7,62,8.86,0,65.75,1.86
3GT,TAM21,L21_ST_Z07_Alarms.Z6Stop,Zone 6 Stop,CASCADE_SYMPTOM_CANDIDATE,381,6,1.575,6,62,10.33,100,123.99,1.67
3GT,TAM07,P6_4005CL_ERR_2,Z4B : 4005CL Fail to Retract,UNCLASSIFIED,129,2,1.55,5,62,12.4,20,182.54,1.2
FLEX,TAM25,[04G3_K002]Program:EM0410_SendCV.ALMD_CV_Guard_Opened,EM0410 Send C/V Guard opened,DOOR_OR_GUARD|OPERATOR_INITIATED_FLEX|STOP_ALARM_CANDIDATE,15,3,20,4,62,15.5,0,38.47,3
FLEX,TAM27,[00G3_K022]Program:EM0901_PP_IMM_Xfer.ALMD_IMM_Door_Open,EM0901 IMM door open,DOOR_OR_GUARD|OPERATOR_INITIATED_FLEX|STOP_ALARM_CANDIDATE|CASCADE_SYMPTOM_CANDIDATE|LONG_DURATION,258,4,1.55,4,62,15.5,0,-17.46,2
3GT,TAM07,P6_SHORT_DI1_ER,Z4B : Tower #1 extraction time too short,UNCLASSIFIED,22,2,9.091,3,62,20.67,0,125.65,1
3GT,TAM21,L21_P1_0406PRS.Alarm2,Z04A : 406PRS Sensor fail to be on,UNCLASSIFIED,17,3,17.647,3,62,20.67,0,59.61,1
3GT,TAM07,P0_Z2B_RMV_ACK,Z2B : Pallet Location error(see Remove Ack.(Z2)),UNCLASSIFIED,42,1,2.381,2,62,31,50,-11.37,1.5
3GT,TAM21,L21_P1_Z03_Alarm.Cmd_BR,Z03 : CMD Bottom Right (303CL),UNCLASSIFIED,10,1,10,2,62,31,100,101.52,2
3GT,TAM22,L22_P1_0405PRS.Alarm2,Z04A : 405PRS Sensor fail to be on,UNCLASSIFIED,21,2,9.524,2,62,31,50,104.67,1.5
3GT,TAM05,P0_IVEK_Fault,Z2B : IVEK FAULT (Monomer dosing),UNCLASSIFIED,47,1,2.128,1,62,62,100,-15.31,2
3GT,TAM18,P2_589CL_ERR_1,Z5B : 589CL Fail To extend  (Rjct C/V #2),UNCLASSIFIED,8,1,12.5,1,62,62,0,282.09,1
FLEX,TAM30,[00G3_K042]Program:UN03_Standard.ALMD_03G6_B001GLS,Z03 Guard Door Open =03G6_B001GLS,DOOR_OR_GUARD|OPERATOR_INITIATED_FLEX|STOP_ALARM_CANDIDATE|CASCADE_SYMPTOM_CANDIDATE,111,4,3.604,7,61,8.71,100,73.36,3
3GT,TAM09,P3_CTN_JAM_ELEV,"Z8  : 857,858PHS Carton jam carton elevator",STOP_ALARM_CANDIDATE,35,2,5.714,6,61,10.17,0,4.57,2
FLEX,TAM29,[00G3_K042]Program:UN02_Standard.ALMD_02G6_B016GLS,Z02 Under Guard Door Open =02G6_B016GLS,DOOR_OR_GUARD|OPERATOR_INITIATED_FLEX|STOP_ALARM_CANDIDATE|LONG_DURATION,3,1,33.333,6,61,10.17,16.67,-16.52,3
3GT,TAM01,P2_Z5A_AIR_LOW,Z5A : 50PS Air pressure low,LONG_DURATION,36,1,2.778,5,61,12.2,20,67.92,1.2
3GT,TAM07,P3_608CL_ERR_1,Z6  : 608CL Fail to extend (Chuck rotation),UNCLASSIFIED,24,3,12.5,5,61,12.2,60,118.86,1.6
3GT,TAM22,L22_P1_0450PRS.Alarm1,Z04A : 450PRS Sensor fail to be off,UNCLASSIFIED,5,1,20,5,61,12.2,0,118.9,1
FLEX,TAM28,[00G3_K022]Program:EM0564_Foil_Feed_Die_Cut.ALMD_T001SVP_Driver_Fault,EM0564 T001SVP Foil Feed  #2 Driver fault,STOP_ALARM_CANDIDATE,76,3,3.947,5,61,12.2,0,44.01,2
3GT,TAM06,301_PRS_FAIL,Z3: 301 PRS FAIL,LONG_DURATION,31,1,3.226,4,61,15.25,25,-8.29,1.25
3GT,TAM17,P2_522PHS_OF_ER,Z5B : 522PHS still ON,UNCLASSIFIED,58,1,1.724,4,61,15.25,25,161.15,1.25
3GT,TAM20,P0_200CL_ERR_2,Z2A : 200CL Fail to RETRACT (Robot hand),LONG_DURATION,65,2,3.077,4,61,15.25,0,61.75,1
3GT,TAM01,P2_564CL_ERR_2,Z5B : 564CL Fail to retract (Foil long),UNCLASSIFIED,64,2,3.125,3,61,20.33,33.33,126.18,1.33
3GT,TAM22,L22_P4_1011PHS.Alarm1,Z10 : 1011PHS Empty-tray conveyor  is empty,UNCLASSIFIED,31,1,3.226,3,61,20.33,0,35.14,1
3GT,TAM22,L22_P6_Z04C_Alarm.send_grd_open,Z04C : Send conveyor guard opened,DOOR_OR_GUARD|POSSIBLE_OPERATOR_ACCESS_LEGACY|STOP_ALARM_CANDIDATE,12,3,25,3,61,20.33,0,173.99,2.33
FLEX,TAM24,[00G3_K002]Program:EM0336_Return_Buffer_Inlet.ALMD_T001SVP_Driver_Fault,EM0336 T001SVP Pallet Return Pusher Driver fault,STOP_ALARM_CANDIDATE,34,2,5.882,3,61,20.33,0,259.96,2
FLEX,TAM30,[00G3_K042]Program:UN02_Standard.ALMD_02G6_B021GLS,Z02 Under Guard Door Open =02G6_B021GLS,DOOR_OR_GUARD|OPERATOR_INITIATED_FLEX|STOP_ALARM_CANDIDATE,13,1,7.692,3,61,20.33,0,27.38,3
3GT,TAM06,P0_211MTR_FAULT_1,Z2B : 211MTR-1 fault monomer dosing,UNCLASSIFIED,13,2,15.385,2,61,30.5,50,94.41,1.5
FLEX,TAM24,[00G3_K042]Program:UN10_Standard.ALMD_10G6_B501GLS,Z10 Guard Door Open =10G6_B501GLS,DOOR_OR_GUARD|OPERATOR_INITIATED_FLEX|STOP_ALARM_CANDIDATE|CASCADE_SYMPTOM_CANDIDATE,433,1,0.231,1,61,61,0,-24.04,2
FLEX,TAM31,[00G3_K042]Program:UN01_Standard.ALMD_Connection_Error_to_K01002,Zone01 K01042 Lost Connection to K01002,LONG_DURATION,1,1,100,1,61,61,100,91.37,2
3GT,TAM22,L22_P3_Z05B_Alarm.Clean_HeatSealDies,Z05B : Cleaning  For Heat Seal Dies,LONG_DURATION,29,6,20.69,7,60,8.57,28.57,-14.79,1.29
FLEX,TAM29,[00G3_K042]Program:UN02_Standard.ALMD_02G6_B014GLS,Z02 Guard Door Open =02G6_B014GLS,DOOR_OR_GUARD|OPERATOR_INITIATED_FLEX|STOP_ALARM_CANDIDATE|LONG_DURATION,15,2,13.333,7,60,8.57,14.29,112.44,2.57
3GT,TAM02,P2_511SRV_ERR_5,Z5B : 511SRV Over drive     (Puck Xfer),UNCLASSIFIED,39,3,7.692,6,60,10,50,29.73,1.5
3GT,TAM17,P1_431PRS_FAIL,Z4  : 431PRS Sensor fail,ROOT_CAUSE_CANDIDATE,89,6,6.742,6,60,10,83.33,52.16,2.83
FLEX,TAM26,[00G3_K042]Program:UN05_Standard.ALMD_05G6_B001GLS,Z05 Guard Door Open =05G6_B001GLS,DOOR_OR_GUARD|OPERATOR_INITIATED_FLEX|STOP_ALARM_CANDIDATE|CASCADE_SYMPTOM_CANDIDATE,276,6,2.174,6,60,10,100,10.88,3
3GT,TAM10,P0_12IDC_FAULT,PLC0: IDC to 210 disconnect,UNCLASSIFIED,94,3,3.191,5,60,12,0,75.14,1
3GT,TAM23,L23_P4_Z08_Alarm.Ctn_Jam_Elev,"Z08 : 857,858PHS Carton jam carton elevator",STOP_ALARM_CANDIDATE,17,3,17.647,5,60,12,0,72.97,2
FLEX,TAM26,[00G3_K042]Program:UN05_Standard.ALMD_05G6_B012GLS,Z05 Under Guard Door Open =05G6_B012GLS,DOOR_OR_GUARD|OPERATOR_INITIATED_FLEX|STOP_ALARM_CANDIDATE,44,5,11.364,5,60,12,60,40.72,3
FLEX,TAM29,[00G3_K042]Program:UN06_Standard.ALMD_06G6_B504GLS,Z06 Guard Door Open =06G4_B504GLS,DOOR_OR_GUARD|OPERATOR_INITIATED_FLEX|STOP_ALARM_CANDIDATE,16,3,18.75,5,60,12,40,32.16,3
3GT,TAM10,P8_1003PHS_MISS,Z10 : 1003PHS Carton missing (Check jam or sensor),STOP_ALARM_CANDIDATE,2,1,50,3,60,20,0,174.07,2
FLEX,TAM31,[00G3_K502]Program:EM0801_Stray_Conveyor.ALMD_MainteDoorOpen,Maintenace Door Opened - Unloader side,DOOR_OR_GUARD|OPERATOR_INITIATED_FLEX|STOP_ALARM_CANDIDATE,20,1,5,3,60,20,0,219.87,2
FLEX,TAM31,[00G3_K502]Program:EM1063_Case_Insert.ALMD_B501PS_OffFail,EM1063 B501PS OffFail,ROOT_CAUSE_CANDIDATE,67,1,1.493,3,60,20,0,-47.5,1
3GT,TAM01,P1_4221CL_ERR_2,Z4  : 422CL-1 Fail to RETRACT(FC xfer X1),UNCLASSIFIED,71,2,2.817,2,60,30,50,188.89,1.5
3GT,TAM05,P3_hotmelt_alm,Z8 : Hot melt controller fault,UNCLASSIFIED,11,1,9.091,1,60,60,0,46.17,1
3GT,TAM10,P3_CM5_OCV_FAIL,Z8: Camera #3- 3 consecutive OCV failure,UNCLASSIFIED,193,4,2.073,9,59,6.56,0,88.97,1
3GT,TAM18,P6_OVER_SE_PEL,Z4B : Sump PEL over entry level during door open,DOOR_OR_GUARD|POSSIBLE_OPERATOR_ACCESS_LEGACY|STOP_ALARM_CANDIDATE,2,2,100,7,59,8.43,14.29,111.92,2.71
3GT,TAM21,L21_P1_Z01_Warning.FCA1_Mold_NoChip,Z01 : FCA1 Mold No Chip,WARNING,62,2,3.226,5,59,11.8,0,28.68,1
FLEX,TAM31,[00G3_K022]Program:EM0510_Lens_Transfer.ALMD_EM00G7_M005SV_Not_Ready,EM0510 Zone3B/5B M005SV Air Not Ready,STOP_ALARM_CANDIDATE|CASCADE_SYMPTOM_CANDIDATE,186,3,1.613,5,59,11.8,100,63.67,3
3GT,TAM01,P1_SHINGLE_DET4,Z4  : FC shingle detect at 411PHS_4,UNCLASSIFIED,65,4,6.154,4,59,14.75,0,9.42,1
3GT,TAM01,P1_4282CL_ERR_1,Z4  : 428CL-2 Fail to EXTEND (Esc line Entr),UNCLASSIFIED,6,1,16.667,4,59,14.75,0,53.8,1
3GT,TAM17,P3_1015PHS_MISS,Z10 : 1015PHS Empty-tray jam/sensor fail (Missing),STOP_ALARM_CANDIDATE,50,1,2,4,59,14.75,0,172.92,2
3GT,TAM01,P3_CM5_OCV_FAIL,Z8: Camera #3- 3 consecutive OCV failure,CASCADE_SYMPTOM_CANDIDATE,393,2,0.509,3,59,19.67,0,42.76,1
3GT,TAM22,L22_P3_0586CL_02.stat.Fte,P3_0586CL_02 Fail to Extend,UNCLASSIFIED,23,1,4.348,3,59,19.67,0,109.44,1
3GT,TAM09,P2_533CL_ERR_2,Z5AB: 533CL Fail to retract (Rtrn buffer out),UNCLASSIFIED,3,1,33.333,1,59,59,100,59.27,2
3GT,TAM10,P1_310PRS_FAIL,Z3  : 310PRS Sensor fail,LONG_DURATION,11,1,9.091,1,59,59,0,-28.77,1
FLEX,TAM29,[09G3_K022]Program:UN09_Standard.ALMD_09G6_B002GLS,Z09 Guard Door Open =09G6_B002GLS,DOOR_OR_GUARD|OPERATOR_INITIATED_FLEX|STOP_ALARM_CANDIDATE|CASCADE_SYMPTOM_CANDIDATE,371,1,0.27,1,59,59,0,-41.52,2
3GT,TAM01,P3_1017PHS_MISS,Z10 : 1017PHS Empty-tray jam/sensor fail (Missing),STOP_ALARM_CANDIDATE|CASCADE_SYMPTOM_CANDIDATE,196,4,2.041,7,58,8.29,0,22.81,2
3GT,TAM22,L22_P4_1018PHS.Alarm1,Z10 : 1018PHS Empty-tray jam/sensor fail (Missing),STOP_ALARM_CANDIDATE,55,3,5.455,5,58,11.6,0,90.11,2
FLEX,TAM28,[00G3_K022]Program:EM0522_Good_Robot.ALMD_K001CTL_RobGB_Vac_Err,EM0522 Good Robot :Vacuum Error,ROOT_CAUSE_CANDIDATE,969,3,0.31,5,58,11.6,0,174.83,1.2
FLEX,TAM31,[00G3_K042]Program:UN02_Standard.ALMD_02G6_B013GLS,Z02 Guard Door Open =02G6_B013GLS,DOOR_OR_GUARD|OPERATOR_INITIATED_FLEX|STOP_ALARM_CANDIDATE,15,2,13.333,5,58,11.6,20,39.13,2.6
3GT,TAM07,P2_PP_Sample_Flag,Z5A: PP Sample Requested,UNCLASSIFIED,79,2,2.532,4,58,14.5,0,-7.19,1
3GT,TAM01,P6_ALM1_I_DRAIN,Z4B : Tower#2 drain high high level         (L1),LONG_DURATION,32,2,6.25,3,58,19.33,66.67,18.88,1.67
3GT,TAM01,BC_Returnpallet_Sequence,Z2B: BC Loop: Excess Pallets Detected.,UNCLASSIFIED,29,1,3.448,2,58,29,0,-15.81,1
3GT,TAM17,P1_31PS_ERROR,Z3-4: 31PS Air pressure low,LONG_DURATION,51,1,1.961,2,58,29,100,190.54,2
3GT,TAM21,L21_P3_0521PHS.Alarm1,Z05B : 521PHS still on,CASCADE_SYMPTOM_CANDIDATE,163,2,1.227,2,58,29,100,67.59,1.5
FLEX,TAM27,[00G3_K022]Program:EM0562_Foil_Feed_Laser_Marker.ALMD_FIFE_Not_OK,EM0562 K003CR FIFE not ready,STOP_ALARM_CANDIDATE|CASCADE_SYMPTOM_CANDIDATE,1036,2,0.193,2,58,29,0,118.89,2
3GT,TAM21,L21_P3_0516SRV.Over_Travel_Neg,P3_0516SRV Negative Over Travel,UNCLASSIFIED,18,1,5.556,1,58,58,0,67.1,1
3GT,TAM09,P8_1000PHSUKNOW,Z10 : 1000PHS Carton jam (Remove carton),STOP_ALARM_CANDIDATE,35,4,11.429,7,57,8.14,0,22.35,2
3GT,TAM05,P1_417CL_ERR_2,Z4  : 417CL Fail to RETRACT (Ret cv lane2U/D),UNCLASSIFIED,38,3,7.895,6,57,9.5,0,58.62,1
3GT,TAM22,L22_P1_0210CL.stat.Ftr,P1_0210CL Fail to Retract,UNCLASSIFIED,17,3,17.647,5,57,11.4,0,15.25,1
3GT,TAM05,P2_574CL_ERR_1,Z5AB : 574CL Fail To extend  (Rtrn buff out),LONG_DURATION,2,1,50,4,57,14.25,0,91.61,1
3GT,TAM06,P6_4006CL_ERR_1,Z4B : 4006CL Fail to Extend,ROOT_CAUSE_CANDIDATE,53,3,5.66,4,57,14.25,25,110.71,2
3GT,TAM22,L22_P1_0217SRV.Driver_Fault,P1_0217SRV Driver Axis Fault,UNCLASSIFIED,9,2,22.222,4,57,14.25,0,44.37,1
FLEX,TAM25,[00G3_K002]Program:EM0280_Cure_Unload.ALMD_T001SVP_Driver_Fault,EM0280 T001SVP Cure Exit Pusher Driver fault,STOP_ALARM_CANDIDATE,14,3,21.429,4,57,14.25,0,43.57,2
3GT,TAM18,P0_Z2B_RMV_ACK,Z2B : Pallet Location error(see Remove Ack.(Z2)),UNCLASSIFIED,61,2,3.279,3,57,19,0,170.41,1
3GT,TAM10,P1_570CL_ERR_1,Z4  : 570CL Fail to EXTEND  (Stage pusher),UNCLASSIFIED,3,1,33.333,2,57,28.5,50,131.19,1.5
3GT,TAM20,P2_SLIP_PUCK,Z5B : Reject WB. outlet puck slipped(548PRS),UNCLASSIFIED,4,1,25,2,57,28.5,0,94.77,1
3GT,TAM23,L23_P4_1018PHS.Alarm2,Z10 : 1018PHS Empty-tray jam/sensor fail (Remain),STOP_ALARM_CANDIDATE,5,1,20,1,57,57,0,-51.83,2
3GT,TAM18,P6_4007PRSFAIL1,Z4B : 4007PRS fail to be ON,UNCLASSIFIED,21,2,9.524,8,56,7,12.5,42.92,1.12
FLEX,TAM31,[00G3_K042]Program:UN10_Standard.ALMD_10G6_B507GLS,Z10 Guard Door Open =10G6_B507GLS,DOOR_OR_GUARD|OPERATOR_INITIATED_FLEX|STOP_ALARM_CANDIDATE|CASCADE_SYMPTOM_CANDIDATE,283,3,1.06,8,56,7,0,129.71,2
3GT,TAM22,L22_ST_Z07_Alarms.UDjam,Unload Door Jam,DOOR_OR_GUARD|STOP_ALARM_CANDIDATE,62,6,9.677,7,56,8,0,95.92,2
3GT,TAM01,P0_233CL_ERR_2,Z2B : 233CL Fail to RETRACT (Prec out U/D),UNCLASSIFIED,5,1,20,5,56,11.2,20,18.48,1.2
3GT,TAM18,P2_STICK_DI_REM,Z5B : DI removal sticking (549PHS),ROOT_CAUSE_CANDIDATE,96,3,3.125,5,56,11.2,20,83.09,1.6
3GT,TAM21,L21_P1_Z02B_Alarm.Cure_Lamp_Fail1,"Z02B : Cure Lamp Fail (2DS, Lamp1/2)",UNCLASSIFIED,9,2,22.222,5,56,11.2,20,69.16,1.2
FLEX,TAM31,[00G3_K003]Program:EM0332_FC_Transfer.ALMD_K001CTL_Error,EM0332 FC Transfer Robot Error: Error,ROOT_CAUSE_CANDIDATE,72,2,2.778,5,56,11.2,0,123.89,1.2
3GT,TAM10,P0_210CL_ERR_2,Z2B : 210CL Fail to RETRACT (Push to sampl),UNCLASSIFIED,126,3,2.381,4,56,14,0,85.58,1
3GT,TAM01,P1_414CL_ERR_1,Z4  : 414CL Fail to EXTEND  (Plt push@Ret in),UNCLASSIFIED,5,1,20,3,56,18.67,33.33,130.99,1.33
3GT,TAM07,P3_807PHS5_MISS,Z8  : 807PHS-5 Array missing (Check jam or sensor),STOP_ALARM_CANDIDATE,74,3,4.054,3,56,18.67,0,136.83,2
3GT,TAM05,P2_566CL_ERR_2,Z5B : 566CL Fail to retract (Lens xfer),UNCLASSIFIED,4,1,25,2,56,28,0,147.53,1
3GT,TAM07,P2_52PS_ERROR_Z6,Z5B6: 52PS Air pressure low (Zone5B/6),LONG_DURATION,13,2,15.385,2,56,28,100,71.38,2
FLEX,TAM24,[00G3_K002]Program:EM0300_Zone_A.ALMD_IncompleteCycleStop,EM0300 Z03A Incomplete cycle stop,STOP_ALARM_CANDIDATE,3,1,33.333,2,56,28,100,69.17,3
FLEX,TAM25,[00G3_K022]Program:EM0901_PP_IMM_Xfer.ALMD_0092PBL_Actuated,EM0901 0092PBL Zone Stop,STOP_ALARM_CANDIDATE|LONG_DURATION,20,1,5,2,56,28,0,-18.31,2
3GT,TAM01,P2_563CL_ERR_2,Z5B : 563CL Fail to retract (Foil short),LONG_DURATION,16,1,6.25,1,56,56,100,149.81,2
3GT,TAM22,L22_P3_HeatSeal_Clean.HMI02,"Heat Seal Stroke Count = 10261, Did you Clean Heat Seat Dies ?: Heat Seal Sensor Status = OFF~Minimum time remaining to clean ~Heat",UNCLASSIFIED,29,1,3.448,1,56,56,0,13.22,1
3GT,TAM06,P3_605CL_ERR_1,Z6  : 605CL Fail to extend (Array side guide),ROOT_CAUSE_CANDIDATE,63,3,4.762,8,55,6.88,25,47.1,2.25
FLEX,TAM24,[00G3_K042]Program:UN03_Standard.ALMD_03G6_B002GLS,Z03 Guard Door Open =03G6_B002GLS,DOOR_OR_GUARD|OPERATOR_INITIATED_FLEX|STOP_ALARM_CANDIDATE|LONG_DURATION,15,4,26.667,8,55,6.88,100,230.17,3
3GT,TAM06,P7_Foil_Break_Alarm,Z5B4 : Check for Foil Break or Jam,STOP_ALARM_CANDIDATE,17,2,11.765,6,55,9.17,0,59.69,2
3GT,TAM01,P2_511SRV_ERR_5,Z5B : 511SRV Over drive     (Puck Xfer),UNCLASSIFIED,14,3,21.429,5,55,11,40,73.98,1.4
FLEX,TAM29,[00G3_K022]Program:EM0500_Zone_C.ALMD_IncompleteCycleStop,EM0500 Zone5C Incomplete cycle stop,STOP_ALARM_CANDIDATE,57,4,7.018,5,55,11,80,49.71,2.8
FLEX,TAM30,[00G3_K502]Program:EM1023_Carton_Laser.ALMD_K501CTL_LaserNotReady,Domino Laser Printer not ready,STOP_ALARM_CANDIDATE,16,2,12.5,5,55,11,0,115.96,2
3GT,TAM02,P6_4102SV_ERR_1,Z04B: 4102SV Diverter Valve Failed to Open,UNCLASSIFIED,90,3,3.333,4,55,13.75,0,38.63,1
3GT,TAM10,P6_4000SRV_ERR_3,Z4B : 4000SRV Parameter error,UNCLASSIFIED,9,3,33.333,4,55,13.75,25,85.37,1.25
3GT,TAM18,P6_SEND_GRD_OPN,Z4B : Send conveyor guard cover opened,DOOR_OR_GUARD|POSSIBLE_OPERATOR_ACCESS_LEGACY|STOP_ALARM_CANDIDATE|LONG_DURATION,5,2,40,4,55,13.75,25,14.09,2.75
3GT,TAM18,P3_1002BCR_NR,Z10 : 1002BCR No read failure (Case ID),UNCLASSIFIED,61,3,4.918,4,55,13.75,0,113.25,1
3GT,TAM17,P0_LOT_MISMATCH,Z2A : Mold information mismatch (middle of lot),LONG_DURATION,67,2,2.985,2,55,27.5,100,59.63,2
3GT,TAM22,L22_P3_0510SRV.Over_Travel_Neg,P3_0510SRV Negative Over Travel,UNCLASSIFIED,8,1,12.5,2,55,27.5,0,106.24,1
3GT,TAM23,L23_P4_0853PHS.Alarm3,Z08 : 853PHS unknown carton detected. Remove Carton.,UNCLASSIFIED,19,1,5.263,2,55,27.5,0,32.94,1
3GT,TAM01,P3_ELEV_POS_ERR,Z8  : 860PRS Elevator position is not correct,UNCLASSIFIED,97,1,1.031,1,55,55,0,3.86,1
3GT,TAM10,P7_PULL_CODE,PLC7: Emergency stop pull cord pulled,STOP_ALARM_CANDIDATE,3,1,33.333,1,55,55,100,70.85,3
3GT,TAM23,L23_P4_0801SRV.Not_Enable,P4_0801SRV Not Enable,UNCLASSIFIED,1,1,100,1,55,55,0,272.16,1
3GT,TAM05,P6_G_RunAlm_P1CommDown,PLC6: Communication Error between PLC1 & PLC6,CONFIRMED_RUN_ALARM_BY_NAME|STOP_ALARM_CANDIDATE,8,2,25,6,54,9,16.67,89.53,1.17
3GT,TAM23,L23_P4_Z10_Alarm.NoRead_1002BCR,Z10 : 1002BCR no read failure(Case ID),ROOT_CAUSE_CANDIDATE,49,3,6.122,5,54,10.8,0,25.1,1.8
FLEX,TAM28,[00G3_K022]Program:EM0558_Foil_Reel.ALMD_05G6_B009GLS_Opened,EM0558 05G6 B009GLS Door Opened,DOOR_OR_GUARD|OPERATOR_INITIATED_FLEX|STOP_ALARM_CANDIDATE|CASCADE_SYMPTOM_CANDIDATE,178,3,1.685,5,54,10.8,0,162.55,2
FLEX,TAM29,[00G3_K022]Program:EM0542_Foil_Transfer.ALMD_K001CTL_Guard_Open,EM0542 Foil Transfer Robot Error: Safety Guard Open,DOOR_OR_GUARD|OPERATOR_INITIATED_FLEX|STOP_ALARM_CANDIDATE|CASCADE_SYMPTOM_CANDIDATE,2106,2,0.095,5,54,10.8,0,66.04,2
3GT,TAM01,P1_30PS_ERROR,Z3  : 30PS Air pressure low,UNCLASSIFIED,45,2,4.444,4,54,13.5,100,42.22,2
3GT,TAM17,P3_SLEEVE_EMPTY,Z10 : 1000PRS Sleeve hopper is empty,ROOT_CAUSE_CANDIDATE,110,2,1.818,4,54,13.5,0,-5.68,2
3GT,TAM21,L21_P3_0510SRV.Fail_to_Move,P3_0510SRV Fail to Move,UNCLASSIFIED,26,3,11.538,4,54,13.5,0,47.15,1
3GT,TAM05,P7_NO_FOIL,Z5C : No foil         (->Check foil reel),UNCLASSIFIED,36,2,5.556,3,54,18,33.33,132.1,1.33
FLEX,TAM26,[04G3_K022]Program:UN04_Standard.ALMD_04G6_B005LEL,Z04 VAPOR ENCLOSURE LEL#1 HIGH ALARM (=04G6_B005LEL) ALM Lv3,LONG_DURATION,6,3,50,3,54,18,100,53.01,2
FLEX,TAM31,[09G3_K022]Program:UN09_Standard.ALMD_09G6_B001GLS,Z09 Guard Door Open =09G6_B001GLS,DOOR_OR_GUARD|OPERATOR_INITIATED_FLEX|STOP_ALARM_CANDIDATE,32,1,3.125,3,54,18,0,68.94,3
3GT,TAM01,P0_202CL_ERR_1,Z2A : 202CL Fail to EXTEND  (Z2A-B shutter),UNCLASSIFIED,1,1,100,2,54,27,0,102.09,1
3GT,TAM01,P2_574CL_ERR_1,Z5AB: 574CL Fail To extend  (Rtrn buff out),UNCLASSIFIED,42,1,2.381,2,54,27,0,24.54,1
3GT,TAM05,P2_549PHS_OF_ER,Z5B : 549PHS stuck ON during DI Removal Cycle,UNCLASSIFIED,6,1,16.667,2,54,27,0,247.58,1
FLEX,TAM24,[00G3_K022]Program:EM0566_Cut_and_Preforation.ALMD_M003CL_Faulted,EM0566 M003CL Perf Blades Reject Cut Cylinder Faulted,UNCLASSIFIED,1,1,100,1,54,54,0,206.69,1
FLEX,TAM24,[00G3_K502]Program:EM08G4_Operator_Interface.ALMD_S501PBL_Actuated,EM08G4 S501PBL ZONE STOP PB1,STOP_ALARM_CANDIDATE|ROOT_CAUSE_CANDIDATE,160,5,3.125,8,53,6.62,0,47.95,2.38
3GT,TAM10,P3_865PHS_UKNOW,Z8  : 865PHS Carton jam (Remove carton),STOP_ALARM_CANDIDATE|CASCADE_SYMPTOM_CANDIDATE,174,4,2.299,6,53,8.83,0,61.64,2
3GT,TAM17,P1_409PRS_FAIL,Z4  : 409PRS Sensor fail,ROOT_CAUSE_CANDIDATE,110,5,4.545,6,53,8.83,50,85.86,2.33
3GT,TAM21,L21_P3_0589CL.stat.Fte,P3_0589CL Fail to Extend,UNCLASSIFIED,42,5,11.905,6,53,8.83,0,49.22,1
3GT,TAM22,L22_P3_Z05B_Alarm.Heatseal_die_Opened,Z05B : 560PRS HeatSeal die opened,LONG_DURATION,29,4,13.793,6,53,8.83,33.33,-10.35,1.33
3GT,TAM22,L22_P4_Camera3.Alarm_10,Camera3 Cognex Camera is Offline,UNCLASSIFIED,7,1,14.286,4,53,13.25,0,29.52,1
FLEX,TAM25,[00G3_K042]Program:UN09_Standard.ALMD_09_PP_RV_Estop,PP Robot Emergency Stop,STOP_ALARM_CANDIDATE|LONG_DURATION,49,1,2.041,4,53,13.25,0,17.42,2
3GT,TAM01,P2_560CL_ERR_1,"Z5B : 560CL Fail to extend  (Foil cut,pref)",CASCADE_SYMPTOM_CANDIDATE,420,2,0.476,3,53,17.67,0,69.52,1
3GT,TAM10,P7_558CL_ERR_2,Z5B : 558CL Fail to RETRACT (Foil die cut),UNCLASSIFIED,20,1,5,3,53,17.67,0,35.32,1
3GT,TAM10,P1_421PRS_FAIL,Z4  : 421PRS Sensor fail,UNCLASSIFIED,5,1,20,3,53,17.67,0,122.7,1
3GT,TAM02,P7_Foil_Break_Alarm,Z5B4 : Check for Foil Break or Jam,STOP_ALARM_CANDIDATE,16,2,12.5,2,53,26.5,0,85.62,2
3GT,TAM17,P3_606CL_ERR_1,Z6  : 606CL Fail to extend (Array xfer up/down),UNCLASSIFIED,33,2,6.061,2,53,26.5,100,99.69,2
3GT,TAM18,P3_807PHS2_MISS,Z8  : 807PHS-2 Array missing (Check jam or sensor),STOP_ALARM_CANDIDATE,60,1,1.667,2,53,26.5,0,96.07,2
3GT,TAM09,P0_12IDC_FAULT_Z2,PLC0: IDC to 210 disconnect,UNCLASSIFIED,33,1,3.03,1,53,53,100,24.47,2
FLEX,TAM31,[00G3_K502]Program:EM0600_LotControl.ALMD_EDHR_Transaction_LotComplete_Failed,EDHR Transaction Lot Complete Failed. Select retry or Abort to continue,LONG_DURATION,1,1,100,1,53,53,0,127.09,1
3GT,TAM01,P1_4221CL_ERR_1,Z4  : 422CL-1 Fail to EXTEND (FC xfer X1),UNCLASSIFIED,40,3,7.5,8,52,6.5,25,38.54,1.25
3GT,TAM05,P2_527PHS1_OF_ER,Z5B : 527PHS-1 still ON,UNCLASSIFIED,31,4,12.903,6,52,8.67,33.33,109.83,1.33
3GT,TAM21,L21_P3_0528PRS.Alarm1,Z05B : 528PRS Puck not detect,UNCLASSIFIED,36,5,13.889,6,52,8.67,83.33,115.48,1.83
3GT,TAM01,P17_Foil_WebGuide_Z05C_RunAlm_12,Z05C: Web Guide Sensor 1 - Z05C: Web moving in and out of view,CONFIRMED_RUN_ALARM_BY_NAME|NUISANCE_CHATTER_CANDIDATE|CASCADE_SYMPTOM_CANDIDATE,78092,3,0.004,5,52,10.4,20,69.56,1
3GT,TAM06,P1_314CL_ERR_1,Z3  : 314CL Fail to EXTEND  (Push to Hyd buf),UNCLASSIFIED,6,4,66.667,5,52,10.4,40,30.83,1.4
FLEX,TAM29,[04G3_K002]Program:EM0410_SendCV.ALMD_CV_Guard_Opened,EM0410 Send C/V Guard opened,DOOR_OR_GUARD|OPERATOR_INITIATED_FLEX|STOP_ALARM_CANDIDATE|LONG_DURATION,2,1,50,5,52,10.4,0,40.22,3
FLEX,TAM27,[00G3_K042]Program:UN02_Standard.ALMD_02G6_B004GLS,Z02 Guard Door Open =02G6_B004GLS,DOOR_OR_GUARD|OPERATOR_INITIATED_FLEX|STOP_ALARM_CANDIDATE|LONG_DURATION,8,2,25,4,52,13,0,94.6,2.5
3GT,TAM17,P6_4013PRSFAIL1,Z4B : 4013PRS fail to be ON,LONG_DURATION,21,3,14.286,3,52,17.33,100,97.97,2
FLEX,TAM26,[00G3_K022]Program:EM0901_PP_IMM_Xfer.ALMD_IMM_Door_Open,EM0901 IMM door open,DOOR_OR_GUARD|OPERATOR_INITIATED_FLEX|STOP_ALARM_CANDIDATE|LONG_DURATION,11,2,18.182,3,52,17.33,0,-16.48,3
FLEX,TAM28,[00G3_K022]Program:EM0556_Array_Transfer.ALMD_Chuck_Overload2,EM0556 Array Jam detect (Chuck Overload) Check B002PRS,STOP_ALARM_CANDIDATE,20,1,5,3,52,17.33,0,54.53,2
3GT,TAM06,P6_RTRN_GRD_OPN,Z4B : Return conveyor guard cover opened,DOOR_OR_GUARD|POSSIBLE_OPERATOR_ACCESS_LEGACY|STOP_ALARM_CANDIDATE,7,2,28.571,2,52,26,50,137.96,3
FLEX,TAM25,[00G3_K002]Program:EM0304_WB_Demold.ALMD_00G7_M003SV_Not_Ready,EM0304 Z02/Z03 SV Not Ready (EM00G7-M003SV),STOP_ALARM_CANDIDATE|CASCADE_SYMPTOM_CANDIDATE,1970,1,0.051,1,52,52,100,-40.96,2
3GT,TAM20,P2_RBT_GNRL_ERR,Z5A : Mitsubishi robot general error,ROOT_CAUSE_CANDIDATE,75,4,5.333,8,51,6.38,12.5,34.02,1.62
3GT,TAM21,L21_P4_0603PHS.Alarm2,Z06 : 603PHS Array missing (Check jam or sensor),STOP_ALARM_CANDIDATE,47,3,6.383,7,51,7.29,0,236.11,2
3GT,TAM20,P6_4010CL_ERR_2,Z4B : 4010CL Fail to Retract,UNCLASSIFIED,30,4,13.333,6,51,8.5,16.67,63.82,1.17
3GT,TAM05,P3_865PHS_MISS,Z8 : 865PHS Carton missing (Check jam or sensor),STOP_ALARM_CANDIDATE,70,4,5.714,5,51,10.2,0,117.78,2
FLEX,TAM28,[00G3_K502]Program:EM1011_Carton_Magazine.ALMD_B507PHS_OverHeight,EM1011 B507PHS Over Height,ROOT_CAUSE_CANDIDATE,96,2,2.083,5,51,10.2,0,140.49,1.2
3GT,TAM01,P0_233CL_ERR_1,Z2B : 233CL Fail to EXTEND  (Prec out U/D),UNCLASSIFIED,5,1,20,4,51,12.75,25,93.31,1.25
3GT,TAM05,P0_200CL_ERR_2,Z2A : 200CL Fail to RETRACT (FC/BC tbl ofs),CASCADE_SYMPTOM_CANDIDATE|LONG_DURATION,389,3,0.771,4,51,12.75,75,-6.38,1.75
FLEX,TAM29,[00G3_K042]Program:UN02_Standard.ALMD_02G6_B019GLS,Z02 Under Guard Door Open =02G6_B019GLS,DOOR_OR_GUARD|OPERATOR_INITIATED_FLEX|STOP_ALARM_CANDIDATE|LONG_DURATION,16,2,12.5,4,51,12.75,0,-10.24,3
3GT,TAM02,P3_1018PHS_MISS,Z10 : 1018PHS Empty-tray jam/sensor fail (Missing),STOP_ALARM_CANDIDATE,4,1,25,3,51,17,0,36.48,2
3GT,TAM21,L21_P1_Z02B_Alarm.Ivek_Fault,Z02B : IVEK FAULT (Monomer dosing),UNCLASSIFIED,31,2,6.452,2,51,25.5,50,-17.38,1.5
3GT,TAM07,P1_423PRS_FAIL1,Z4  : 423PRS fail to be ON,LONG_DURATION,4,1,25,1,51,51,100,92.64,2
3GT,TAM23,L23_P4_0609PHS.Alarm2,Z06 : 609PHS Sensor Fail (Missing),LONG_DURATION,3,1,33.333,1,51,51,0,1.84,1
3GT,TAM23,L23_P4_0803SRV.Over_Travel_Pos,P4_0803SRV Positive Over Travel,LONG_DURATION,17,1,5.882,1,51,51,0,59.97,1
3GT,TAM05,P0_CUE_DOOR_OPN,Z2B : Cure Enclosure door opened,DOOR_OR_GUARD|POSSIBLE_OPERATOR_ACCESS_LEGACY|STOP_ALARM_CANDIDATE,19,4,21.053,5,50,10,0,72.82,2.4
3GT,TAM06,P0_242CL_ERR_1,Z2B : 242CL Fail to EXTEND  (Preheat F/B),UNCLASSIFIED,29,2,6.897,5,50,10,40,88.2,1.4
3GT,TAM21,L21_P1_Z04A_Alarm.Hema_Err,Z04A : 10 Consecutive Detection HEMA ring,UNCLASSIFIED,21,1,4.762,5,50,10,20,159.87,1.2
FLEX,TAM29,[00G3_K022]Program:EM0564_Foil_Feed_Die_Cut.ALMD_T001SVP_Driver_Fault,EM0564 T001SVP Foil Feed  #2 Driver fault,STOP_ALARM_CANDIDATE,61,2,3.279,5,50,10,0,3.2,2
FLEX,TAM26,[00G3_K042]Program:UN05_Standard.ALMD_05G6_B010GLS,Z05 Under Guard Door Open =05G6_B010GLS,DOOR_OR_GUARD|OPERATOR_INITIATED_FLEX|STOP_ALARM_CANDIDATE|LONG_DURATION,2,1,50,4,50,12.5,25,49.67,3
FLEX,TAM27,[00G3_K022]Program:EM0564_Foil_Feed_Die_Cut.ALMD_Cons_CamUnderTrigger,EM0564: Consecutive Camera Under Trigger,ROOT_CAUSE_CANDIDATE,174,4,2.299,4,50,12.5,0,12.82,2
FLEX,TAM28,[04G3_K002]Program:EM0480_Elevator5.ALMD_M006CL_Faulted,EM0480 M006CL Elevator #5 Stage pusher fault,UNCLASSIFIED,7,3,42.857,4,50,12.5,0,-2.34,1
3GT,TAM18,P3_1018PHS_MISS,Z10 : 1018PHS Empty-tray jam/sensor fail (Missing),STOP_ALARM_CANDIDATE,59,3,5.085,3,50,16.67,0,35.23,2
3GT,TAM01,P0_230CL_ERR_2,Z2B : 230CL Fail to RETRACT (Prec xfer U/D),UNCLASSIFIED,26,1,3.846,2,50,25,50,65.08,1.5
3GT,TAM01,P17_Foil_WebGuide_GlobalAlm_11,Z05C: PLC17 PE303 - IE4C Slot 1 Channel 1 HighHigh Alarm,UNCLASSIFIED,39,2,5.128,2,50,25,50,137.35,1.5
3GT,TAM18,P3_607PHS2_MISS,Z6  : 607PHS-2 3 consecutive array missing,UNCLASSIFIED,2,1,50,2,50,25,0,118.92,1
FLEX,TAM28,[00G3_K042]Program:UN01_Standard.ALMD_01G6_B001GLS,Z01 Guard Door Open  =01G6+MA-B001GLS,DOOR_OR_GUARD|OPERATOR_INITIATED_FLEX|STOP_ALARM_CANDIDATE|LONG_DURATION,7,1,14.286,2,50,25,0,77.02,3
3GT,TAM02,P3_865PHS_MISS,Z8  : 865PHS Carton missing (Check jam or sensor),STOP_ALARM_CANDIDATE,22,1,4.545,1,50,50,0,270.24,2
3GT,TAM20,P1_415CL_ERR_2,Z4  : 415CL Fail to RETRACT (Slider@Ret in),UNCLASSIFIED,2,1,50,1,50,50,100,93.28,2
3GT,TAM21,L21_P1_Z02B_Alarm.Remove_Loc101,Z02B : Pallet remove Location[101],UNCLASSIFIED,10,1,10,1,50,50,0,271.74,1
3GT,TAM21,L21_P2_0438PRS.Alarm2,Z04B : 438PRS Sensor fail to be off,UNCLASSIFIED,72,1,1.389,1,50,50,0,-51.72,1
3GT,TAM23,L23_P4_0803SRV.Fail_to_Move,P4_0803SRV Fail to Move,UNCLASSIFIED,7,1,14.286,1,50,50,0,10.05,1
3GT,TAM21,L21_P4_0864PHS.Alarm1,Z08 : 864PHS Carton missing (Check jam or sensor),STOP_ALARM_CANDIDATE,34,2,5.882,6,49,8.17,0,134.2,2
3GT,TAM01,P6_4020PRSFAIL1,Z4B : 4020PRS fail to be ON,UNCLASSIFIED,16,4,25,5,49,9.8,0,43.03,1
3GT,TAM02,P0_20PS_ERROR,Z2A : 20PS Air pressure Low,CASCADE_SYMPTOM_CANDIDATE|LONG_DURATION,299,2,0.669,4,49,12.25,0,297.34,1
3GT,TAM05,P8_1001PRS_MISS,Z10 : Sleeve hopper is empty,UNCLASSIFIED,85,3,3.529,4,49,12.25,0,58.01,1
3GT,TAM22,L22_P4_1000PHS_01.Alarm1,Z10 : 1000PHS Carton jam (Remove carton),STOP_ALARM_CANDIDATE,40,3,7.5,4,49,12.25,0,102.71,2
3GT,TAM21,L21_P4_Z06_Warning.Miss_0607PHS_02,Z06 : Miss_0607PHS_02,WARNING|LONG_DURATION,45,3,6.667,3,49,16.33,100,145.78,2
3GT,TAM21,L21_P3_0524CL.stat.Fte,P3_0524CL Fail to Extend   !! Still pressurised with Perfect Block !!,UNCLASSIFIED,22,2,9.091,3,49,16.33,0,69.92,1
3GT,TAM22,L22_P4_0850VAC_01.stat.Fto,P4_0850VAC_01 Fail to Open,UNCLASSIFIED,22,1,4.545,3,49,16.33,0,-27.11,1
FLEX,TAM27,[00G3_K022]Program:EM0540_Heat_Seal_Infeed.ALMD_MMLS_Con_Missed_Lens,EM0540 3Concecutive Missing Lens detected,ROOT_CAUSE_CANDIDATE,118,3,2.542,3,49,16.33,0,-8.03,2
3GT,TAM20,P6_4002SRV_ERR_2,Z4B : 4002SRV Driver error,UNCLASSIFIED,10,1,10,2,49,24.5,50,2.88,1.5
3GT,TAM06,P6_4018PRSFAIL1,Z4B : 4018PRS fail to be ON,UNCLASSIFIED,5,1,20,1,49,49,100,-18.42,2
3GT,TAM22,L22_P4_Z08_Alarm.Cam3InspectNG,Z08 : Camera3 3 Consecutive Inspection failure,CASCADE_SYMPTOM_CANDIDATE,443,1,0.226,1,49,49,0,4.92,1
3GT,TAM05,P1_CMD_TL,Z3  : CMD Top Left (304CL),CASCADE_SYMPTOM_CANDIDATE,328,3,0.915,5,48,9.6,100,85.28,2
3GT,TAM07,P2_533CL_ERR_1,Z5AB: 533CL Fail to extend  (Rtrn buffer out),UNCLASSIFIED,10,1,10,4,48,12,0,74.46,1
3GT,TAM02,P2_574CL_ERR_1,Z5AB: 574CL Fail To extend  (Rtrn buff out),UNCLASSIFIED,8,1,12.5,3,48,16,33.33,87.09,1.33
3GT,TAM21,L21_P4_Z10_Warning.Labeler_low,Z10 : Label or Ribbon is near end,WARNING|LONG_DURATION,67,2,2.985,3,48,16,0,82.67,1
3GT,TAM22,L22_P4_Z10_Alarm.CW_under,Z10 : 3 consecutive under weight,UNCLASSIFIED,12,1,8.333,3,48,16,0,109.33,1
FLEX,TAM28,[00G3_K502]Program:EM0801_Stray_Conveyor.ALMD_B502PHS_OnFail,EM0801 B502PHS OnFail,ROOT_CAUSE_CANDIDATE,38,1,2.632,3,48,16,0,62.72,2
3GT,TAM01,P0_259CL_ERR_1,Z2B : 259CL Fail to EXTEND  (FC ret shuffle),LONG_DURATION,6,1,16.667,2,48,24,50,-13.87,1.5
3GT,TAM02,P1_306CL_ERR_1,Z3  : 306CL Fail to EXTEND  (Reject pan),UNCLASSIFIED,4,1,25,2,48,24,100,34.69,2
3GT,TAM05,P8_1019PHS_MISS,Z10 : 1019PHS Carton missing (Check jam or sensor),STOP_ALARM_CANDIDATE,38,1,2.632,2,48,24,0,193.71,2
3GT,TAM10,P1_301SRV_ERR_2,Z3  : 301SRV Driver error   (ALI plt xfer),UNCLASSIFIED,20,1,5,2,48,24,0,-27.65,1
3GT,TAM22,L22_LotStart_MoldMismatch.HMI01,"FC Mold ID Mismatch: Mold ID differs from stored ID when lot started, or Mold ID no read.",LONG_DURATION,8,1,12.5,2,48,24,0,58.41,1
3GT,TAM10,P6_IVK_COM_TOUT,Z4B : Communication time out with IVEK3,STOP_ALARM_CANDIDATE|CASCADE_SYMPTOM_CANDIDATE,115,1,0.87,1,48,48,100,101.63,3
FLEX,TAM24,[00G3_K042]Program:UN05_Standard.ALMD_05G6_B005GLS,Z05 Guard Door Open =05G6_B005GLS,DOOR_OR_GUARD|OPERATOR_INITIATED_FLEX|STOP_ALARM_CANDIDATE|CASCADE_SYMPTOM_CANDIDATE|LONG_DURATION,201,6,2.985,6,47,7.83,100,22.91,3
FLEX,TAM26,[04G3_K022]Program:UN04_Standard.ALMD_04G6_B017GLS,Z04 GUARD DOOR OPEN (=04G6_B017GLS),DOOR_OR_GUARD|OPERATOR_INITIATED_FLEX|STOP_ALARM_CANDIDATE,38,5,13.158,5,47,9.4,80,52.91,3
FLEX,TAM28,[09G3_K022]Program:UN09_Standard.ALMD_09G6_B001GLS,Z09 Guard Door Open =09G6_B001GLS,DOOR_OR_GUARD|OPERATOR_INITIATED_FLEX|STOP_ALARM_CANDIDATE,38,4,10.526,5,47,9.4,0,110.97,2.4
3GT,TAM05,P2_533CL_ERR_2,Z5AB : 533CL Fail to retract (Rtrn buffer out),LONG_DURATION,2,2,100,4,47,11.75,0,128.5,1
3GT,TAM21,L21_P1_0407PRS.Alarm2,Z04A : 407PRS Sensor fail to be on,UNCLASSIFIED,69,3,4.348,4,47,11.75,50,13.18,1.5
FLEX,TAM30,[00G3_K502]Program:EM0801_Stray_Conveyor.ALMD_B502PHS_OnFail,EM0801 B502PHS OnFail,ROOT_CAUSE_CANDIDATE,303,2,0.66,4,47,11.75,0,-15.33,2
3GT,TAM02,P1_SHINGLE_DET1,Z4  : FC shingle detect at 411PHS_1,UNCLASSIFIED,51,3,5.882,3,47,15.67,100,133.14,2
3GT,TAM05,P16_LaserAbnormal,Z8  : Laser is in abnormal state,UNCLASSIFIED,76,2,2.632,3,47,15.67,0,211.59,1
3GT,TAM21,L21_P4_0607PHS_05.Alarm1,Z06 : 607PHS-5 3 consecutive array missing,UNCLASSIFIED,8,1,12.5,3,47,15.67,33.33,207.7,1.33
3GT,TAM22,L22_P3_0514CL.stat.Fte,P3_0514CL Fail to Extend,UNCLASSIFIED,24,2,8.333,3,47,15.67,0,16.61,1
3GT,TAM17,P2_557CL_ERR_2,Z5B : 557CL Fail to RETRACT,ROOT_CAUSE_CANDIDATE,74,2,2.703,2,47,23.5,0,26.54,2
FLEX,TAM29,[00G3_K003]Program:EM0304_WB_Demold.ALMD_Adjacent_Door_Open,EM0304 Adjacent Door Open,DOOR_OR_GUARD|OPERATOR_INITIATED_FLEX|STOP_ALARM_CANDIDATE|LONG_DURATION,25,1,4,1,47,47,0,119.8,3
FLEX,TAM29,[00G3_K502]Program:EM1032_Carton_Xfer_for_Folding.ALMD_T504AMP_EStop,EM1032 M504SRV E-stop condition,STOP_ALARM_CANDIDATE|CASCADE_SYMPTOM_CANDIDATE,2402,1,0.042,1,47,47,0,-11.01,2
FLEX,TAM31,[00G3_K502]Program:EM1023_Carton_Laser.ALMD_FumeExtractorAlarm,Fume Extractor Alarm,ROOT_CAUSE_CANDIDATE|LONG_DURATION,156,1,0.641,1,47,47,0,150.03,1
3GT,TAM10,P6_JAM_4024PRS,Z4B : 4009CL fail to transfer to 4024PRS,UNCLASSIFIED,12,4,33.333,6,46,7.67,66.67,101.58,1.67
FLEX,TAM30,[00G3_K022]Program:EM0504_Predose_Inlet.ALMD_ITRAY_SHING,EM0504 I-tray shingle detect,ROOT_CAUSE_CANDIDATE,557,2,0.359,5,46,9.2,0,33.34,2
FLEX,TAM29,[00G3_K042]Program:UN10_Standard.ALMD_10G6_B507GLS,Z10 Guard Door Open =10G6_B507GLS,DOOR_OR_GUARD|OPERATOR_INITIATED_FLEX|STOP_ALARM_CANDIDATE,76,2,2.632,4,46,11.5,0,102.81,2.5
3GT,TAM20,P6_LONG_IPA_ER,Z4B : Tower#2 extraction time too long,UNCLASSIFIED,51,2,3.922,3,46,15.33,33.33,63.55,1.33
FLEX,TAM26,[00G3_K022]Program:EM0562_Foil_Feed_Laser_Marker.ALMD_FIFE_Not_OK,EM0562 K003CR FIFE not ready,STOP_ALARM_CANDIDATE|CASCADE_SYMPTOM_CANDIDATE,914,1,0.109,3,46,15.33,0,293.45,1
3GT,TAM01,P3_807PHS5_MISS,Z8  : 807PHS-5 Array missing (Check jam or sensor),STOP_ALARM_CANDIDATE,86,2,2.326,2,46,23,0,71.9,2
3GT,TAM07,P1_300SRV_ERR_5,Z3  : 300SRV Over drive     (Demold),UNCLASSIFIED,25,1,4,2,46,23,100,52.84,2
3GT,TAM22,L22_P3_Z05A_Warning.RBT_0502VAC_ERR,Z05A : 502VAC error,WARNING|CASCADE_SYMPTOM_CANDIDATE,192,2,1.042,2,46,23,100,109.68,2
FLEX,TAM30,[00G3_K022]Program:EM0542_Foil_Transfer.ALMD_K001CTL_Fail_to_Go,EM0542 Foil Transfer Robot Error: Fail to Go,UNCLASSIFIED,19,1,5.263,1,46,46,0,57.96,1
3GT,TAM06,P3_CMS_NOT_RDY,Z8  : Laser marker is not ready,STOP_ALARM_CANDIDATE,28,3,10.714,6,45,7.5,0,-5.12,2
3GT,TAM18,P3_865PHS_MISS,Z8  : 865PHS Carton missing (Check jam or sensor),STOP_ALARM_CANDIDATE,34,3,8.824,6,45,7.5,0,37.53,2
3GT,TAM18,P0_SHINGLE_ERR,Z2B : 210PHS Shingling pallet (Assembly),ROOT_CAUSE_CANDIDATE,94,2,2.128,6,45,7.5,16.67,155.68,1.67
3GT,TAM21,L21_P1_Z02A_Alarm.Cycle_Error,Z02A : Cycle stop incomplete error,UNCLASSIFIED,37,4,10.811,5,45,9,60,46.57,1.6
3GT,TAM21,L21_P3_Z05B_Alarm.Chuck_Error,Z05B : Foil chuck error,UNCLASSIFIED,28,4,14.286,5,45,9,40,19.17,1.4
FLEX,TAM31,[00G3_K042]Program:UN06_Standard.ALMD_06G6_B501GLS,Z06 Guard Door Open =06G6_B501GLS,DOOR_OR_GUARD|OPERATOR_INITIATED_FLEX|STOP_ALARM_CANDIDATE|CASCADE_SYMPTOM_CANDIDATE,155,5,3.226,5,45,9,100,127.21,3
FLEX,TAM31,[00G3_K002]Program:EM0277_Cure_B.ALMD_Manually_Move_Pallet_CureExit,EM0277 Door was opened after a driver error in T001SVP.Please check in the pop-up(Manually move Pallet Cure Exit).,DOOR_OR_GUARD|OPERATOR_INITIATED_FLEX|STOP_ALARM_CANDIDATE|LONG_DURATION,1,1,100,5,45,9,0,61.65,3
3GT,TAM22,L22_P1_Z02A_Alarm.IMM_COM_Error,Z02A : FC/BC IMM Communication Error,STOP_ALARM_CANDIDATE|LONG_DURATION,3,2,66.667,4,45,11.25,0,234.94,2
3GT,TAM02,P1_301SRV_ERR_1,Z3  : 301SRV Fail to MOVE   (ALI plt xfer),UNCLASSIFIED,9,2,22.222,3,45,15,100,63.76,2
3GT,TAM18,P0_242CL_ERR_1,Z2B : 242CL Fail to EXTEND  (Preheat F/B),UNCLASSIFIED,26,2,7.692,2,45,22.5,0,-11.21,1
3GT,TAM20,P0_Zone02B_NoMove,Z2B : Zone02B not moving...,UNCLASSIFIED,30,5,16.667,6,44,7.33,16.67,106.5,1.17
3GT,TAM22,L22_P1_Z02A_Warning.RBT_205VAC_Err,Z02A : Butterfly side B vacuum failed,WARNING,48,5,10.417,5,44,8.8,20,3.41,1.2
3GT,TAM01,SBM_A50_SRV_DOOR,Z07:  Service Door open,DOOR_OR_GUARD|POSSIBLE_OPERATOR_ACCESS_LEGACY|STOP_ALARM_CANDIDATE,13,3,23.077,4,44,11,0,40.98,2.75
FLEX,TAM25,[00G3_K002]Program:EM0285_Cooling_Walking_Beam.ALMD_T001SVP_Driver_Fault,EM0285 T001SVP Coolong Wakling Beam Sero Driver fault,STOP_ALARM_CANDIDATE,36,3,8.333,4,44,11,0,128.41,2
FLEX,TAM25,[00G3_K042]Program:UN10_Standard.ALMD_10G6_B503GLS,Z10 Guard Door Open =10G6_B503GLS,DOOR_OR_GUARD|OPERATOR_INITIATED_FLEX|STOP_ALARM_CANDIDATE,58,3,5.172,4,44,11,0,120.86,2.25
FLEX,TAM31,[00G3_K502]Program:EM0801_Stray_Conveyor.ALMD_B502PHS_OnFail,EM0801 B502PHS OnFail,ROOT_CAUSE_CANDIDATE,111,1,0.901,4,44,11,0,-20.07,2
3GT,TAM22,L22_P4_0853PHS.Alarm2,Z08 : 853PHS 3 consecutive unknown carton detected,UNCLASSIFIED,57,3,5.263,3,44,14.67,0,37.19,1
FLEX,TAM24,[00G3_K002]Program:EM03G4_Operator_Interface.ALMD_S002PBL_Actuated,EM03G4 S002PBL ZONE STOP #2,STOP_ALARM_CANDIDATE|CASCADE_SYMPTOM_CANDIDATE,1045,1,0.096,3,44,14.67,0,-5.19,2
3GT,TAM01,P3_1018PHS_MISS,Z10 : 1018PHS Empty-tray jam/sensor fail (Missing),STOP_ALARM_CANDIDATE,12,1,8.333,2,44,22,0,77.33,2
3GT,TAM05,P0_23PS_ERROR,Z2B-3: 23PS Air pressure low,UNCLASSIFIED,16,1,6.25,2,44,22,50,-15.76,1.5
3GT,TAM17,P1_301CL_ERR_2,Z3  : 301CL Fail to RETRACT (Top finger R),UNCLASSIFIED,9,1,11.111,2,44,22,0,64.62,1
FLEX,TAM27,[00G3_K042]Program:UN09_Standard.ALMD_09_900GLS4_1,Z09 Guard Magnetic SW Open 900GLS4-1,DOOR_OR_GUARD|OPERATOR_INITIATED_FLEX|STOP_ALARM_CANDIDATE|LONG_DURATION,15,2,13.333,2,44,22,0,97.66,2.5
3GT,TAM18,ST_Z07_Alarm_UDjam,Unload Door Jam,DOOR_OR_GUARD|STOP_ALARM_CANDIDATE|LONG_DURATION,12,1,8.333,1,44,44,0,183.34,2
3GT,TAM22,L22_P3_0518SRV.Over_Travel_Neg,P3_0518SRV Negative Over Travel,UNCLASSIFIED,18,1,5.556,1,44,44,0,-23.03,1
3GT,TAM05,P2_527PHS1_ON_ER,Z5B : 527PHS-1 still OFF,LONG_DURATION,29,4,13.793,6,43,7.17,0,52.23,1
3GT,TAM07,P3_619PHS_MISS,Z6  : 619PHS Array missing (Check jam or sensor),STOP_ALARM_CANDIDATE,24,2,8.333,6,43,7.17,33.33,149.71,2.33
3GT,TAM02,P6_4020PRSFAIL1,Z4B : 4020PRS fail to be ON,UNCLASSIFIED,19,2,10.526,5,43,8.6,20,143.51,1.2
3GT,TAM05,P3_CTN_JAM_ELEV,Z8 : Carton jam at carton elevator,STOP_ALARM_CANDIDATE,59,3,5.085,5,43,8.6,0,77.51,2
FLEX,TAM28,[04G3_K022]Program:UN04_Standard.ALMD_04G6_B019GLS,Z04 GUARD DOOR OPEN (=04G6_B019GLS),DOOR_OR_GUARD|OPERATOR_INITIATED_FLEX|STOP_ALARM_CANDIDATE|LONG_DURATION,6,1,16.667,5,43,8.6,20,116.37,2.4
3GT,TAM05,P2_Z5B_AIR_LOW,Z5B : Air pressure low,LONG_DURATION,31,1,3.226,4,43,10.75,25,89.13,1.25
3GT,TAM07,P7_ENOUGH_FOIL,Z5C : Not enough foil (->Check foil reel),ROOT_CAUSE_CANDIDATE,135,2,1.481,4,43,10.75,0,10.64,2
3GT,TAM21,L21_P4_0807PHS_01.Alarm1,Z08 : 807PHS-1 Array missing (Check jam or sensor),STOP_ALARM_CANDIDATE,28,2,7.143,4,43,10.75,0,80.52,2
3GT,TAM21,L21_P1_0301PRS.Alarm2,Z03 : 301PRS Sensor fail to be on,UNCLASSIFIED,13,2,15.385,4,43,10.75,100,124.35,2
3GT,TAM22,L22_P4_1004PHS.Alarm2,Z10 : 1004PHS Unknown carton (Remove carton),UNCLASSIFIED,18,2,11.111,4,43,10.75,0,6.15,1
FLEX,TAM28,[00G3_K022]Program:EM0510_Lens_Transfer.ALMD_EM00G7_M005SV_Not_Ready,EM0510 Zone3B/5B M005SV Air Not Ready,STOP_ALARM_CANDIDATE|LONG_DURATION,11,2,18.182,4,43,10.75,100,133.89,3
FLEX,TAM31,[00G3_K042]Program:UN02_Standard.ALMD_02G6_B020GLS,Z02 Under Guard Door Open =02G6_B020GLS,DOOR_OR_GUARD|OPERATOR_INITIATED_FLEX|STOP_ALARM_CANDIDATE,40,1,2.5,4,43,10.75,0,196.3,2.25
3GT,TAM02,P2_IMM_COM_TOUT,Z5A : Communication time out with PP IMM,STOP_ALARM_CANDIDATE,23,3,13.043,3,43,14.33,0,117.54,2
3GT,TAM09,P7_ENOUGH_FOIL,Z5C : Not enough foil (->Check foil reel),ROOT_CAUSE_CANDIDATE,75,1,1.333,3,43,14.33,0,3.18,2
3GT,TAM10,RMT_CARTON_ERROR,Raw Material Tracking Error,LONG_DURATION,1,1,100,3,43,14.33,0,177.56,1
3GT,TAM18,P2_512ID_NO_READ,Z5B : 512IDR No read,UNCLASSIFIED,27,1,3.704,3,43,14.33,0,102.43,1
3GT,TAM22,L22_P1_Z02A_Alarm.RBT_Maintenance,Z02A : Mitsubishi robot maintenance mode active,UNCLASSIFIED,79,2,2.532,3,43,14.33,33.33,138.95,1.33
3GT,TAM09,P1_313PRS_FAIL,Z3  : 313PRS Sensor fail,UNCLASSIFIED,5,1,20,2,43,21.5,100,198.02,2
3GT,TAM09,P0_IMM_COM_TOUT,Z2A : Communication time out with IMM,STOP_ALARM_CANDIDATE|LONG_DURATION,2,1,50,2,43,21.5,0,-28.98,2
3GT,TAM23,L23_P5_RackJam_Entering.HMI02,Warning ! Rack Jam Entering Steriliser: Please Correct Jam and Acknowledge on the Attention screen.,STOP_ALARM_CANDIDATE|WARNING,3,2,66.667,2,43,21.5,0,117,2
3GT,TAM02,P2_527PHS1_OF_ER,Z5B : 527PHS-1 still ON,UNCLASSIFIED,54,1,1.852,1,43,43,0,95.07,1
3GT,TAM10,P8_1001BCR_MM,Z10 : 1001BCR 3 consecutive lot number mismatch,LONG_DURATION,13,1,7.692,1,43,43,0,18.24,1
3GT,TAM17,P1_518SRV_ERR_2,Z4  : 518SRV Driver error   (Stage pusher),UNCLASSIFIED,19,1,5.263,1,43,43,100,78.49,2
FLEX,TAM24,[00G3_K502]Program:EM1063_Case_Insert.ALMD_90PackPartial_Remove,EM1063 - 90 Pack has Partial Case - Remove Cartons,ROOT_CAUSE_CANDIDATE,474,2,0.422,6,42,7,0,20.84,2
3GT,TAM07,P7_CMS_NOT_RDY,Z5B : CMS Laser is not ready alarm,STOP_ALARM_CANDIDATE,63,3,4.762,5,42,8.4,20,117.44,2.2
FLEX,TAM25,[00G3_K042]Program:UN02_Standard.ALMD_02G6_B003GLS,Z02 Guard Door Open =02G6_B003GLS,DOOR_OR_GUARD|OPERATOR_INITIATED_FLEX|STOP_ALARM_CANDIDATE|CASCADE_SYMPTOM_CANDIDATE,131,5,3.817,5,42,8.4,100,75.92,3
FLEX,TAM27,[00G3_K042]Program:UN02_Standard.ALMD_02G6_B005GLS,Z02 Guard Door Open =02G6_B005GLS,DOOR_OR_GUARD|OPERATOR_INITIATED_FLEX|STOP_ALARM_CANDIDATE|LONG_DURATION,12,3,25,5,42,8.4,40,173.44,2.4
3GT,TAM01,P1_400SRV_ERR_2,Z4  : 400SRV Driver error   (Hyd buf load),UNCLASSIFIED,5,1,20,4,42,10.5,25,12.42,1.25
3GT,TAM21,L21_P1_0451PRS.Alarm2,Z04A : 451PRS Sensor fail to be on,UNCLASSIFIED,14,2,14.286,4,42,10.5,25,158.82,1.25
3GT,TAM22,L22_P3_PSS01_0500GLS_04.Alarm,Guard SW(Z5A) Feedback Error(0500GLS_04),DOOR_OR_GUARD|GUARD_SYSTEM_FAULT,1,1,100,4,42,10.5,25,77.19,1.25
3GT,TAM01,P3_850BCR_NREAD,Z8  : 850BCR No read failure,CASCADE_SYMPTOM_CANDIDATE,170,3,1.765,3,42,14,0,27.73,1
3GT,TAM02,P1_400_1MIS_ERR,Z4  : 3 Consective Detection 400ID1 Data Mismatch,UNCLASSIFIED,76,3,3.947,3,42,14,66.67,187.38,1.67
3GT,TAM21,L21_P1_Z02B_Warning.ShingleCurve,Z02B : Shingle curve detected,WARNING|CASCADE_SYMPTOM_CANDIDATE,4736,3,0.063,3,42,14,0,8.89,1
3GT,TAM22,L22_P4_ReworkLastCase.HMI02,Rework last case: Are you sure about inspection result is Good ?,UNCLASSIFIED,88,1,1.136,3,42,14,0,38.41,1
3GT,TAM21,L21_P3_Z05B_Warning.Array_Reject,Z05B : Array Reject Selected,WARNING,31,1,3.226,2,42,21,50,53.22,1.5
3GT,TAM23,L23_P4_Z06_Warning.Miss_0607PHS_05,Z06 : Miss_0607PHS_05,WARNING|CASCADE_SYMPTOM_CANDIDATE,147,2,1.361,2,42,21,100,71.77,2
FLEX,TAM27,[00G3_K042]Program:UN05_Standard.ALMD_05G6_B003GLS_LCK,Z05 Guard Switch Lock Solenoid Feedback Error =05BG6_B003GLS,DOOR_OR_GUARD|GUARD_SYSTEM_FAULT,43,2,4.651,2,42,21,0,89.49,1
3GT,TAM09,P0_Z2_216SRV_GrdOpen,Z02B: 216SRV Guard Open,DOOR_OR_GUARD|POSSIBLE_OPERATOR_ACCESS_LEGACY|STOP_ALARM_CANDIDATE|NUISANCE_CHATTER_CANDIDATE|CASCADE_SYMPTOM_CANDIDATE,248,1,0.403,1,42,42,100,119.77,2
3GT,TAM21,L21_P1_Z02B_Alarm.Cycle_Error,Z02B : Cycle stop incomplete error,UNCLASSIFIED,1,1,100,1,42,42,100,-47.75,2
FLEX,TAM24,[00G3_K042]Program:UN09_Standard.ALMD_09_900GLS1_1,Z09 Guard Magnetic SW Open 900GLS1-1,DOOR_OR_GUARD|OPERATOR_INITIATED_FLEX|STOP_ALARM_CANDIDATE|LONG_DURATION,16,1,6.25,1,42,42,0,136.15,2
FLEX,TAM31,[00G3_K042]Program:UN08_Standard.ALMD_08G6_B504GLS,Z08 Under Guard Door Open =08G6_B504GLS,DOOR_OR_GUARD|OPERATOR_INITIATED_FLEX|STOP_ALARM_CANDIDATE,2,1,50,1,42,42,0,84.22,3
FLEX,TAM25,[00G3_K042]Program:UN09_Standard.ALMD_09_900GLS1_1,Z09 Guard Magnetic SW Open 900GLS1-1,DOOR_OR_GUARD|OPERATOR_INITIATED_FLEX|STOP_ALARM_CANDIDATE|LONG_DURATION,23,4,17.391,6,41,6.83,0,61.34,3
FLEX,TAM28,[04G3_K002]Program:EM0400_Zone.ALMD_IncompleteCycleStop,EM0400 Incomplete cycle stop,STOP_ALARM_CANDIDATE,47,3,6.383,6,41,6.83,0,65.63,2
FLEX,TAM25,[00G3_K042]Program:UN03_Standard.ALMD_03G6_B001GLS_LCK,Z03 Guard Switch Lock Solenoid Feedback Error =03G6_B001GLS,DOOR_OR_GUARD|GUARD_SYSTEM_FAULT,68,2,2.941,5,41,8.2,80,186.3,1.8
3GT,TAM06,P7_CMD_FOIL_REJ,Z5B : Consecutive foil reject,UNCLASSIFIED,47,2,4.255,4,41,10.25,25,2.97,1.25
3GT,TAM17,P3_CTN_JAM_HOPR,Z8  : 861PRS Carton jam underneath the hopper,STOP_ALARM_CANDIDATE|ROOT_CAUSE_CANDIDATE,175,3,1.714,4,41,10.25,0,82.37,3
3GT,TAM18,RMT_MONOMER_ERROR,Raw Material Tracking Error,UNCLASSIFIED,9,3,33.333,4,41,10.25,25,84.67,1.25
3GT,TAM20,SBM_A51_DOORFAIL,Z07:  Door operation failed for Timeout- Chk Seals,DOOR_OR_GUARD|LONG_DURATION,3,1,33.333,4,41,10.25,0,208.17,1
3GT,TAM22,L22_P5_RackJam_Entering.HMI02,Warning ! Rack Jam Entering Steriliser: Please Correct Jam and Acknowledge on the Attention screen.,STOP_ALARM_CANDIDATE|WARNING,4,2,50,4,41,10.25,0,9.29,2
FLEX,TAM31,[00G3_K003]Program:EM0312_Demold.ALMD_00G7_M003SV_Not_Ready,EM0312 Z02/Z03 SV Not Ready (EM00G7-M003SV),STOP_ALARM_CANDIDATE|CASCADE_SYMPTOM_CANDIDATE,1266,4,0.316,4,41,10.25,100,117.86,2.5
3GT,TAM10,P1_SHINGLE_DET2,Z4  : FC shingle detect at 411PHS_2,UNCLASSIFIED,61,3,4.918,3,41,13.67,33.33,14.84,1.33
3GT,TAM20,P3_865PHS_MISS,Z8  : 865PHS Carton missing (Check jam or sensor),STOP_ALARM_CANDIDATE,24,3,12.5,3,41,13.67,0,-10.32,2
3GT,TAM20,P2_586CL_2_ERR_1,Z5B : 586CL-2 Fail To extend (good/bad),ROOT_CAUSE_CANDIDATE,39,3,7.692,3,41,13.67,66.67,-0.68,2.67
3GT,TAM21,L21_P3_Z05B_Alarm.Inside_Stick_DI_Rem,Z05B : DI removal sticking inside cross piece,CASCADE_SYMPTOM_CANDIDATE,511,3,0.587,3,41,13.67,66.67,25.04,1.67
3GT,TAM22,L22_P4_PSS02_0600GLS_02.Alarm,Zone Stop Guard SW(Z6) Feedback Error(0600GLS_02),DOOR_OR_GUARD|GUARD_SYSTEM_FAULT|STOP_ALARM_CANDIDATE,10,1,10,3,41,13.67,0,48.29,2
3GT,TAM22,L22_P6_4019CL.stat.Ftr,P6_4019CL Fail to Retract   !! Still pressurised with Perfect Block !!,UNCLASSIFIED,41,1,2.439,3,41,13.67,0,-20.08,1
FLEX,TAM25,[00G3_K042]Program:UN01_Standard.ALMD_01G6_B001GLS,Z01 Guard Door Open  =01G6+MA-B001GLS,DOOR_OR_GUARD|OPERATOR_INITIATED_FLEX|STOP_ALARM_CANDIDATE|LONG_DURATION,32,3,9.375,3,41,13.67,33.33,115.8,3
FLEX,TAM27,[00G3_K042]Program:UN10_Standard.ALMD_10G6_B502GLS_LCK,Z10 Guard Lock Feedback Error =10G6_B502GLS_LCK,DOOR_OR_GUARD|GUARD_SYSTEM_FAULT|ROOT_CAUSE_CANDIDATE,83,1,1.205,3,41,13.67,0,80.94,2
3GT,TAM01,P0_PC_TMPLOW_ER,Z2B : Precure FC side flow temp low error,UNCLASSIFIED,34,2,5.882,2,41,20.5,50,138.98,1.5
3GT,TAM07,P6_4002SRV_ERR_3,Z4B : 4002SRV Parameter error,UNCLASSIFIED,10,1,10,2,41,20.5,50,-0.42,1.5
3GT,TAM18,P0_IVEK_Fault,Z2B : IVEK FAULT (Monomer dosing),LONG_DURATION,27,2,7.407,2,41,20.5,0,-11.81,1
FLEX,TAM31,[04G3_K002]Program:EM0400_Zone.ALMD_IncompleteCycleStop,EM0400 Incomplete cycle stop,STOP_ALARM_CANDIDATE,11,1,9.091,2,41,20.5,0,89.56,2
3GT,TAM01,P2_500CL_ERR_2,Z5A : 500CL Fail to retract (PP xfer),LONG_DURATION,5,1,20,1,41,41,100,-22.39,2
3GT,TAM01,P2_586CL_1_ERR_1,Z5B : 586CL-1 Fail To extend  (DI removal out),LONG_DURATION,6,1,16.667,1,41,41,0,71.61,1
3GT,TAM01,P6_SEND_GRD_OPN,Z4B : Send conveyor guard cover opened,DOOR_OR_GUARD|POSSIBLE_OPERATOR_ACCESS_LEGACY|STOP_ALARM_CANDIDATE|LONG_DURATION,5,1,20,1,41,41,0,47.9,3
3GT,TAM02,P1_518SRV_ERR_7,Z4  : 518SRV Lag error      (Stage pusher),UNCLASSIFIED,10,1,10,1,41,41,100,192.2,2
3GT,TAM02,P0_200CL_ERR_1,Z2A : 200CL Fail to EXTEND  (Robot hand),UNCLASSIFIED,9,1,11.111,1,41,41,0,-20.57,1
3GT,TAM01,P3_Cam3_Vis_Com_TOUT,Z8: Camera #3- Communication time out failure,STOP_ALARM_CANDIDATE|CASCADE_SYMPTOM_CANDIDATE,411,4,0.973,4,40,10,0,80.05,1.75
3GT,TAM02,P2_527PHS2_OF_ER,Z5B : 527PHS-2 still ON,UNCLASSIFIED,29,2,6.897,4,40,10,0,10.3,1
3GT,TAM05,P0_210CL_ERR_3,Z2B : 210CL Failed to Middle,UNCLASSIFIED,35,2,5.714,4,40,10,0,67.01,1
3GT,TAM09,P7_Foil_WebGuide_Z05C_RunAlm_10,Z05C: Web Guide Sensor 1 - Low contrast Edge detected,CONFIRMED_RUN_ALARM_BY_NAME|ROOT_CAUSE_CANDIDATE,568,4,0.704,4,40,10,100,23.16,2
3GT,TAM20,P6_REDOSE_ALMT1,Z4B : Tower 1 IPA Processing Dose Alarm,UNCLASSIFIED,28,2,7.143,4,40,10,50,85.22,1.5
3GT,TAM21,L21_P4_0861PRS.Alarm2,Z08 : Carton push over load,UNCLASSIFIED,71,3,4.225,4,40,10,0,142.7,1
3GT,TAM22,L22_P3_Z05B_Alarm.Cmm_512Id,Z05B : Consecutive 512IDR Mismatch,UNCLASSIFIED,42,4,9.524,4,40,10,0,245.44,1
3GT,TAM22,L22_P3_0536PRS.Alarm1,Z05B : 536PRS Retainer not detect,UNCLASSIFIED,64,2,3.125,4,40,10,25,77.1,1.25
FLEX,TAM30,[04G3_K022]Program:UN04_Standard.ALMD_04G6_B011LEL,Z04 VAPOR ENCLOSURE LEL#3 HIGH ALARM (=04G6_B011LEL) ALM Lv3,ROOT_CAUSE_CANDIDATE,47,4,8.511,4,40,10,100,101.72,3
FLEX,TAM31,[00G3_K002]Program:EM0200_Zone.ALMD_IncompleteCycleStop,EM0200 Z02 Incomplete cycle stop,STOP_ALARM_CANDIDATE,85,3,3.529,4,40,10,0,141.91,2
3GT,TAM01,P2_565CL_ERR_1,Z5B : 565CL Fail to extend  (Foil xfer),UNCLASSIFIED,5,1,20,3,40,13.33,0,2.86,1
3GT,TAM22,L22_P3_Z05B_Alarm.Cam2InspectNG11,Z05B : Camera2 Consecutive Inspection Error - 11th Check Position,UNCLASSIFIED,6,1,16.667,3,40,13.33,33.33,-49.23,1.33
3GT,TAM22,L22_P2_Z04B_Warning.SendConvStopped,Z04B : Send conveyor is not running,STOP_ALARM_CANDIDATE|WARNING|CASCADE_SYMPTOM_CANDIDATE,850,2,0.235,3,40,13.33,33.33,111.23,1.67
FLEX,TAM25,[04G3_K022]Program:UN04_Standard.ALMD_04G6_B024GLS,Z04 CONVEYOR GUARD DOOR OPEN (=04G6_B024GLS),DOOR_OR_GUARD|OPERATOR_INITIATED_FLEX|STOP_ALARM_CANDIDATE,15,3,20,3,40,13.33,100,9.37,3
3GT,TAM02,P2_586CL_1_ERR_2,Z5B : 586CL-1 Fail To retract (DI removal out),UNCLASSIFIED,44,1,2.273,2,40,20,0,54.71,1
FLEX,TAM28,[00G3_K042]Program:UN06_Standard.ALMD_06G6_B501GLS,Z06 Guard Door Open =06G6_B501GLS,DOOR_OR_GUARD|OPERATOR_INITIATED_FLEX|STOP_ALARM_CANDIDATE|CASCADE_SYMPTOM_CANDIDATE,112,2,1.786,2,40,20,100,79.46,3
3GT,TAM05,P1_HYD_PAL_FAIL,Z4  : Hyd. Buffer Pre-Stage pallet count mismatch,UNCLASSIFIED,10,1,10,1,40,40,100,50.98,2
3GT,TAM07,P6_4005SRV_ERR_7,Z4B : 4005SRV Lag error,UNCLASSIFIED,13,1,7.692,1,40,40,0,-16.64,1
3GT,TAM07,P1_405CL_ERR_1,Z4  : 405CL Fail to EXTEND  (Plt xfer1UD@Jnc),LONG_DURATION,1,1,100,1,40,40,100,56.8,2
3GT,TAM17,P3_862PHS_UKNOW,Z8  : 862PHS 3 consecutive unknown carton detected,LONG_DURATION,2,1,50,1,40,40,0,169.38,1
3GT,TAM22,L22_P3_Z05B_Alarms.a.FMD_LocateCIDfail,FMD Failed to locate Carrier ID from FMD system,UNCLASSIFIED,6,1,16.667,1,40,40,0,126.01,1
3GT,TAM23,L23_P4_Z08_Alarm.Carton_Conv_Low,Z08 : Carton Low detect at Carton Conveyor (811MTR),CASCADE_SYMPTOM_CANDIDATE,137,1,0.73,1,40,40,0,61.69,1
FLEX,TAM25,[00G3_K022]Program:EM0901_PP_IMM_Xfer.ALMD_RBT1_901CL_Fte,EM0901 901CL fail to extend,ROOT_CAUSE_CANDIDATE,75,1,1.333,1,40,40,0,8.13,2
FLEX,TAM25,[07G3_K002]Program:EM0701_Sterilizer_Process.ALMD_DataInterface_CheckSum,EM0701 - Data Interface CheckSum Mismatch Alarm,UNCLASSIFIED,10,1,10,1,40,40,0,156.07,1
FLEX,TAM30,[00G3_K022]Program:EM0562_Foil_Feed_Laser_Marker.ALMD_LaserFault,EM0562 K001CTL: Domino Laser Fault,ROOT_CAUSE_CANDIDATE,424,2,0.472,6,39,6.5,0,32.81,2
3GT,TAM21,L21_P3_0518SRV.Over_Travel_Neg,P3_0518SRV Negative Over Travel,UNCLASSIFIED,49,4,8.163,4,39,9.75,0,-7.27,1
3GT,TAM21,L21_P4_Z08_Alarm.LaserAbnormal,Z08 : Laser Marker Abnormal Conditions,UNCLASSIFIED,70,2,2.857,4,39,9.75,0,229.17,1
FLEX,TAM27,[00G3_K042]Program:UN08_Standard.ALMD_08G6_B502GLS,Z08 Guard Door Open =08G6_B502GLS,DOOR_OR_GUARD|OPERATOR_INITIATED_FLEX|STOP_ALARM_CANDIDATE|CASCADE_SYMPTOM_CANDIDATE,383,3,0.783,4,39,9.75,0,79.88,2
3GT,TAM01,P3_Cam3_OCV_Get_Reg_Flt,Z8: Camera #3- OCV Get Registration Fault,UNCLASSIFIED,1,1,100,3,39,13,0,-33.28,1
3GT,TAM01,P3_802SRV_ERR_3,Z8  : 802SRV Parameter error (Array chuck up/down),UNCLASSIFIED,99,2,2.02,3,39,13,0,-2.77,1
3GT,TAM01,P0_IVK_COM_TOUT,Z2B : Communication time out with IVEK1,STOP_ALARM_CANDIDATE|LONG_DURATION,15,1,6.667,3,39,13,0,75.15,2
3GT,TAM02,P7_unkn_array,"Z5B : Jam at the walking beam, unknown array at 542PRS",STOP_ALARM_CANDIDATE,17,3,17.647,3,39,13,33.33,3.11,2.33
3GT,TAM09,P7_511VAC_4_ERR,Z5B : 511vac4 array vaccum fault at 513SRV,ROOT_CAUSE_CANDIDATE,74,3,4.054,3,39,13,100,115.29,2.67
3GT,TAM21,L21_P4_Z10_Warning.Few_EmptyTray_Conv,Z10 : Few empty-tray in conveyor,WARNING|LONG_DURATION,57,2,3.509,3,39,13,0,-3.84,1
FLEX,TAM25,[00G3_K002]Program:EM0210_FC_Load.ALMD_0100_IMM_Mold_IDR2_NoRead,EM0100 FCBC IMM Mold IDR0002 No Read Alarm,UNCLASSIFIED,4,1,25,3,39,13,0,91.57,1
FLEX,TAM28,[00G3_K002]Program:EM0372_Shingle_Check.ALMD_Shingle_FC_Detection,EM0372 Shingle FC is detected on Stage at Shingle Check station,ROOT_CAUSE_CANDIDATE,441,3,0.68,3,39,13,0,85.51,2
3GT,TAM02,P3_606CL_ERR_2,Z6  : 606CL Fail to retract (Array xfer up/down),LONG_DURATION,2,1,50,2,39,19.5,0,20.36,1
3GT,TAM21,L21_P1_0450PRS.Alarm2,Z04A : 450PRS Sensor fail to be on,UNCLASSIFIED,38,2,5.263,2,39,19.5,100,28.79,2
3GT,TAM21,L21_P3_0535PRS.Alarm2,Z05B : 535PRS still ON,UNCLASSIFIED,13,2,15.385,2,39,19.5,50,112.9,1.5
FLEX,TAM30,[00G3_K022]Program:EM0564_Foil_Feed_Die_Cut.ALMD_Cons_FoilReject,EM0564: Consecutive Foil Inspection Fail,ROOT_CAUSE_CANDIDATE,76,2,2.632,2,39,19.5,0,-6,2
3GT,TAM01,P3_UNABLE_CCMP,Z10 : Unable to send CaseComplete Info (Chck eDHR),UNCLASSIFIED,4,1,25,1,39,39,0,199.73,1
3GT,TAM05,P0_219SRV_ERR_5,Z2B : 219SRV Over drive     (Preheat-ALI),UNCLASSIFIED,7,1,14.286,1,39,39,0,-33.77,1
3GT,TAM10,P2_527PHS3_ON_ER,Z5B : 527PHS-3 - Missing Puck,LONG_DURATION,2,1,50,1,39,39,0,-15.95,1
3GT,TAM18,P1_428PRS_FAIL1,Z4  : 428PRS fail to be ON,UNCLASSIFIED,3,1,33.333,1,39,39,100,112.1,2
3GT,TAM23,L23_P4_Z08_Warning.P4_0850BCR_NoRead,Z08 : 850BCR (boxcode) is no reading,WARNING|ROOT_CAUSE_CANDIDATE,59,1,1.695,1,39,39,0,11.24,2
3GT,TAM05,P7_Foil_Break_Alarm,Z5B4 : Check for Foil Break or Jam,STOP_ALARM_CANDIDATE,5,2,40,5,38,7.6,0,119.37,2
3GT,TAM21,L21_P4_0807PHS_05.Alarm1,Z08 : 807PHS-5 Array missing (Check jam or sensor),STOP_ALARM_CANDIDATE,22,2,9.091,5,38,7.6,0,20.48,2
3GT,TAM01,P1_304CL_ERR_2,Z3  : 304CL Fail to RETRACT (Bottom finger L),UNCLASSIFIED,16,2,12.5,4,38,9.5,25,122.72,1.25
3GT,TAM10,P7_MMLS_TRGCNT_LLVL_IS_BAD,Z5B: Missing/Multiple Lens System Trigger Count or Light Level is Bad,UNCLASSIFIED,98,3,3.061,4,38,9.5,50,128.24,1.5
3GT,TAM18,P3_1001PRS_MISS,Z10 : Sleeve hopper is empty,UNCLASSIFIED,163,3,1.84,4,38,9.5,0,185.87,1
3GT,TAM23,L23_ST_Z07_Alarms.CycStart,Cycle did not start,LONG_DURATION,58,1,1.724,4,38,9.5,0,151.57,1
FLEX,TAM29,[04G3_K022]Program:UN04_Standard.ALMD_04G6_K012SR,Z04 VE GUARD DOOR OPEN (=04G6_B030GLS),DOOR_OR_GUARD|OPERATOR_INITIATED_FLEX|STOP_ALARM_CANDIDATE,2,1,50,4,38,9.5,0,-23.73,3
FLEX,TAM31,[00G3_K003]Program:EM0332_FC_Transfer.ALMD_K001CTL_Guard_Open,EM0332 FC Transfer Robot Error: Safety Guard Open,DOOR_OR_GUARD|OPERATOR_INITIATED_FLEX|STOP_ALARM_CANDIDATE|CASCADE_SYMPTOM_CANDIDATE,1216,2,0.164,4,38,9.5,0,-7.32,2
FLEX,TAM31,[00G3_K042]Program:UN05_Standard.ALMD_05G6_B007GLS,Z05 Under Guard Door Open =05G6_B007GLS,DOOR_OR_GUARD|OPERATOR_INITIATED_FLEX|STOP_ALARM_CANDIDATE|LONG_DURATION,5,1,20,4,38,9.5,25,147.28,2.75
3GT,TAM05,P1_306CL_ERR_2,Z3  : 306CL Fail to RETRACT (Reject pan),UNCLASSIFIED,3,1,33.333,3,38,12.67,0,41.35,1
3GT,TAM07,P3_865PHS_UKNOW,Z8  : 865PHS Carton jam (Remove carton),STOP_ALARM_CANDIDATE,9,1,11.111,3,38,12.67,0,121.63,2
3GT,TAM01,P3_850BCR_MMATH,Z8  : 850BCR 3 consecutive carton ID mismatch fail,UNCLASSIFIED,27,1,3.704,2,38,19,0,3.27,1
3GT,TAM02,P3_865PHS_UKNOW,Z8  : 865PHS Carton jam (Remove carton),STOP_ALARM_CANDIDATE,1,1,100,2,38,19,0,61.08,2
3GT,TAM05,P0_218SRV_ERR_5,Z2B : 218SRV Over drive     (Cure outlet),UNCLASSIFIED,2,1,50,2,38,19,0,30.96,1
3GT,TAM05,P2_516CL_ERR_1,Z5B : 516CL Fail to extend  (Lens xfer Out),UNCLASSIFIED,10,1,10,2,38,19,0,73.59,1
3GT,TAM06,P3_607PHS2_MISS,Z6  : 607PHS-2 3 consecutive array missing,UNCLASSIFIED,4,1,25,2,38,19,50,150.71,1.5
3GT,TAM06,P0_IVEK_Fault,Z2B : IVEK FAULT (Monomer dosing),UNCLASSIFIED,22,2,9.091,2,38,19,100,147.37,2
3GT,TAM10,P2_554PRS1_ON_ER,Z5B : 554PRS-1 Puck not detect,UNCLASSIFIED,17,1,5.882,2,38,19,0,-12,1
3GT,TAM18,P3_609PHS_UKNOW,Z6  : 609PHS Sensor fail (Still on),LONG_DURATION,4,1,25,2,38,19,50,21.56,1.5
3GT,TAM20,P6_4012GLS_FAIL,Z4B : 4012LCK Airlock Feedback Fail,UNCLASSIFIED,4,1,25,2,38,19,0,3.59,1
3GT,TAM07,P6_OVER_SE_PEL,Z4B : Sump PEL over entry level during door open,DOOR_OR_GUARD|POSSIBLE_OPERATOR_ACCESS_LEGACY|STOP_ALARM_CANDIDATE|LONG_DURATION,7,1,14.286,1,38,38,0,115.18,3
3GT,TAM22,L22_P3_Z05C_Alarm.Chuck_Opened,Z05C : Foil bobbin chuck open,UNCLASSIFIED,91,2,2.198,6,37,6.17,33.33,187.12,1.33
3GT,TAM02,P2_544PRS_OF_ER,Z5B : 544PRS still ON,UNCLASSIFIED,14,2,14.286,5,37,7.4,0,62.49,1
3GT,TAM18,CasedeleteFlag,Z4B : HSC #6 Fail to be Reset from 4003FM Tower3,UNCLASSIFIED,72,4,5.556,5,37,7.4,20,93.85,1.2
3GT,TAM01,P2_527PRS_ON_ER,Z5B : 527PRS Puck not detect,UNCLASSIFIED,56,3,5.357,4,37,9.25,50,7.04,1.5
3GT,TAM20,P1_HEMA_ERR,Z4  : 3 Consective Detection HEMARing,UNCLASSIFIED,19,3,15.789,4,37,9.25,50,117.93,1.5
3GT,TAM21,L21_P3_0527PHS_01.Alarm1,Z05B : 527PHS_01 Puck not detect,UNCLASSIFIED,48,4,8.333,4,37,9.25,50,14.06,1.5
3GT,TAM21,L21_P4_0856PHS.Alarm1,Z08 : 856PHS Carton missing (Check jam or sensor),STOP_ALARM_CANDIDATE,12,1,8.333,4,37,9.25,0,63.2,2
FLEX,TAM28,[04G3_K002]Program:EM0410_SendCV.ALMD_B006PRS_OffFail,EM0410 B006PRS Send C/V Stage presence off fail,ROOT_CAUSE_CANDIDATE,35,2,5.714,4,37,9.25,0,125.4,1.75
FLEX,TAM30,[00G3_K042]Program:UN03_Standard.ALMD_03G6_B002GLS,Z03 Guard Door Open =03G6_B002GLS,DOOR_OR_GUARD|OPERATOR_INITIATED_FLEX|STOP_ALARM_CANDIDATE,9,1,11.111,4,37,9.25,50,59.72,3
FLEX,TAM30,[00G3_K042]Program:UN05_Standard.ALMD_05G6_B005GLS,Z05 Guard Door Open =05G6_B005GLS,DOOR_OR_GUARD|OPERATOR_INITIATED_FLEX|STOP_ALARM_CANDIDATE|CASCADE_SYMPTOM_CANDIDATE,269,4,1.487,4,37,9.25,50,143.93,2.5
3GT,TAM01,P2_514ID_NOREAD,Z5B : 514IDR no read,UNCLASSIFIED,42,2,4.762,3,37,12.33,33.33,80.16,1.33
3GT,TAM01,PSS2_CTN_LOW,PSS2: Carton Level Low/Low,LONG_DURATION,76,3,3.947,3,37,12.33,0,24.91,1
3GT,TAM10,P3_ETHER_FAIL,Z6  : Ethernet communication failure,UNCLASSIFIED,19,2,10.526,3,37,12.33,66.67,92.21,1.67
3GT,TAM17,P6_PULL_CORD,Z4B : Emergency stop pull cord pulled,STOP_ALARM_CANDIDATE|LONG_DURATION,13,1,7.692,3,37,12.33,0,81.61,2
FLEX,TAM27,[00G3_K022]Program:EM0522_Good_Robot.ALMD_K001CTL_Guard_Open,EM0522 Good Robot Error: Safety Guard Open,DOOR_OR_GUARD|OPERATOR_INITIATED_FLEX|STOP_ALARM_CANDIDATE|CASCADE_SYMPTOM_CANDIDATE,1656,3,0.181,3,37,12.33,0,42.05,2
3GT,TAM07,P0_236CL_ERR_1,Z2B : 236CL Fail to EXTEND  (Shutter@cure),LONG_DURATION,30,1,3.333,2,37,18.5,0,81.89,1
3GT,TAM09,P2_556CL_ERR_1,Z5B : 556CL Fail to EXTEND,UNCLASSIFIED,10,2,20,2,37,18.5,50,119.46,1.5
3GT,TAM22,L22_P1_0407SRV.Driver_Fault,P1_0407SRV Driver Axis Fault,UNCLASSIFIED,14,2,14.286,2,37,18.5,0,16.37,1
FLEX,TAM24,[00G3_K042]Program:UN05_Standard.ALMD_05G6_B006GLS,Z05 Guard Door Open =05G6_B006GLS,DOOR_OR_GUARD|OPERATOR_INITIATED_FLEX|STOP_ALARM_CANDIDATE|CASCADE_SYMPTOM_CANDIDATE|LONG_DURATION,126,2,1.587,2,37,18.5,100,-4.57,3
FLEX,TAM25,[00G3_K502]Program:EM10G4_Operator_Interface.ALMD_S504PBL_Actuated,EM10G4 S504PBL ZONE STOP PB4,STOP_ALARM_CANDIDATE,28,1,3.571,2,37,18.5,0,70.86,2
FLEX,TAM29,[04G3_K002]Program:EM0400_deviceWISE.ALMD_DeviceWiseReceiveDataError,"Device Wise to PLC : Transaction Completion time exceeded - If this persists, check Device Wise Application Report Log.",UNCLASSIFIED,9,2,22.222,2,37,18.5,0,175.52,1
3GT,TAM05,P2_506CL_ERR_2,Z5B : 506CL Fail to Retract (Pre-Dose),UNCLASSIFIED,7,1,14.286,1,37,37,100,29.5,2
3GT,TAM07,P0_210SRV_ERR_7,Z2B : 210SRV Lag error      (Pl from infeed),UNCLASSIFIED,12,1,8.333,1,37,37,100,86.47,2
3GT,TAM10,P6_ALM1_T1DRAIN,Z4B : Tower#1 drain high high level         (L1),UNCLASSIFIED,52,1,1.923,1,37,37,0,-21.63,1
3GT,TAM10,P6_DI1_DRAIN_HI,Z4B : Tower #1 drain high high level,UNCLASSIFIED,52,1,1.923,1,37,37,0,37.88,1
FLEX,TAM24,[00G3_K002]Program:EM0250_WalkingBeam.ALMD_B003PRS_OnFail,EM0250 B003PRS OnFail,LONG_DURATION,11,1,9.091,1,37,37,0,94.8,1
3GT,TAM09,P8_1019PHS_MISS,Z10 : 1019PHS Carton missing (Check jam or sensor),STOP_ALARM_CANDIDATE,59,2,3.39,5,36,7.2,0,78.38,2
3GT,TAM10,DevicewiseEDHR_Online,EDHR Client DeviceWise Offline,UNCLASSIFIED,110,4,3.636,5,36,7.2,0,93.05,1
3GT,TAM21,L21_P6_4014PRS.Alarm2,Z04C : 4014PRS Sensor fail to be on,UNCLASSIFIED,60,3,5,5,36,7.2,0,98.58,1
FLEX,TAM25,[00G3_K502]Program:EM1064_Sleeve_Forming.ALMD_B502PS_OffFail,EM1064 B502PS OFF Fail,ROOT_CAUSE_CANDIDATE,478,3,0.628,5,36,7.2,0,147.79,1.6
3GT,TAM17,P3_NOT_EMPTY1,Z6  : 607PHS Array remaining in tray slot,UNCLASSIFIED,75,4,5.333,4,36,9,100,148.38,2
3GT,TAM21,L21_P1_0300SRV.Fail_to_Move,P1_0300SRV Fail to Move,UNCLASSIFIED,30,4,13.333,4,36,9,0,84,1
3GT,TAM21,L21_P3_Z05B_Alarm.HMI_ManSel_Tween,Z05B : HMI Manual Selected at Tween Dose,UNCLASSIFIED,1,1,100,4,36,9,25,93.94,1.25
FLEX,TAM25,[04G3_K022]Program:UN04_Standard.ALMD_04G6_B021GLS,Z04 GUARD DOOR OPEN (=04G6_B021GLS),DOOR_OR_GUARD|OPERATOR_INITIATED_FLEX|STOP_ALARM_CANDIDATE,15,2,13.333,4,36,9,25,2.15,3
3GT,TAM09,P2_514ID_NOREAD,Z5B : 514IDR no read,ROOT_CAUSE_CANDIDATE,118,3,2.542,3,36,12,100,174,2
3GT,TAM21,L21_P1_0401SRV.Driver_Fault,P1_0401SRV Driver Axis Fault,UNCLASSIFIED,25,2,8,3,36,12,0,40.71,1
3GT,TAM21,L21_P3_Z05C_Warning.Foil_Up_Lim_Infoil_Reserv,Z05C : Foil upper limit in foil reservoir (535PHS-3),WARNING,18,2,11.111,3,36,12,33.33,53.79,1.33
3GT,TAM21,L21_P1_Z02B_Alarm.Remove_Loc105,Z02B : Pallet remove Location[105],UNCLASSIFIED,21,1,4.762,3,36,12,33.33,115.61,1.33
FLEX,TAM28,[00G3_K002]Program:EM0200_RawMaterialTracking.ALMD_LotChange_Monomer_AL,Timeout occured entering RMT Info for MONOMER,LONG_DURATION,14,1,7.143,3,36,12,0,63.46,1
3GT,TAM01,P1_NO_300FLOW,Z3  : No supply COOLING WATER for IR Head,LONG_DURATION,2,1,50,2,36,18,100,56.14,2
3GT,TAM17,P0_DE_STIK_FAIL,"Z2B : 211,212PHS Curve sticking (Deposition head)",LONG_DURATION,17,1,5.882,2,36,18,0,-31.86,1
3GT,TAM18,P0_243CL_ERR_2,Z2B : 243CL Fail to RETRACT (Plt to preheat),UNCLASSIFIED,30,1,3.333,2,36,18,0,69.67,1
3GT,TAM01,P2_588CL_ERR_2,Z5B : 588CL-1 Fail To retract(good/bad),UNCLASSIFIED,41,1,2.439,1,36,36,0,10.71,1
3GT,TAM06,P1_405CL_ERR_2,Z4  : 405CL Fail to RETRACT (Plt xfer1UD@Jnc),LONG_DURATION,1,1,100,1,36,36,100,55.07,2
3GT,TAM06,P0_231CL_ERR_1,Z2B : 231CL Fail to EXTEND  (Prec xfer),UNCLASSIFIED,1,1,100,1,36,36,100,81.49,2
3GT,TAM10,P0_RMM_Low_Level,Z2B : Monomer Low Level,UNCLASSIFIED,22,1,4.545,1,36,36,0,117.16,1
3GT,TAM18,P3_15MAG_FAIL,Z6  :  15M MC feedback error (602SRV),UNCLASSIFIED,9,1,11.111,1,36,36,100,80.49,2
3GT,TAM20,P3_611CL_ERR_1,Z6  : 611CL Fail to extend (Tray lifter),UNCLASSIFIED,9,1,11.111,1,36,36,100,96.29,2
3GT,TAM23,L23_P4_0853CL.stat.Fte,P4_0853CL Fail to Extend,UNCLASSIFIED,6,1,16.667,1,36,36,0,6.58,1
FLEX,TAM24,[00G3_K022]Program:EM05G4_Operator_Interface.ALMD_Z06StopPB_Actuated,EM05G4 Zone06 Zone Stop PB Actuated,STOP_ALARM_CANDIDATE|CASCADE_SYMPTOM_CANDIDATE|LONG_DURATION,111,1,0.901,1,36,36,100,-59.11,2
FLEX,TAM30,[00G3_K502]Program:EM1064_Sleeve_Forming.ALMD_B503PS_OffFail,EM1064 B503PS OFF Fail,ROOT_CAUSE_CANDIDATE,556,1,0.18,1,36,36,0,-53.85,1
3GT,TAM01,P2_512PHS_OF_ER,Z5B : 512PHS still ON,UNCLASSIFIED,88,3,3.409,4,35,8.75,0,104.63,1
3GT,TAM06,P2_519SRV_ERR_3,Z5B : 519SRV Parameter error(ALI),UNCLASSIFIED,5,2,40,4,35,8.75,50,32.45,1.5
3GT,TAM22,L22_P4_Z08_Alarm.Flap_open_NG,Z08 : 860PHS or 869PHS 3 Consecutive carton flap open NG,UNCLASSIFIED,35,1,2.857,4,35,8.75,0,212.37,1
3GT,TAM02,P2_ALI3_NOT_RDY,Z5B: ALI System not ready,STOP_ALARM_CANDIDATE,45,1,2.222,3,35,11.67,0,181.24,2
3GT,TAM02,P1_4081CL_ERR_1,Z4  : 408CL-1 Fail to EXTEND (Plt xfr2-1@Jnc),UNCLASSIFIED,13,3,23.077,3,35,11.67,100,164.98,2
3GT,TAM10,P6_HSC2FAIL_RST,Z4B : High speed counter #2 (4000FM) Fail to be Reset,UNCLASSIFIED,2,1,50,3,35,11.67,33.33,7.31,1.33
3GT,TAM17,P7_LOC_MISMATCH,"Z5B : Jam at walking beam (542,543phs)",STOP_ALARM_CANDIDATE,88,2,2.273,3,35,11.67,0,-4.02,2
FLEX,TAM26,[00G3_K002]Program:EM0200_deviceWISE.ALMD_DeviceWiseEchoMisMatchError,PLC to DeviceWise : DeviceWise Message Transaction EchoMismatch Error.,UNCLASSIFIED,16,2,12.5,3,35,11.67,0,-9.02,1
FLEX,TAM30,[00G3_K042]Program:UN02_Standard.ALMD_02G6_B022GLS,Z02 Under Guard Door Open =02G6_B021GLS,DOOR_OR_GUARD|OPERATOR_INITIATED_FLEX|STOP_ALARM_CANDIDATE,10,2,20,3,35,11.67,0,148.85,2.33
FLEX,TAM31,[00G3_K502]Program:EM1051_Carton_Xfer_WeightChecker.ALMD_ConsFlapOpenDetectRear,Consecutive Flap Open detect rear side,ROOT_CAUSE_CANDIDATE,166,1,0.602,3,35,11.67,0,249.62,1
3GT,TAM09,P1_307PRS_FAIL,Z3  : 307PRS Sensor fail,UNCLASSIFIED,6,1,16.667,2,35,17.5,100,38.75,2
3GT,TAM10,P6_4093SV_ERR_1,Z4B : 4102SV Fail to Open,UNCLASSIFIED,16,2,12.5,2,35,17.5,0,13.06,1
3GT,TAM17,P1_31PS_ERROR_Z4,Z3-4: 31PS Air pressure low,LONG_DURATION,51,2,3.922,2,35,17.5,100,-20.52,2
3GT,TAM18,P3_ZSTOP_AJ_Z07_1,Z6  : Zone stop caused by adjacent zone7,STOP_ALARM_CANDIDATE|LONG_DURATION,38,2,5.263,2,35,17.5,100,240.71,3
3GT,TAM01,P0_21PS_ERROR,Z2  : 21PS Air pressure Low,UNCLASSIFIED,35,1,2.857,1,35,35,100,54.41,2
3GT,TAM02,P3_861PHS_MISS,Z8  : 861PHS Array missing (Check jam or sensor),STOP_ALARM_CANDIDATE,37,1,2.703,1,35,35,0,-15.16,2
3GT,TAM05,P8_1019CL_ERR_1,Z10 : 1019CL Fail to extend (Tray pusher),UNCLASSIFIED,95,1,1.053,1,35,35,0,45.65,1
3GT,TAM07,P7_548CL_ERR_1,Z5B : 548CL Fail to extend  (Flip station),UNCLASSIFIED,16,1,6.25,1,35,35,100,74.26,2
3GT,TAM10,P7_510VAC_ERR,Z5B : 510VAC array xfer vacuum fault,UNCLASSIFIED,86,1,1.163,1,35,35,0,240.85,1
3GT,TAM10,P8_CW_NOT_RUN,Z10 : Check weigher is not running,STOP_ALARM_CANDIDATE,52,1,1.923,1,35,35,0,-8.44,2
3GT,TAM10,P0_PULL_CORD_Z2,PLC0: Emergency stop pull cord pulled,STOP_ALARM_CANDIDATE,3,1,33.333,1,35,35,100,12.69,3
3GT,TAM10,P0_MonomerLo,Z2B : Monomer Level Low,UNCLASSIFIED,22,1,4.545,1,35,35,100,-6.26,2
3GT,TAM10,P6_DI_H_TANK_LL,DI heater tank low low level(Cypress),LONG_DURATION,48,1,2.083,1,35,35,100,-30.09,2
3GT,TAM18,P2_544PRS_OF_ER,Z5B : 544PRS still ON,UNCLASSIFIED,30,1,3.333,1,35,35,0,248.39,1
3GT,TAM22,L22_P3_Z05A_Warning.RBT_0504VAC_ERR,Z05A : 504VAC error,WARNING|CASCADE_SYMPTOM_CANDIDATE,208,1,0.481,1,35,35,100,115.7,2
3GT,TAM23,L23_P4_1005PHS.Alarm2,Z10 : 1005PHS Unknown carton (Remove carton),UNCLASSIFIED,31,1,3.226,1,35,35,0,118.19,1
3GT,TAM23,L23_P4_0866PHS.Alarm1,Z08 : 866PHS Carton missing (Check jam or sensor),STOP_ALARM_CANDIDATE,6,1,16.667,1,35,35,0,234.07,2
FLEX,TAM26,[04G3_K022]Program:UN04_Standard.ALMD_04G6_B019GLS,Z04 GUARD DOOR OPEN (=04G6_B019GLS),DOOR_OR_GUARD|OPERATOR_INITIATED_FLEX|STOP_ALARM_CANDIDATE|LONG_DURATION,12,1,8.333,1,35,35,100,64.54,3
FLEX,TAM29,[00G3_K003]Program:EM03G4_Operator_Interface.ALMD_S001PBL_Actuated,EM03G4 S001PBL ZONE STOP #1,STOP_ALARM_CANDIDATE|CASCADE_SYMPTOM_CANDIDATE,465,1,0.215,1,35,35,0,-28.81,2
FLEX,TAM29,[00G3_K042]Program:UN02_Standard.ALMD_02G6_B025GLS,Z02 Under Guard Door Open =02G6_B025GLS,DOOR_OR_GUARD|OPERATOR_INITIATED_FLEX|STOP_ALARM_CANDIDATE|LONG_DURATION,1,1,100,1,35,35,0,61.08,3
3GT,TAM01,P2_506CL_ERR_2,Z5B : 506CL Fail to Retract (Pre-Dose),LONG_DURATION,20,1,5,5,34,6.8,20,101.41,1.2
3GT,TAM05,P2_PP_Sample_Flag,Z5A: PP Sample Requested,UNCLASSIFIED,34,2,5.882,5,34,6.8,0,151.58,1
3GT,TAM01,P3_814PHS_UKNOW,Z8  : 814PHS Tray jam or sensor fail (Remain),STOP_ALARM_CANDIDATE,21,3,14.286,4,34,8.5,0,17.69,2
3GT,TAM10,P2_554PRS8_ON_ER,Z5B : 554PRS-8 Puck not detect,UNCLASSIFIED,25,2,8,4,34,8.5,25,60.53,1.25
3GT,TAM18,P3_1004PHS_MISS,Z10 : 1004PHS Carton missing (Check jam or sensor),STOP_ALARM_CANDIDATE,19,1,5.263,4,34,8.5,0,88.84,2
3GT,TAM22,L22_P4_0807PHS_05.Alarm1,Z08 : 807PHS-5 Array missing (Check jam or sensor),STOP_ALARM_CANDIDATE,19,2,10.526,4,34,8.5,0,158.29,2
FLEX,TAM28,[04G3_K022]Program:UN04_Standard.ALMD_04G6_B023GLS,Z04 BOTTOM GUARD DOOR OPEN (=04G6_B023GLS),DOOR_OR_GUARD|OPERATOR_INITIATED_FLEX|STOP_ALARM_CANDIDATE|LONG_DURATION,6,1,16.667,4,34,8.5,25,5.92,3
3GT,TAM02,P0_O2_LEVEL_ERR,Z2B : Zone02B O2 Level reached alarm level,UNCLASSIFIED,16,2,12.5,3,34,11.33,33.33,45.95,1.33
3GT,TAM05,P0_SHINGLE_ERR,Z2B : 210PHS Shingling pallet (Assembly),UNCLASSIFIED,35,3,8.571,3,34,11.33,0,87.38,1
3GT,TAM10,P0_21PS_ERROR,Z2  : 21PS Air pressure Low,CASCADE_SYMPTOM_CANDIDATE,345,1,0.29,3,34,11.33,0,67.1,1
3GT,TAM18,P1_305PRS_FAIL,Z3  : 305PRS Sensor fail,UNCLASSIFIED,12,1,8.333,3,34,11.33,0,138.89,1
3GT,TAM22,L22_P1_0254CL.stat.Fte,P1_0254CL Fail to Extend   !! Still pressurised with Perfect Block !!,UNCLASSIFIED,46,1,2.174,3,34,11.33,0,19.11,1
FLEX,TAM28,[04G3_K022]Program:UN04_Standard.ALMD_04G6_B021GLS,Z04 GUARD DOOR OPEN (=04G6_B021GLS),DOOR_OR_GUARD|OPERATOR_INITIATED_FLEX|STOP_ALARM_CANDIDATE|LONG_DURATION,15,2,13.333,3,34,11.33,33.33,3.68,3
FLEX,TAM30,[00G3_K042]Program:UN10_Standard.ALMD_10G6_B515GLS,Z10 Guard Door Open =10G6_B515GLS,DOOR_OR_GUARD|OPERATOR_INITIATED_FLEX|STOP_ALARM_CANDIDATE,11,1,9.091,3,34,11.33,0,48.26,3
3GT,TAM05,P0_237CL_ERR_1,Z2B : 237CL Fail to EXTEND  (Plt push@cure),LONG_DURATION,1,1,100,2,34,17,50,90.1,1.5
3GT,TAM06,P1_NO_300FLOW,Z3  : No supply COOLING WATER for IR Head,LONG_DURATION,2,1,50,2,34,17,100,54.36,2
3GT,TAM07,P3_850BCR_MMATH,Z8  : 850BCR 3 consecutive carton ID mismatch fail,UNCLASSIFIED,19,2,10.526,2,34,17,0,18.07,1
3GT,TAM07,P2_CMM_512ID,Z5B : Consecutive 512IDR mismatch,UNCLASSIFIED,19,1,5.263,2,34,17,50,111.03,1.5
3GT,TAM09,P3_607CL_ERR_2,Z6  : 607CL Fail to retract(Array pusher),UNCLASSIFIED,21,2,9.524,2,34,17,100,68.86,2
3GT,TAM17,P1_300SRV_ERR_6,Z3  : 300SRV Lead error     (Demold),LONG_DURATION,3,1,33.333,2,34,17,100,57.24,2
3GT,TAM22,L22_P1_Z02A_Alarm.RBT_GeneralError,Z02A : Mitsubishi robot error (Check Robot controller),CASCADE_SYMPTOM_CANDIDATE,187,2,1.07,2,34,17,100,4.57,2
3GT,TAM22,L22_P1_0452PRS.Alarm2,Z04A : 452PRS Sensor fail to be on,UNCLASSIFIED,15,1,6.667,2,34,17,0,102.89,1
FLEX,TAM24,[04G3_K002]Program:EM0410_SendCV.ALMD_B006PRS_OffFail,EM0410 B006PRS Send C/V Stage presence off fail,UNCLASSIFIED,3,1,33.333,2,34,17,0,10.93,1
FLEX,TAM24,[00G3_K022]Program:EM0901_PP_IMM_Xfer.ALMD_RBT1_Error,EM0901 PP Carry Over Robot Error: Error,ROOT_CAUSE_CANDIDATE|LONG_DURATION,193,1,0.518,2,34,17,0,201.57,1
FLEX,TAM30,[04G3_K022]Program:UN04_Standard.ALMD_0422_T003BA_01_02,"Z04 TOWER1 DRAIN HIGH-HIGH OPENS LEVEL (=0422_B015LS,B016LS) ALM Lv1",UNCLASSIFIED,18,2,11.111,2,34,17,100,35.64,2
FLEX,TAM25,[00G3_K002]Program:EM0336_Return_Buffer_Inlet.ALMD_T001SVP_Driver_Fault,EM0336 T001SVP Pallet Return Pusher Driver fault,STOP_ALARM_CANDIDATE|ROOT_CAUSE_CANDIDATE,38,2,5.263,5,33,6.6,0,35.62,3
3GT,TAM02,P6_4020CL_ERR_1,Z4B : 4020CL Fail to Extend,LONG_DURATION,24,4,16.667,4,33,8.25,100,98.15,2
3GT,TAM05,P2_517SRV_ERR_7,Z5B : 517SRV Lag error      (Lens xfer),UNCLASSIFIED,27,2,7.407,4,33,8.25,25,40.93,1.25
3GT,TAM06,P3_HOPPER_EMPTY,Z8  : 854PRS Carton hopper is empty,UNCLASSIFIED,267,4,1.498,4,33,8.25,0,24.15,1
3GT,TAM07,P3_Dom_not_rdy,Z8: Laser Not Ready,STOP_ALARM_CANDIDATE|CASCADE_SYMPTOM_CANDIDATE,247,2,0.81,4,33,8.25,0,96.26,1.75
3GT,TAM10,P8_1017PHS_MISS,Z10 : 1017PHS Empty-tray jam/sensor fail (Missing),STOP_ALARM_CANDIDATE,33,2,6.061,4,33,8.25,0,192.93,2
FLEX,TAM29,[00G3_K002]Program:EM0200_RawMaterialTracking.ALMD_LotChange_Monomer_Changed_AL,Timeout occurred entering RMT Info for MONOMER,LONG_DURATION,2,1,50,4,33,8.25,0,87.95,1
3GT,TAM01,P7_IMM_COM_TOUT,Z5A : Communication time out with PP IMM,STOP_ALARM_CANDIDATE|LONG_DURATION,2,1,50,3,33,11,0,8.57,2
3GT,TAM06,P1_301CL_ERR_2,Z3  : 301CL Fail to RETRACT (Top finger R),ROOT_CAUSE_CANDIDATE,53,2,3.774,3,33,11,0,67.62,2
3GT,TAM10,P3_CMS_NOT_RDY,Z8  : Laser marker is not ready,STOP_ALARM_CANDIDATE|CASCADE_SYMPTOM_CANDIDATE,277,2,0.722,3,33,11,0,91.12,1.67
3GT,TAM18,P3_605PRS_3_FAIL,Z6  : 605PRS-3 Sensor fail (Still off),UNCLASSIFIED,30,3,10,3,33,11,66.67,82.55,1.67
3GT,TAM20,P2_CHUCK_ERR,Z5B : Foil chuck error,ROOT_CAUSE_CANDIDATE,64,3,4.688,3,33,11,66.67,43.02,2.67
FLEX,TAM29,[00G3_K042]Program:UN05_Standard.ALMD_05G6_B008GLS,Z05 Under Guard Door Open =05G6_B008GLS,DOOR_OR_GUARD|OPERATOR_INITIATED_FLEX|STOP_ALARM_CANDIDATE|CASCADE_SYMPTOM_CANDIDATE,150,3,2,3,33,11,66.67,4.53,2.67
3GT,TAM02,P2_BLOW_PRES_ERR,Z5B : DI removal blow pressure out of range,LONG_DURATION,50,2,4,2,33,16.5,100,-13.75,2
3GT,TAM06,P6_4004SRV_ERR_5,Z4B : 4004SRV Over drive,UNCLASSIFIED,24,1,4.167,2,33,16.5,0,53.14,1
3GT,TAM17,P1_4292CL_ERR_2,Z4  : 429CL-2 Fail to RETRACT(Esc line Exit),UNCLASSIFIED,2,2,100,2,33,16.5,100,71.99,2
3GT,TAM21,L21_P3_Z05B_Warning.Edg_NotFound_Cmr2,Z05B : Camera-2 Edge Not Found,WARNING|CASCADE_SYMPTOM_CANDIDATE,202,2,0.99,2,33,16.5,100,39.11,2
FLEX,TAM24,[04G3_K022]Program:UN04_Standard.ALMD_04G6_B021GLS,Z04 GUARD DOOR OPEN (=04G6_B021GLS),DOOR_OR_GUARD|OPERATOR_INITIATED_FLEX|STOP_ALARM_CANDIDATE|LONG_DURATION,4,1,25,1,33,33,0,12.9,3
FLEX,TAM25,[00G3_K502]Program:EM08G4_Operator_Interface.ALMD_S501PBL_Actuated,EM08G4 S501PBL ZONE STOP PB1,STOP_ALARM_CANDIDATE|ROOT_CAUSE_CANDIDATE,86,1,1.163,1,33,33,0,127.21,2
FLEX,TAM27,[00G3_K502]Program:EM1000_Zone.ALMD_IncompleteCycleStop,EM1000 Cycle stop is not completed,STOP_ALARM_CANDIDATE|CASCADE_SYMPTOM_CANDIDATE,187,1,0.535,1,33,33,0,55.23,2
3GT,TAM07,P2_514LS_OPENED,Z5B : Foil transfer unit opened,LONG_DURATION,43,3,6.977,4,32,8,0,-0.73,1
FLEX,TAM30,[00G3_K022]Program:EM0514_DI_Removal_Inlet.ALMD_ALI_System_Not_Ready,EM0514 ALI system Not Ready,STOP_ALARM_CANDIDATE,13,1,7.692,4,32,8,0,63.4,2
FLEX,TAM30,[00G3_K002]Program:EM02G4_Operator_Interface.ALMD_S002PBL_Actuated,EM02G4 S002PBL ZONE STOP #2,STOP_ALARM_CANDIDATE|LONG_DURATION,23,1,4.348,4,32,8,0,88.16,2
3GT,TAM07,P3_607CL_ERR_2,Z6  : 607CL Fail to retract(Array pusher),UNCLASSIFIED,21,1,4.762,3,32,10.67,33.33,146.12,1.33
3GT,TAM20,P3_Cam3_Vis_Com_TOUT,Z8: Camera #3- Communication time out failure,STOP_ALARM_CANDIDATE|CASCADE_SYMPTOM_CANDIDATE,107,2,1.869,3,32,10.67,0,71.03,2
FLEX,TAM30,[04G3_K022]Program:UN04_Standard.ALMD_04G6_B024GLS,Z04 CONVEYOR GUARD DOOR OPEN (=04G6_B024GLS),DOOR_OR_GUARD|OPERATOR_INITIATED_FLEX|STOP_ALARM_CANDIDATE,3,2,66.667,3,32,10.67,100,154.23,3
3GT,TAM06,P2_54PS_ERROR,Z5AB: 54PS Air pressure low,CASCADE_SYMPTOM_CANDIDATE,1928,2,0.104,2,32,16,100,50.22,1.5
3GT,TAM22,L22_P4_Z08_Alarm.Carton_Conv_Low,Z08 : Carton Low detect at Carton Conveyor (811MTR),CASCADE_SYMPTOM_CANDIDATE,545,2,0.367,2,32,16,0,4.54,1
FLEX,TAM26,[00G3_K002]Program:EM0312_Demold.ALMD_00G7_M003SV_Not_Ready,EM0312 Z02/Z03 SV Not Ready (EM00G7-M003SV),STOP_ALARM_CANDIDATE|CASCADE_SYMPTOM_CANDIDATE,1064,2,0.188,2,32,16,100,97.94,2.5
FLEX,TAM29,[04G3_K022]Program:UN04_Standard.ALMD_04G6_M001SV,Z04 IPA SUPPLY VALVE =04G6_M001SV CLOSED (FOR SOLUTION),LONG_DURATION,18,2,11.111,2,32,16,100,37.91,2
FLEX,TAM31,[00G3_K042]Program:UN02_Standard.ALMD_02G6_B004GLS,Z02 Guard Door Open =02G6_B004GLS,DOOR_OR_GUARD|OPERATOR_INITIATED_FLEX|STOP_ALARM_CANDIDATE|LONG_DURATION,4,1,25,2,32,16,0,243.19,2
3GT,TAM06,P1_400SRV_ERR_5,Z4  : 400SRV Over drive     (Hyd buf load),UNCLASSIFIED,8,1,12.5,1,32,32,100,86.97,2
3GT,TAM21,L21_P1_0409CL.stat.Fte,P1_0409CL Fail to Extend   !! Still pressurised with Perfect Block !!,UNCLASSIFIED,11,1,9.091,1,32,32,0,-17.39,1
FLEX,TAM25,[04G3_K022]Program:UN04_Standard.ALMD_0422_T003BA_01_02,"Z04 TOWER1 DRAIN HIGH-HIGH OPENS LEVEL (=0422_B015LS,B016LS) ALM Lv1",UNCLASSIFIED,6,1,16.667,1,32,32,100,2.87,2
3GT,TAM21,L21_P1_0272PRS.Alarm1,Z02B : 272PRS Sensor fail to be on(Cure Inlet),UNCLASSIFIED,20,2,10,4,31,7.75,25,44.76,1.25
FLEX,TAM30,[00G3_K022]Program:EM0558_Foil_Reel.ALMD_05G6_B009GLS_Opened,EM0558 05G6 B009GLS Door Opened,DOOR_OR_GUARD|OPERATOR_INITIATED_FLEX|STOP_ALARM_CANDIDATE|CASCADE_SYMPTOM_CANDIDATE,208,1,0.481,4,31,7.75,0,102.28,2
FLEX,TAM30,[00G3_K042]Program:UN10_Standard.ALMD_10G6_B504GLS,Z10 Guard Door Open =10G6_B504GLS,DOOR_OR_GUARD|OPERATOR_INITIATED_FLEX|STOP_ALARM_CANDIDATE|CASCADE_SYMPTOM_CANDIDATE,237,1,0.422,4,31,7.75,0,166.3,2
FLEX,TAM31,[00G3_K042]Program:UN01_Standard.ALMD_01G6_B002GLS,Z01 Guard Door Open  =01G6+MA-B002GLS,DOOR_OR_GUARD|OPERATOR_INITIATED_FLEX|STOP_ALARM_CANDIDATE|LONG_DURATION,1,1,100,4,31,7.75,0,138.66,2.5
3GT,TAM02,P3_CTN_JAM_HOPR,Z8  : 861PRS Carton jam underneath the hopper,STOP_ALARM_CANDIDATE,10,2,20,3,31,10.33,0,55.61,2
3GT,TAM06,P7_CMS_COM_TOUT,Z5B : Communication Time Out With Laser Marker,STOP_ALARM_CANDIDATE,42,2,4.762,3,31,10.33,0,52.77,2
3GT,TAM06,P2_534CL_ERR_1,Z5B : 534CL Fail to extend  (Rjct C/V #1 out),ROOT_CAUSE_CANDIDATE,54,3,5.556,3,31,10.33,33.33,-7.87,2.33
3GT,TAM21,L21_P1_0400PRS.Alarm2,Z04A : 400PRS Sensor fail to be on,UNCLASSIFIED,34,3,8.824,3,31,10.33,0,58.77,1
3GT,TAM21,L21_P6_Z04C_Alarm.CnsRedoseFault2,Z04C : Tower2 consecutive redose fault,CASCADE_SYMPTOM_CANDIDATE,211,2,0.948,3,31,10.33,33.33,-14.02,1.33
3GT,TAM21,L21_P4_0803SRV.Over_Travel_Pos,P4_0803SRV Positive Over Travel,UNCLASSIFIED,8,1,12.5,3,31,10.33,0,291.12,1
3GT,TAM22,L22_P4_PSS02_1099SV.Alarm,Zone10 Shut down Valve Feedback Error(1099SV),UNCLASSIFIED,1,1,100,3,31,10.33,0,196.7,1
3GT,TAM23,L23_P4_0613CL.stat.Fte,P4_0613CL Fail to Extend   !! Still pressurised with Perfect Block !!,UNCLASSIFIED,3,2,66.667,3,31,10.33,0,38.15,1
FLEX,TAM26,[04G3_K002]Program:EM0485_ReturnCV.ALMD_CV_Guard_Opened,EM0485 Return C/V Guard opened,DOOR_OR_GUARD|OPERATOR_INITIATED_FLEX|STOP_ALARM_CANDIDATE,13,3,23.077,3,31,10.33,0,37.81,3
FLEX,TAM30,[09G3_K002]Program:EM0921_PP_Xfer_Robot.ALMD_K001CTL_Guard_Open,EM0921 PP Robot Error: Safety Guard Open,DOOR_OR_GUARD|OPERATOR_INITIATED_FLEX|STOP_ALARM_CANDIDATE,46,2,4.348,3,31,10.33,0,24.15,3
3GT,TAM02,P6_4010PRSFAIL1,Z4B : 4010PRS fail to be ON,UNCLASSIFIED,17,2,11.765,2,31,15.5,50,186.28,1.5
3GT,TAM10,P6_4011CL_ERR_2,Z4B : 4011CL Fail to Retract,LONG_DURATION,1,1,100,2,31,15.5,0,4.5,1
3GT,TAM21,L21_P6_Z04C_Warning.Tower2_Rewet_Off,Z04C : Tower#2 Rewet Bypass,WARNING,46,2,4.348,2,31,15.5,100,190.78,2
3GT,TAM22,L22_P3_0516CL.stat.Fte,P3_0516CL Fail to Extend,UNCLASSIFIED,40,2,5,2,31,15.5,0,136.24,1
3GT,TAM22,L22_P3_Z05A_Warning.RBT_0501VAC_ERR,Z05A : 501VAC error,WARNING,50,2,4,2,31,15.5,50,54.88,1.5
3GT,TAM23,L23_P4_Z08_Alarm.Alarm_0812MTR_fold_fail,Z08 : 0812MTR fold fail (check sensor 859PRS_02),UNCLASSIFIED,17,1,5.882,2,31,15.5,0,104.78,1
3GT,TAM01,P0_12IDC_FAULT_Z2,PLC0: IDC to 210 disconnect,LONG_DURATION,40,1,2.5,1,31,31,100,22.55,2
3GT,TAM01,P2_510HT_LO1,Z5B : 510HT-1  Low temperature at heat seal,LONG_DURATION,16,1,6.25,1,31,31,100,19.85,2
3GT,TAM05,P1_405PRS_FAIL,Z4  : 405PRS Sensor fail,UNCLASSIFIED,2,1,50,1,31,31,100,226.38,2
3GT,TAM07,P6_4010PRSFAIL1,Z4B : 4010PRS fail to be ON,LONG_DURATION,36,1,2.778,1,31,31,100,59.59,2
3GT,TAM20,P6_4009CL_ERR_1,Z4B : 4009CL Fail to Extend,LONG_DURATION,12,1,8.333,1,31,31,100,125.14,2
3GT,TAM21,L21_P1_0211SRV.PositionErrorFault,P1_0211SRV Position Error Fault,UNCLASSIFIED,14,1,7.143,1,31,31,0,108.12,1
3GT,TAM23,L23_P4_Z06_Alarm.HMI_Not_Response,PLC4 can not get new lot information from HMI,UNCLASSIFIED,5,1,20,1,31,31,0,138.69,1
3GT,TAM09,P8_1018PHS_MISS,Z10 : 1018PHS Empty-tray jam/sensor fail (Missing),STOP_ALARM_CANDIDATE,42,2,4.762,5,30,6,0,19.73,2
3GT,TAM01,P2_515PRS_ON_ER,Z5B : 515PRS Puck not detect,UNCLASSIFIED,29,2,6.897,4,30,7.5,0,38.66,1
3GT,TAM02,P1_423PRS_FAIL1,Z4  : 423PRS fail to be ON,UNCLASSIFIED,20,3,15,4,30,7.5,25,17.97,1.25
3GT,TAM05,P3_862PHS_MISS,Z8 : 862PHS Carton missing (Check jam or sensor),STOP_ALARM_CANDIDATE,37,2,5.405,4,30,7.5,0,125.93,2
3GT,TAM06,P0_200CL_ERR_2,Z2A : 200CL Fail to RETRACT (Robot hand),LONG_DURATION,36,2,5.556,4,30,7.5,25,59.6,1.25
3GT,TAM20,P3_1002BCR_MM,Z10 : 1002BCR Case ID mismatch failure,UNCLASSIFIED,56,3,5.357,4,30,7.5,0,59.53,1
3GT,TAM22,L22_P1_Z04A_Warning.HydBuf_FreshLens,Z04A : FC transfer bypass pallets and keep fresh lenses in hydration buffer,WARNING|CASCADE_SYMPTOM_CANDIDATE,553,4,0.723,4,30,7.5,75,-2.2,1.75
FLEX,TAM26,[00G3_K022]Program:EM0564_Foil_Feed_Die_Cut.ALMD_T001SVP_Driver_Fault,EM0564 T001SVP Foil Feed  #2 Driver fault,STOP_ALARM_CANDIDATE|ROOT_CAUSE_CANDIDATE,327,4,1.223,4,30,7.5,0,171.72,2
FLEX,TAM30,[00G3_K042]Program:UN01_Standard.ALMD_01G6_B009GLS_LCK,Z01 Sampling Guard Lock Solenoid Feedback =01G6_B009GLS,DOOR_OR_GUARD|GUARD_SYSTEM_FAULT,24,1,4.167,4,30,7.5,0,202.32,1
3GT,TAM02,P1_400SRV_ERR_5,Z4  : 400SRV Over drive     (Hyd buf load),UNCLASSIFIED,21,3,14.286,3,30,10,0,21.96,1
3GT,TAM07,P2_SalineSenseChk,Z5B : Check Saline Sensor,UNCLASSIFIED,24,2,8.333,3,30,10,0,64.76,1
3GT,TAM10,P1_SHINGLE_DET1,Z4  : FC shingle detect at 411PHS_1,ROOT_CAUSE_CANDIDATE,37,3,8.108,3,30,10,33.33,11.59,2.33
3GT,TAM20,P3_CHUCK_OVERLD1,Z6  : 605PRS Chuck overload (Make sure remove ack),ROOT_CAUSE_CANDIDATE,79,2,2.532,3,30,10,66.67,79.76,2.33
3GT,TAM20,P6_4020PRSFAIL1,Z4B : 4020PRS fail to be ON,UNCLASSIFIED,7,2,28.571,3,30,10,33.33,75.25,1.33
FLEX,TAM25,[00G3_K002]Program:EM0360_LensTransfer_to_FC_Detection.ALMD_T001SVP_FailToMove,EM0360 T001SVP Lens Transfer to FC Detect Station Fail to move,ROOT_CAUSE_CANDIDATE,153,2,1.307,3,30,10,0,202.84,1.33
FLEX,TAM28,[00G3_K022]Program:EM0516_DI_Removal.ALMD_Stick_DI_Removal,EM0516 DI Removal sticking alarm (B001PHS/B002PHS),ROOT_CAUSE_CANDIDATE,197,2,1.015,3,30,10,0,82.28,2
FLEX,TAM30,[00G3_K502]Program:EM1023_Carton_Laser.ALMD_FumeExtractorAlarm,Fume Extractor Alarm,ROOT_CAUSE_CANDIDATE,45,2,4.444,3,30,10,0,85.09,1.67
FLEX,TAM31,[00G3_K003]Program:EM0300_Zone_A.ALMD_IncompleteCycleStop,EM0300 Z03A Incomplete cycle stop,STOP_ALARM_CANDIDATE,37,2,5.405,3,30,10,33.33,44.58,2.33
3GT,TAM06,P6_4023PRSFAIL1,Z4B : 4023PRS fail to be ON,UNCLASSIFIED,27,2,7.407,2,30,15,50,23.38,1.5
3GT,TAM06,P2_580CL_ERR_1,Z5B : 580CL Fail To extend  (ALI inlet),UNCLASSIFIED,41,1,2.439,2,30,15,0,65.13,1
3GT,TAM17,P0_PULL_CORD_Z2,PLC0: Emergency stop pull cord pulled,STOP_ALARM_CANDIDATE|LONG_DURATION,20,2,10,2,30,15,100,179.44,3
3GT,TAM17,P6_SEND_GRD_OPN,Z4B : Send conveyor guard cover opened,DOOR_OR_GUARD|POSSIBLE_OPERATOR_ACCESS_LEGACY|STOP_ALARM_CANDIDATE|LONG_DURATION,21,1,4.762,2,30,15,0,155.79,2.5
3GT,TAM18,P0_212SRV_ERR_6,Z2B : 212SRV Lead error     (Monomer dosing),UNCLASSIFIED,63,1,1.587,2,30,15,50,-23.33,1.5
3GT,TAM20,P1_401SRV_ERR_5,Z4  : 401SRV Over drive     (Hyd buf outlet),UNCLASSIFIED,3,2,66.667,2,30,15,50,133.55,1.5
3GT,TAM21,L21_P1_0218PHS.Alarm2,Z02B : 218PHS Sensor fail to be off,LONG_DURATION,6,2,33.333,2,30,15,50,70.8,1.5
3GT,TAM21,L21_P4_0851PRS.Alarm2,Z08 : 851PRS Array insert overload (Remove array),CASCADE_SYMPTOM_CANDIDATE,332,1,0.301,2,30,15,0,-26.05,1
3GT,TAM22,L22_P1_Z02A_Warning.BypassZoneDown,Z02A : IMM bypass due to Zone01/02A down,WARNING|CASCADE_SYMPTOM_CANDIDATE,1027,1,0.097,2,30,15,0,18.1,1
FLEX,TAM28,[00G3_K022]Program:EM0542_Foil_Transfer.ALMD_K001CTL_Error,EM0542 Foil Transfer Robot Error: Error,UNCLASSIFIED,97,2,2.062,2,30,15,0,61.95,1
FLEX,TAM28,[00G3_K002]Program:EM0352_Return_Buffer_Outlet.ALMD_T001SVP_Stop_Adjacent_Door_Open,EM0352 T001SVP Stopped (Adjacent Door Opened),DOOR_OR_GUARD|OPERATOR_INITIATED_FLEX|STOP_ALARM_CANDIDATE|LONG_DURATION,47,2,4.255,2,30,15,0,15.32,3
FLEX,TAM31,[04G3_K002]Program:EM0485_ReturnCV.ALMD_CV_Guard_Opened,EM0485 Return C/V Guard opened,DOOR_OR_GUARD|OPERATOR_INITIATED_FLEX|STOP_ALARM_CANDIDATE,10,1,10,2,30,15,0,56.71,3
3GT,TAM02,P3_862PHS_MISS,Z8  : 862PHS Carton missing (Check jam or sensor),STOP_ALARM_CANDIDATE|CASCADE_SYMPTOM_CANDIDATE,126,1,0.794,1,30,30,0,49.13,2
3GT,TAM06,P1_403CL_ERR_2,Z4  : 403CL Fail to RETRACT (FC xfer inlet),LONG_DURATION,19,1,5.263,1,30,30,100,103.75,2
3GT,TAM09,P0_Mon_Vac_Fail,Z2B: Monomer Vacuum Output Feedback Fail,UNCLASSIFIED,34,1,2.941,1,30,30,100,-14.86,2
3GT,TAM09,P0_236CL_ERR_2,Z2B : 236CL Fail to RETRACT (Shutter@cure),UNCLASSIFIED,11,1,9.091,1,30,30,100,4.38,2
3GT,TAM18,P1_400SRV_ERR_2,Z4  : 400SRV Driver error   (Hyd buf load),LONG_DURATION,15,1,6.667,1,30,30,0,-36.35,1
3GT,TAM21,L21_P6_RecyclePurge.HMI04,Recycle Tank Purge: Need Recycle Tank Purge.,UNCLASSIFIED,1,1,100,1,30,30,0,59.44,1
3GT,TAM23,L23_P4_0620PHS.Alarm1,Z06 : 620PHS Tray jam or sensor fail (Remain),STOP_ALARM_CANDIDATE,1,1,100,1,30,30,100,-8.21,3
3GT,TAM01,P2_556CL_ERR_1,Z5B : 556CL Fail to EXTEND,UNCLASSIFIED,25,1,4,4,29,7.25,0,14.75,1
3GT,TAM10,P6_4000SRV_ERR_8,Z4B : 4000SRV Over travel,UNCLASSIFIED,8,3,37.5,4,29,7.25,0,-6.36,1
3GT,TAM10,P7_CMD_FOIL_REJ,Z5B : Consecutive foil reject,UNCLASSIFIED,62,3,4.839,4,29,7.25,25,0.98,1.25
3GT,TAM01,P2_CM_528PRS_ERR,Z5B : Missing puck at rtrn buffer out (528PRS),UNCLASSIFIED,96,2,2.083,3,29,9.67,66.67,190.97,1.67
3GT,TAM07,P2_514ID_NOREAD,Z5B : 514IDR no read,UNCLASSIFIED,57,1,1.754,3,29,9.67,0,219.93,1
3GT,TAM17,P7_CMS_NOT_RDY,Z5B : CMS Laser is not ready alarm,STOP_ALARM_CANDIDATE,11,3,27.273,3,29,9.67,33.33,167.53,2.33
3GT,TAM22,L22_P3_Z05B_Alarm.Saline_HiHi,Z05B : Saline tank high high level (Check 525SV or 529SV),UNCLASSIFIED,90,3,3.333,3,29,9.67,33.33,36.76,1.33
3GT,TAM22,L22_P3_0533PHS.Alarm1,Not enough foil (->Check foil reel),UNCLASSIFIED,54,1,1.852,3,29,9.67,0,-18.16,1
3GT,TAM05,P3_852SRV_ERR_3,Z8 : 852SRV Parameter error (Carton elevator),UNCLASSIFIED,38,1,2.632,2,29,14.5,0,229.02,1
3GT,TAM18,P1_316CL_ERR_2,Z3  : 316CL Fail to RETRACT (Push to Hyd buf),UNCLASSIFIED,6,1,16.667,2,29,14.5,100,121.09,2
3GT,TAM21,L21_P1_Z02A_Alarm.IMM_SetupData_Fail,Z02A : FC/BC IMM set up data out of range,LONG_DURATION,13,2,15.385,2,29,14.5,0,-26.75,1
3GT,TAM21,L21_P1_Z02A_Alarm.RBT_Maintenance,Z02A : Mitsubishi robot maintenance mode active,UNCLASSIFIED,4,1,25,2,29,14.5,0,35.06,1
3GT,TAM22,L22_P1_PSS01_0203GLS_01.Alarm,Guard SW(Z02B) Feedback Error(0203GLS_01),DOOR_OR_GUARD|GUARD_SYSTEM_FAULT|LONG_DURATION,3,1,33.333,2,29,14.5,0,260.26,1
3GT,TAM23,L23_P4_0607PHS_01.Alarm2,Z06 : 607PHS-1 Unknown array detect (Remove array),UNCLASSIFIED,20,2,10,2,29,14.5,0,17.02,1
FLEX,TAM26,[00G3_K022]Program:EM0500_Zone_E.ALMD_IncompleteCycleStop,EM0500 Zone5E Incomplete cycle stop,STOP_ALARM_CANDIDATE,19,2,10.526,2,29,14.5,100,31.93,3
3GT,TAM01,P6_REDOSE_ALMT1,Z4B : Tower 1 IPA Processing Dose Alarm,LONG_DURATION,34,1,2.941,1,29,29,0,-27.6,1
3GT,TAM01,P2_563CL_ERR_1,Z5B : 563CL Fail to extend  (Foil short),LONG_DURATION,3,1,33.333,1,29,29,100,83.32,2
3GT,TAM17,P3_850VAC_1_ERR_1,Z8  : 850VAC-1 Fail to open (Carton forming),ROOT_CAUSE_CANDIDATE,119,1,0.84,1,29,29,0,-6.61,2
3GT,TAM17,P3_1002BCR_TO,Z10 : 1002BCR Communication time out failure,STOP_ALARM_CANDIDATE,16,1,6.25,1,29,29,0,24.46,2
3GT,TAM21,L21_P6_Z04C_Alarm.L1_Recycle_Tank_HiHi2,Z04C : Recycle tank level High High alarm 4010LS-2,UNCLASSIFIED,1,1,100,1,29,29,100,241.75,2
3GT,TAM22,L22_P6_Z04C_Alarm.4001Flow_Detected,Zone 4C: 4001FM Flow Detected,UNCLASSIFIED,7,1,14.286,1,29,29,0,-40.44,1
FLEX,TAM25,[00G3_K002]Program:EM0295_FC_Pallet_Infeed.ALMD_T001SVP_Driver_Fault,EM0295 T001SVP Accumulator Singulate Driver fault,STOP_ALARM_CANDIDATE|ROOT_CAUSE_CANDIDATE,53,1,1.887,1,29,29,0,60.16,3
FLEX,TAM28,[00G3_K022]Program:EM0516_DI_Removal.ALMD_B002PHS_OnFail,EM0516 DI Removal Sticking sensor (B002PHS) fail to be On (still off),CASCADE_SYMPTOM_CANDIDATE,183,1,0.546,1,29,29,0,265.09,1
3GT,TAM01,P0_203CL_ERR_1,Z2A : 203CL Fail to EXTEND  (BC Side),UNCLASSIFIED,41,3,7.317,4,28,7,75,70.11,1.75
3GT,TAM05,P2_ALI_HeartBeat,Z5B : No heart beat detected on ALI,UNCLASSIFIED,17,2,11.765,4,28,7,0,74.53,1
3GT,TAM17,P2_CHUCK_ERR,Z5B : Foil chuck error,ROOT_CAUSE_CANDIDATE,59,2,3.39,4,28,7,0,14.14,2
3GT,TAM20,P1_322CL_ERR_1,Z3  : 322CL Fail to EXTEND  (ALI out-Escape),UNCLASSIFIED,20,2,10,4,28,7,100,27.25,2
FLEX,TAM30,[00G3_K003]Program:EM0320_Hyd_Buffer_Inlet.ALMD_Cnsec_Hema_Detected,EM0320 Consecutive Hema Ring detected,UNCLASSIFIED,10,1,10,4,28,7,0,149.27,1
FLEX,TAM31,[04G3_K002]Program:EM0440_Tower2_Bottom.ALMD_M001CL_Faulted,EM0440 M001CL Tower #2 Stage lifter fault,ROOT_CAUSE_CANDIDATE,60,2,3.333,4,28,7,0,-8.77,2
3GT,TAM01,P1_313PRS_FAIL,Z3  : 313PRS Sensor fail,LONG_DURATION,37,2,5.405,3,28,9.33,100,18.65,2
3GT,TAM02,P1_421PRS_FAIL,Z4  : 421PRS Sensor fail,UNCLASSIFIED,12,2,16.667,3,28,9.33,66.67,46.91,1.67
3GT,TAM02,P0_200CL_ERR_2,Z2A : 200CL Fail to RETRACT (Robot hand),UNCLASSIFIED,26,2,7.692,3,28,9.33,33.33,56.56,1.33
3GT,TAM05,P7_513LS_OPEN,Z5B : 513LS Foil feed roller3 opened,LONG_DURATION,17,1,5.882,3,28,9.33,0,12.34,1
3GT,TAM07,P0_CRY_VAC_Fail,Z2A : Carry Over Vacuum Failed,UNCLASSIFIED,21,2,9.524,3,28,9.33,33.33,181.73,1.33
3GT,TAM17,P3_HOPPER_EMPTY,Z8  : 854PRS Carton hopper is empty,LONG_DURATION,176,3,1.705,3,28,9.33,0,188.2,1
FLEX,TAM25,[04G3_K002]Program:EM0472_Tower3_Extraction.ALMD_Ext_Flow_NotDetected,EM0472 Tower #3 Extraction flow not detect,UNCLASSIFIED,25,2,8,3,28,9.33,0,78.19,1
FLEX,TAM26,[00G3_K022]Program:EM0516_DI_Removal.ALMD_DI_Seal_Pres_Error,EM0516 DI Removal Seal Pressure Error,CASCADE_SYMPTOM_CANDIDATE,251,1,0.398,3,28,9.33,0,283.64,1
FLEX,TAM28,[00G3_K042]Program:UN02_Standard.ALMD_02G6_B004GLS,Z02 Guard Door Open =02G6_B004GLS,DOOR_OR_GUARD|OPERATOR_INITIATED_FLEX|STOP_ALARM_CANDIDATE|LONG_DURATION,25,1,4,3,28,9.33,0,169.46,2
FLEX,TAM28,[00G3_K002]Program:EM0380_Elevator.ALMD_T001SVP_FailToMove,EM0380 T001SVP   Elevator Fail to move,ROOT_CAUSE_CANDIDATE,204,2,0.98,3,28,9.33,0,227.74,1
3GT,TAM01,RMT_MONOMER_ERROR,Raw Material Tracking Error,LONG_DURATION,11,1,9.091,2,28,14,50,163.03,1.5
3GT,TAM01,P3_CHUCK_OVERLD1,Z6  : 605PRS Chuck overload (Make sure remove ack),UNCLASSIFIED,30,1,3.333,2,28,14,0,79.4,1
3GT,TAM02,P2_510CL_ERR_1,Z5AB: 510CL Fail to extend  (Predose inlet),UNCLASSIFIED,30,2,6.667,2,28,14,100,116.77,2
3GT,TAM07,P8_SLEEVE_EMPTY,Z10 : 1000PRS Sleeve hopper is empty,UNCLASSIFIED,119,2,1.681,2,28,14,0,114.03,1
3GT,TAM10,PLC2CommunicationDown,PLC2 communication is down,UNCLASSIFIED,3,1,33.333,2,28,14,0,172.17,1
3GT,TAM17,P1_CMD_TR,Z3  : CMD Top Right (303CL),ROOT_CAUSE_CANDIDATE,176,2,1.136,2,28,14,0,143.26,1.5
3GT,TAM18,P3_602PHS_MISS,Z6  : 602PHS Array missing (Check jam or sensor),STOP_ALARM_CANDIDATE,2,1,50,2,28,14,0,89.57,2
FLEX,TAM25,[00G3_K002]Program:EM0245_1st_Corner_Outlet.ALMD_T001SVP_Driver_Fault,EM0245 T001SVP FC Pallet Load Pusher Driver fault,STOP_ALARM_CANDIDATE,5,1,20,2,28,14,0,88.42,2
FLEX,TAM26,[00G3_K022]Program:EM0901_PP_IMM_Xfer.ALMD_IMM_Halt_req,EM0901 IMM to Z09A Halt Request Alarm,LONG_DURATION,19,1,5.263,2,28,14,0,2.19,1
FLEX,TAM29,[09G3_K002]Program:EM0903_Slider_A.ALMD_IMM_Door_A_Open,Z09 IMM Door A Open =09G6_B005GLS,DOOR_OR_GUARD|OPERATOR_INITIATED_FLEX|STOP_ALARM_CANDIDATE|CASCADE_SYMPTOM_CANDIDATE,282,1,0.355,2,28,14,0,98.41,2
3GT,TAM01,P7_534PRS_OF_ER,Z5B : 534PRS still ON,UNCLASSIFIED,6,1,16.667,1,28,28,0,42.21,1
3GT,TAM05,P2_525PRS_OF_ER,Z5B : 525PRS still ON,CASCADE_SYMPTOM_CANDIDATE,106,1,0.943,1,28,28,100,53.25,2
3GT,TAM10,P3_800SRV_ERR_7,Z8  : 800SRV Lag error (Tray unstack lifter),UNCLASSIFIED,4,1,25,1,28,28,0,25.98,1
3GT,TAM21,L21_P1_0404PRS.Alarm1,Z04A : 404PRS Sensor fail to be off,UNCLASSIFIED,17,1,5.882,1,28,28,100,99.77,2
3GT,TAM23,L23_P4_PSS02_0081SV.Alarm,Zone6/8 Adjacent Shut down Valve Feedback Error(0081SV),UNCLASSIFIED,6,1,16.667,1,28,28,100,23.43,2
FLEX,TAM25,[00G3_K042]Program:UN06_Standard.ALMD_06G6_B504GLS,Z06 Guard Door Open =06G4_B504GLS,DOOR_OR_GUARD|OPERATOR_INITIATED_FLEX|STOP_ALARM_CANDIDATE|LONG_DURATION,6,1,16.667,1,28,28,100,4.42,3
FLEX,TAM26,[00G3_K002]Program:EM0328_Hyd_Buffer_Outlet.ALMD_T001SVP_Driver_Fault,EM0328 T001SVP Hydration Buffer Exit Driver fault,STOP_ALARM_CANDIDATE,7,1,14.286,1,28,28,0,95.26,2
3GT,TAM09,P2_IMM_COM_TOUT,Z5A : Communication time out with PP IMM,STOP_ALARM_CANDIDATE|LONG_DURATION,28,4,14.286,4,27,6.75,0,39.28,2
3GT,TAM21,L21_P4_Z10_Alarm.label_not_ready,Z10 : Labeler is not ready,STOP_ALARM_CANDIDATE,25,1,4,4,27,6.75,0,101.55,2
3GT,TAM22,L22_P4_0801PHS.Alarm1,Z08 : 801PHS Array missing (Check jam or sensor),STOP_ALARM_CANDIDATE,7,1,14.286,4,27,6.75,0,132.47,2
FLEX,TAM31,[00G3_K042]Program:UN10_Standard.ALMD_10G6_B511GLS,Z10 Guard Door Open =10G6_B511GLS,DOOR_OR_GUARD|OPERATOR_INITIATED_FLEX|STOP_ALARM_CANDIDATE,69,3,4.348,4,27,6.75,0,171.16,2.25
3GT,TAM09,P3_851PRS_OVRLD,Z8  : 851PRS Array insert overload (Remove array),ROOT_CAUSE_CANDIDATE,151,2,1.325,3,27,9,0,6.73,2
3GT,TAM18,P2_512PHS_OF_ER,Z5B : 512PHS still ON,UNCLASSIFIED,29,1,3.448,3,27,9,0,61.83,1
3GT,TAM21,L21_P3_0549PHS.Alarm2,Z05B : 549PHS still ON,UNCLASSIFIED,9,1,11.111,3,27,9,0,67.85,1
3GT,TAM22,L22_P1_0272PRS.Alarm1,Z02B : 272PRS Sensor fail to be on(Cure Inlet),UNCLASSIFIED,72,1,1.389,3,27,9,0,11.58,1
FLEX,TAM24,[00G3_K022]Program:EM0510_Lens_Transfer.ALMD_M005CL_Faulted,EM0510 M005CL Lens Transfer Ceramic Head 4 Faulted,UNCLASSIFIED,11,1,9.091,3,27,9,0,204.17,1
3GT,TAM07,P0_20PS_ERROR,Z2A : 20PS Air pressure Low,CASCADE_SYMPTOM_CANDIDATE|LONG_DURATION,187,1,0.535,2,27,13.5,0,293.25,1
3GT,TAM10,P2_557CL_ERR_1,Z5B : 557CL Fail to EXTEND,UNCLASSIFIED,7,1,14.286,2,27,13.5,0,75.38,1
3GT,TAM18,P7_Foil_WebGuide_GlobalAlm_67,Z05C: PLC7_IO_SW1 - Major Alarm Relay Active,LONG_DURATION,26,1,3.846,2,27,13.5,0,-27.96,1
3GT,TAM20,P3_862PHS_MISS,Z8  : 862PHS Carton missing (Check jam or sensor),STOP_ALARM_CANDIDATE,11,2,18.182,2,27,13.5,0,130.77,2
3GT,TAM22,L22_P1_0255CL.stat.Fte,P1_0255CL Fail to Extend   !! Still pressurised with Perfect Block !!,UNCLASSIFIED,79,2,2.532,2,27,13.5,0,27.91,1
FLEX,TAM24,[00G3_K022]Program:EM0556_Array_Transfer.ALMD_Chuck_Overload3,EM0556 Array Jam detect (Chuck Overload) Check B003PRS,STOP_ALARM_CANDIDATE,25,1,4,2,27,13.5,0,210.25,2
FLEX,TAM29,[00G3_K042]Program:UN01_Standard.ALMD_01G6_B009GLS_LCK,Z01 Sampling Guard Lock Solenoid Feedback =01G6_B009GLS,DOOR_OR_GUARD|GUARD_SYSTEM_FAULT,3,1,33.333,2,27,13.5,0,-57.23,1
3GT,TAM01,P2_ALI_HeartBeat,Z5B: No heart beat detected on ALI,UNCLASSIFIED,51,1,1.961,1,27,27,0,0.75,1
3GT,TAM06,P7_LOC_MISMATCH,"Z5B : Jam at walking beam (542,543phs)",STOP_ALARM_CANDIDATE,17,1,5.882,1,27,27,0,8.1,2
3GT,TAM09,P2_Z5B_AIR_LOW,Z5B : Air pressure low,UNCLASSIFIED,50,1,2,1,27,27,0,19.92,1
3GT,TAM10,P8_1003BCR_MM,Z10: 1003BCR Mismatch,LONG_DURATION,67,1,1.493,1,27,27,0,40.12,1
3GT,TAM22,L22_P6_Z04C_Warning.TWR1_Temp_High,Z04C : Tower#1 DI/IPA temperature exceeds high limit,WARNING,18,1,5.556,1,27,27,100,63.54,2
FLEX,TAM25,[04G3_K002]Program:EM0421_Tower1_Top.ALMD_B004PRS_OffFail,EM0421 B004PRS Tower #1 Stage presence off fail,UNCLASSIFIED,3,1,33.333,1,27,27,0,-4.53,1
3GT,TAM18,NewScheduleFlag_SD,Z4B : HSC #6 Fail to be Reset from 4003FM Tower3,NUISANCE_CHATTER_CANDIDATE,258,4,1.55,4,26,6.5,75,159.16,1
3GT,TAM20,P1_415CL_ERR_1,Z4  : 415CL Fail to EXTEND  (Slider@Ret in),UNCLASSIFIED,23,2,8.696,4,26,6.5,50,161.17,1.5
3GT,TAM20,P3_851PRS_OVRLD,Z8  : 851PRS Array insert overload (Remove array),ROOT_CAUSE_CANDIDATE,51,2,3.922,4,26,6.5,0,89.29,1.75
FLEX,TAM29,[09G3_K002]Program:EM0901_IMM_A_Comm.ALMD_IMM_SetupData_Fail_Timeup,EM0901 IMM A data out of range_Timeup,LONG_DURATION,35,1,2.857,4,26,6.5,0,89.94,1
3GT,TAM01,P3_603PHS_MISS,Z6  : 603PHS Array missing (Check jam or sensor),STOP_ALARM_CANDIDATE,18,2,11.111,3,26,8.67,33.33,59.27,2.33
3GT,TAM05,P3_858CL_ERR_1,Z8 : 858CL Fail to extend (Array stopper),UNCLASSIFIED,43,2,4.651,3,26,8.67,0,-32.21,1
3GT,TAM05,P6_Z04B_4018CL_stat_Failed,Z04B : 4018CL Failed,UNCLASSIFIED,3,1,33.333,3,26,8.67,33.33,145.92,1.33
3GT,TAM20,P7_513LS_OPEN,Z5B : 513LS Foil feed roller3 opened,UNCLASSIFIED,75,2,2.667,3,26,8.67,33.33,29.59,1.33
3GT,TAM22,L22_P3_0550PRS.Alarm1,Z05B : 550PRS Puck not detect,UNCLASSIFIED,7,2,28.571,3,26,8.67,66.67,174.42,1.67
FLEX,TAM28,[04G3_K002]Program:EM0472_Tower3_Extraction.ALMD_Ext_Time_Long_ALM,EM0472 Tower #3 Extraction time too long (consecutive 3 Times),ROOT_CAUSE_CANDIDATE,120,2,1.667,3,26,8.67,0,44.21,1.67
3GT,TAM05,P6_Z04B_ALM_TWR2_CnsRedoseFault,Z04B : Tower2 consecutive redose fault,UNCLASSIFIED,5,1,20,2,26,13,50,28.8,1.5
3GT,TAM09,P2_523CL_ERR_1,Z5B : 523CL Fail to extend  (Saline inlet),UNCLASSIFIED,31,1,3.226,2,26,13,0,109.35,1
3GT,TAM10,P6_4001SRV_ERR_1,Z4B : 4001SRV Fail to move,UNCLASSIFIED,1,1,100,2,26,13,50,22.54,1.5
3GT,TAM17,P0_Zone02B_NoMove,Z2B : Zone02B not moving...,UNCLASSIFIED,32,2,6.25,2,26,13,50,4.64,1.5
3GT,TAM21,L21_P1_0400SRV.Over_Travel_Neg,P1_0400SRV Negative Over Travel,UNCLASSIFIED,36,1,2.778,2,26,13,0,151.33,1
3GT,TAM21,L21_P4_Z08_Alarm.not_empty,Z08 : 807PHS Array remaining in tray slot,UNCLASSIFIED,25,1,4,2,26,13,0,23.99,1
3GT,TAM22,L22_P1_0302CL.stat.Ftr,P1_0302CL Fail to Retract,UNCLASSIFIED,41,2,4.878,2,26,13,0,-34.25,1
3GT,TAM22,L22_P4_Z06_Warning.Miss_0607PHS_05,Z06 : Miss_0607PHS_05,WARNING|CASCADE_SYMPTOM_CANDIDATE,235,2,0.851,2,26,13,100,115.66,1.5
FLEX,TAM25,[04G3_K002]Program:EM0410_SendCV.ALMD_B006PRS_OffFail,EM0410 B006PRS Send C/V Stage presence off fail,UNCLASSIFIED,13,1,7.692,2,26,13,0,64.34,1
FLEX,TAM28,[00G3_K042]Program:UN02_Standard.ALMD_02G6_B006GLS,Z02 Guard Door Open =02G6_B006GLS,DOOR_OR_GUARD|OPERATOR_INITIATED_FLEX|STOP_ALARM_CANDIDATE|LONG_DURATION,31,2,6.452,2,26,13,100,110.89,3
FLEX,TAM29,[00G3_K022]Program:EM0516_DI_Removal.ALMD_Stick_DI_Removal,EM0516 DI Removal sticking alarm (B001PHS/B002PHS),ROOT_CAUSE_CANDIDATE,361,1,0.277,2,26,13,0,-9.38,2
FLEX,TAM31,[00G3_K003]Program:EM0320_Hyd_Buffer_Inlet.ALMD_Cnsec_Hema_Detected,EM0320 Consecutive Hema Ring detected,ROOT_CAUSE_CANDIDATE,177,1,0.565,2,26,13,0,56.07,2
3GT,TAM01,P0_DE_STIK_FAIL,"Z2B : 211,212PHS Curve sticking (Deposition head)",LONG_DURATION,4,1,25,1,26,26,100,107.71,2
3GT,TAM02,P6_PULL_CORD,Z4B : Emergency stop pull cord pulled,STOP_ALARM_CANDIDATE,2,1,50,1,26,26,100,104.87,3
3GT,TAM02,P2_PSS_NOT_RDY,PLC2: Safety PLC abnormal condition receive,STOP_ALARM_CANDIDATE|LONG_DURATION,9,1,11.111,1,26,26,100,76.82,3
3GT,TAM05,P0_UNABLE_LOT_ST,Z2A : Unable to send - Lot Start infomation to DHR,LONG_DURATION,1,1,100,1,26,26,100,111.98,2
3GT,TAM07,P3_61PS_ERROR,Z6  : 61PS Pressure low,UNCLASSIFIED,10,1,10,1,26,26,100,-18.38,2
3GT,TAM21,L21_P3_Z05B_Alarm.PIT_SHINGLE,Z05B : PIT Shingle Detected,CASCADE_SYMPTOM_CANDIDATE,219,1,0.457,1,26,26,0,-2.26,1
3GT,TAM21,L21_P3_Z05B_Alarm.VAC0510_Error,Z05B : 510VAC array xfer vacuum fault at ARO,UNCLASSIFIED,19,1,5.263,1,26,26,100,32.04,2
3GT,TAM23,L23_P4_Z08_Alarm.Alarm_0812MTR_Home_Fail,Z08 : 0812MTR home fail (check sensor 859PRS_01),UNCLASSIFIED,19,1,5.263,1,26,26,0,33.89,1
FLEX,TAM27,[04G3_K002]Program:EM04G4_Operator_Interface.ALMD_S002PBL_Actuated,EM04G4 S002PBL ZONE STOP2,STOP_ALARM_CANDIDATE|LONG_DURATION,22,1,4.545,1,26,26,0,-12.71,2
FLEX,TAM28,[00G3_K502]Program:EM0603_Stray_Stacker.ALMD_MainteDoorOpen,Mainte Door Opened - Loader side,DOOR_OR_GUARD|OPERATOR_INITIATED_FLEX|STOP_ALARM_CANDIDATE|LONG_DURATION,17,1,5.882,1,26,26,0,17.11,3
3GT,TAM21,L21_P4_Global_Alarm.Z06_Z08_Adjacent,PLC4 : Z06-Z08 Adjacent,UNCLASSIFIED,2,1,50,4,25,6.25,25,85.94,1.25
3GT,TAM01,P1_308PRS_FAIL,Z3  : 308PRS Sensor fail,UNCLASSIFIED,11,2,18.182,3,25,8.33,66.67,144.4,1.67
3GT,TAM06,P0_242CL_ERR_2,Z2B : 242CL Fail to RETRACT (Preheat F/B),UNCLASSIFIED,31,3,9.677,3,25,8.33,0,-24.64,1
3GT,TAM06,P2_589CL_ERR_1,Z5B : 589CL Fail To extend  (Rjct C/V #2),ROOT_CAUSE_CANDIDATE,75,2,2.667,3,25,8.33,0,-15.62,2
3GT,TAM20,P2_586CL_2_ERR_2,Z5B : 586CL-2 Fail To retract(good/bad),ROOT_CAUSE_CANDIDATE,63,2,3.175,3,25,8.33,33.33,64.32,2.33
3GT,TAM20,P6_4019PRSFAIL1,Z4B : 4019PRS fail to be ON,UNCLASSIFIED,3,1,33.333,3,25,8.33,33.33,207.37,1.33
3GT,TAM22,L22_P4_1020CL.stat.Fte,P4_1020CL Fail to Extend,UNCLASSIFIED,9,1,11.111,3,25,8.33,0,274.15,1
FLEX,TAM24,[00G3_K002]Program:EM0210_FC_Load.ALMD_B001PRS_OnFail,EM0210 Stripper Plate not closed (B001PRS still off),LONG_DURATION,18,1,5.556,3,25,8.33,0,293.17,1
FLEX,TAM28,[00G3_K002]Program:EM0364_FC_Detection.ALMD_FC_Detection,EM0364 FC is remaining on Stage at FC Detect station,ROOT_CAUSE_CANDIDATE,208,3,1.442,3,25,8.33,0,93.41,2
3GT,TAM01,P1_31PS_ERROR_Z4,Z3-4: 31PS Air pressure low,UNCLASSIFIED,43,2,4.651,2,25,12.5,100,15.45,2
3GT,TAM02,P3_Cam3_Data_Ver_Fault,Z8: Camera #3- Data Verification Fault,UNCLASSIFIED,74,2,2.703,2,25,12.5,0,-10.85,1
3GT,TAM02,P6_4013PRSFAIL1,Z4B : 4013PRS fail to be ON,UNCLASSIFIED,18,2,11.111,2,25,12.5,100,-15.08,2
3GT,TAM05,ST_Z07_Alarm_ManMode,Sterilizer in Manual Mode,UNCLASSIFIED,3,1,33.333,2,25,12.5,0,40.04,1
3GT,TAM18,P2_SALINE_LOLO,Z5B : Saline tank low low level,UNCLASSIFIED,28,1,3.571,2,25,12.5,0,60.8,1
3GT,TAM23,L23_P4_Z08_Warning.P4_0851BCR_01_NoRead,Z08 : 851BCR_1(Lot number/trail code) is no reading,WARNING,65,1,1.538,2,25,12.5,0,-58.35,1
FLEX,TAM30,[04G3_K002]Program:EM0410_SendCV.ALMD_CV_Guard_Opened,EM0410 Send C/V Guard opened,DOOR_OR_GUARD|OPERATOR_INITIATED_FLEX|STOP_ALARM_CANDIDATE,3,1,33.333,2,25,12.5,0,153.53,2
FLEX,TAM31,[00G3_K003]Program:EM0300_Zone_B.ALMD_IncompleteCycleStop,EM0300 Z03B Incomplete cycle stop,STOP_ALARM_CANDIDATE,12,1,8.333,2,25,12.5,100,98.96,3
3GT,TAM06,P2_576CL_ERR_2,Z5B : 576CL Fail To retract (Lens xfer out),UNCLASSIFIED,6,1,16.667,1,25,25,100,179.13,2
3GT,TAM10,P6_PSS4_D_T_TMP,DI heater tank high temp. alarm(Cypress),LONG_DURATION,48,1,2.083,1,25,25,0,-25.55,1
FLEX,TAM25,[04G3_K022]Program:UN04_Standard.ALMD_04G6_B023GLS,Z04 BOTTOM GUARD DOOR OPEN (=04G6_B023GLS),DOOR_OR_GUARD|OPERATOR_INITIATED_FLEX|STOP_ALARM_CANDIDATE|LONG_DURATION,2,1,50,1,25,25,100,-12.98,3
FLEX,TAM28,[04G3_K022]Program:UN04_Standard.ALMD_04G6_K011SR,Z04 VE GUARD DOOR OPEN (=04G6_B029GLS),DOOR_OR_GUARD|OPERATOR_INITIATED_FLEX|STOP_ALARM_CANDIDATE|LONG_DURATION,6,1,16.667,1,25,25,0,35.02,3
3GT,TAM05,P0_248PRS_FAIL,Z2B: 248PRS Sensor Fail (240CL Fail To Down),UNCLASSIFIED,2,1,50,4,24,6,25,72.33,1.25
3GT,TAM18,P3_807PHS3_MISS,Z8  : 807PHS-3 Array missing (Check jam or sensor),STOP_ALARM_CANDIDATE,62,3,4.839,4,24,6,0,5.21,2
3GT,TAM18,P2_534CL_ERR_1,Z5B : 534CL Fail to extend  (Rjct C/V #1 out),UNCLASSIFIED,36,3,8.333,4,24,6,50,-21.33,1.5
3GT,TAM20,P3_1002BCR_TO,Z10 : 1002BCR Communication time out failure,STOP_ALARM_CANDIDATE,20,2,10,4,24,6,0,197.72,2
3GT,TAM01,P3_1015PHS_MISS,Z10 : 1015PHS Empty-tray jam/sensor fail (Missing),STOP_ALARM_CANDIDATE,5,2,40,3,24,8,0,66.3,2
3GT,TAM01,P3_807PHS3_MISS,Z8  : 807PHS-3 Array missing (Check jam or sensor),STOP_ALARM_CANDIDATE,73,1,1.37,3,24,8,0,219.54,2
3GT,TAM05,P2_546PRS_ON_ER,Z5B : 546PRS Puck not detect,UNCLASSIFIED,9,1,11.111,3,24,8,33.33,219.04,1.33
3GT,TAM05,P1_305PRS_FAIL,Z3  : 305PRS Sensor fail,UNCLASSIFIED,8,2,25,3,24,8,66.67,108.69,1.67
3GT,TAM10,P2_520CL_ERR_1,Z5B : 520CL Fail to EXTEND,UNCLASSIFIED,41,1,2.439,3,24,8,0,104.46,1
3GT,TAM18,P6_4014CL_ERR_2,Z4B : 4014CL Fail to Retract,UNCLASSIFIED,15,3,20,3,24,8,100,102.51,2
3GT,TAM18,P1_SHINGLE_DET4,Z4  : FC shingle detect at 411PHS_4,UNCLASSIFIED,56,3,5.357,3,24,8,66.67,65.8,1.67
3GT,TAM22,L22_P1_Z02A_Alarm.IMM_SetupData_Fail,Z02A : FC/BC IMM set up data out of range,LONG_DURATION,9,2,22.222,3,24,8,33.33,93.91,1.33
3GT,TAM22,L22_P1_0232PRS.Alarm1,Z02B : 232PRS Sensor fail to be on,UNCLASSIFIED,55,1,1.818,3,24,8,33.33,133.8,1.33
FLEX,TAM27,[00G3_K022]Program:EM0556_Array_Transfer.ALMD_Chuck_Overload1,EM0556 Array Jam detect (Chuck Overload) Check B001PRS,STOP_ALARM_CANDIDATE,38,1,2.632,3,24,8,0,19,2
FLEX,TAM30,[00G3_K042]Program:UN08_Standard.ALMD_08G6_B502GLS,Z08 Guard Door Open =08G6_B502GLS,DOOR_OR_GUARD|OPERATOR_INITIATED_FLEX|STOP_ALARM_CANDIDATE|CASCADE_SYMPTOM_CANDIDATE,201,2,0.995,3,24,8,0,181.23,2
FLEX,TAM31,[00G3_K042]Program:UN05_Standard.ALMD_05G6_B010GLS,Z05 Under Guard Door Open =05G6_B010GLS,DOOR_OR_GUARD|OPERATOR_INITIATED_FLEX|STOP_ALARM_CANDIDATE|LONG_DURATION,7,1,14.286,3,24,8,33.33,-12.43,3
3GT,TAM09,P0_251CL_ERR_2,Z2B : 251CL Fail to RETRACT (Stp pin@FC ret),LONG_DURATION,3,2,66.667,2,24,12,100,10.42,2
3GT,TAM10,P0_217SRV_ERR_5,Z2B : 217SRV Over drive     (Cure loading),UNCLASSIFIED,1,1,100,2,24,12,50,83.29,1.5
3GT,TAM17,P1_313PRS_FAIL,Z3  : 313PRS Sensor fail,LONG_DURATION,6,1,16.667,2,24,12,100,39.8,2
FLEX,TAM28,[00G3_K022]Program:EM0556_Array_Transfer.ALMD_Chuck_Overload3,EM0556 Array Jam detect (Chuck Overload) Check B003PRS,STOP_ALARM_CANDIDATE,42,1,2.381,2,24,12,0,76.66,2
FLEX,TAM28,[00G3_K022]Program:EM0539_Foreign_Matter_Detection.ALMD_FMD_ConsecutiveReject,EM0539 FMD Consecutive reject,ROOT_CAUSE_CANDIDATE,122,2,1.639,2,24,12,0,74.42,2
FLEX,TAM29,[00G3_K502]Program:EM06G4_Operator_Interface.ALMD_S502PBL_Actuated,EM06G4 S502PBL ZONE STOP PB2,STOP_ALARM_CANDIDATE,32,1,3.125,2,24,12,0,-52.32,2
FLEX,TAM29,[00G3_K042]Program:UN03_Standard.ALMD_03G6_B001GLS_LCK,Z03 Guard Switch Lock Solenoid Feedback Error =03G6_B001GLS,DOOR_OR_GUARD|GUARD_SYSTEM_FAULT,26,1,3.846,2,24,12,100,175.38,2
FLEX,TAM30,[00G3_K003]Program:EM0324_Hyd_Buffer.ALMD_T001SVP_Driver_Fault,EM0324 T001SVP Hydration Buffer Feed Driver fault,STOP_ALARM_CANDIDATE,1,1,100,2,24,12,0,256.01,2
3GT,TAM01,P1_13IDC_FAULT_Z4,"PLC1: IDC to 300,400-1,400-2,401 disconnect",LONG_DURATION,11,1,9.091,1,24,24,100,-8.34,2
3GT,TAM07,P2_514PRS_OF_ER,Z5B : 514PRS still ON,UNCLASSIFIED,15,1,6.667,1,24,24,100,234.05,2
3GT,TAM18,P6_4016GLS_FAIL,Z4B : 4016LCK Airlock Feedback Fail,UNCLASSIFIED,9,1,11.111,1,24,24,0,138.59,1
3GT,TAM20,P6_4005SRV_ERR_3,Z4B : 4005SRV Parameter error,UNCLASSIFIED,10,1,10,1,24,24,100,10.73,2
3GT,TAM20,P2_527PHS1_OF_ER,Z5B : 527PHS-1 still ON,UNCLASSIFIED,11,1,9.091,1,24,24,100,-48.26,2
FLEX,TAM27,[04G3_K022]Program:UN04_Standard.ALMD_04G6_M001SV,Z04 IPA SUPPLY VALVE =04G6_M001SV CLOSED (FOR SOLUTION),LONG_DURATION,64,1,1.562,1,24,24,100,51.12,2
FLEX,TAM27,[00G3_K002]Program:EM0312_Demold.ALMD_T001SVP_Driver_Fault,EM0312 T001SVP Demold Upper Fingers Driver fault,STOP_ALARM_CANDIDATE,23,1,4.348,1,24,24,0,63.94,2
FLEX,TAM29,[04G3_K002]Program:EM0400_Zone.ALMD_IncompleteCycleStop,EM0400 Incomplete cycle stop,STOP_ALARM_CANDIDATE,4,1,25,1,24,24,0,73.66,2
FLEX,TAM31,[00G3_K022]Program:EM0500_Zone_E.ALMD_IncompleteCycleStop,EM0500 Zone5E Incomplete cycle stop,STOP_ALARM_CANDIDATE|CASCADE_SYMPTOM_CANDIDATE,122,1,0.82,1,24,24,100,61.14,3
3GT,TAM02,P7_VIS_NOT_RUN,Z5B : Vision System not running,STOP_ALARM_CANDIDATE,3,2,66.667,3,23,7.67,0,-35.52,2
3GT,TAM09,P7_VIS_NOT_RUN,Z5B : Vision System not running,STOP_ALARM_CANDIDATE,26,2,7.692,3,23,7.67,0,-14.2,2
3GT,TAM09,P0_Z2B_RMV_ACK,Z2B : Pallet Location error(see Remove Ack.(Z2)),LONG_DURATION,41,3,7.317,3,23,7.67,100,-10.79,2
3GT,TAM10,P2_512ID_NO_READ,Z5B : 512IDR No read,ROOT_CAUSE_CANDIDATE,65,2,3.077,3,23,7.67,0,69.26,2
3GT,TAM17,P3_807PHS1_MISS,Z8  : 807PHS-1 Array missing (Check jam or sensor),STOP_ALARM_CANDIDATE|ROOT_CAUSE_CANDIDATE,58,3,5.172,3,23,7.67,0,129.92,2
FLEX,TAM24,[00G3_K002]Program:EM0200_Zone.ALMD_IncompleteCycleStop,EM0200 Z02 Incomplete cycle stop,STOP_ALARM_CANDIDATE,59,3,5.085,3,23,7.67,33.33,83.02,2.33
FLEX,TAM27,[00G3_K002]Program:EM0270_Precure_Weight.ALMD_Prec_Curve_Stcking,"EM0270 Precure curve sticking (B001PHS,B002PHS)",LONG_DURATION,25,1,4,3,23,7.67,0,74.47,1
3GT,TAM01,FMD_Alm_FMDinAlarmState,Zone05P17: FMD in Alarm state (Check FMD PC for Alarms),LONG_DURATION,36,2,5.556,2,23,11.5,100,77.33,2
3GT,TAM05,PLC7CommunicationDown,PLC7 communication is down,LONG_DURATION,15,2,13.333,2,23,11.5,0,57.23,1
3GT,TAM09,P7_Foil_WebGuide_GlobalAlm_67,Z05C: PLC7_IO_SW1 - Major Alarm Relay Active,LONG_DURATION,23,2,8.696,2,23,11.5,100,119.51,2
3GT,TAM09,P7_Foil_Break_Alarm,Z5B4 : Check for Foil Break or Jam,STOP_ALARM_CANDIDATE,6,1,16.667,2,23,11.5,0,70.37,2
3GT,TAM17,P3_PULL_CORD_Z6,PLC3: Emergency stop pull cord pulled,STOP_ALARM_CANDIDATE|LONG_DURATION,28,1,3.571,2,23,11.5,0,106.62,2
3GT,TAM21,L21_P1_Z02A_Warning.RBT_200VAC_Err,Z02A : Robot arm 1st pick FC/BC vacuum failed,WARNING,25,2,8,2,23,11.5,50,27.17,1.5
FLEX,TAM30,[04G3_K022]Program:UN04_Standard.ALMD_04G6_B017GLS,Z04 GUARD DOOR OPEN (=04G6_B017GLS),DOOR_OR_GUARD|OPERATOR_INITIATED_FLEX|STOP_ALARM_CANDIDATE,11,2,18.182,2,23,11.5,100,54.99,3
3GT,TAM05,P6_Z04B_4014CL_stat_Ftr,Z04B : 4014CL fail to Retract,LONG_DURATION,4,1,25,1,23,23,100,119.94,2
3GT,TAM09,P2_514CL_ERR_2,Z5B : 514CL Fail to retract (Lens xfer out),UNCLASSIFIED,25,1,4,1,23,23,100,94.33,2
3GT,TAM21,L21_P3_HeatSeal_Clean.HMI01,"Heat Seal Stroke Count = 6410, Did you Clean Heat Seat Dies ?: Heat Seal Sensor Status = OFF~Minimum time remaining to clean ~Heat",LONG_DURATION,24,1,4.167,1,23,23,0,55.21,1
FLEX,TAM25,[00G3_K022]Program:EM0500_Zone_C.ALMD_IncompleteCycleStop,EM0500 Zone5C Incomplete cycle stop,STOP_ALARM_CANDIDATE,17,1,5.882,1,23,23,100,154.79,3
FLEX,TAM25,[04G3_K022]Program:UN04_Standard.ALMD_04G6_K012SR,Z04 VE GUARD DOOR OPEN (=04G6_B030GLS),DOOR_OR_GUARD|OPERATOR_INITIATED_FLEX|STOP_ALARM_CANDIDATE|LONG_DURATION,13,1,7.692,1,23,23,0,48,3
FLEX,TAM28,[00G3_K002]Program:EM0380_Elevator.ALMD_T001SVP_Driver_Fault,EM0380 T001SVP   Elevator Driver fault,STOP_ALARM_CANDIDATE|ROOT_CAUSE_CANDIDATE,42,1,2.381,1,23,23,0,95.98,3
3GT,TAM05,P2_510CL_ERR_2,Z5AB: 510CL Fail to retract (Predose inlet),UNCLASSIFIED,2,1,50,3,22,7.33,0,155.59,1
3GT,TAM05,P6_Z04B_4020CL_stat_Fte,Z04B : 4020CL fail to Extend,UNCLASSIFIED,2,1,50,3,22,7.33,33.33,1.72,1.33
3GT,TAM07,P3_801PHS_MISS,Z8  : 801PHS Array missing (Check jam or sensor),STOP_ALARM_CANDIDATE,14,1,7.143,3,22,7.33,0,149.86,2
3GT,TAM09,P6_Z04B_ALM_rtrn_grd_open,Z04B : Return conveyor guard opened,DOOR_OR_GUARD|POSSIBLE_OPERATOR_ACCESS_LEGACY|STOP_ALARM_CANDIDATE,4,1,25,3,22,7.33,0,28.91,3
3GT,TAM17,P0_FC_VAC_CMC,Z2A : FC Vacuum CMC error,UNCLASSIFIED,58,2,3.448,3,22,7.33,66.67,-11.01,1.67
3GT,TAM18,P0_CUE_DOOR_OPN,Z2B : Cure Enclosure door opened,DOOR_OR_GUARD|POSSIBLE_OPERATOR_ACCESS_LEGACY|STOP_ALARM_CANDIDATE|LONG_DURATION,18,2,11.111,3,22,7.33,0,162.57,2.67
3GT,TAM18,P3_603PHS_UKNOW,Z6  : 603PHS Unknown array detected (Remove array),UNCLASSIFIED,33,2,6.061,3,22,7.33,66.67,67.86,1.67
3GT,TAM18,P6_4014CL_ERR_1,Z4B : 4014CL Fail to Extend,LONG_DURATION,1,1,100,3,22,7.33,33.33,130.95,1.33
3GT,TAM22,L22_P3_Z05B_Alarm.LaserInitError,Z05B : Laser Initialize Error,UNCLASSIFIED,27,2,7.407,3,22,7.33,33.33,23.59,1.33
3GT,TAM22,L22_P4_QC_Bin_Full.HMI02,QC Sample bin is full: Check bin and remove cartons.,UNCLASSIFIED,92,1,1.087,3,22,7.33,0,224.8,1
FLEX,TAM28,[00G3_K042]Program:UN10_Standard.ALMD_10G6_B515GLS,Z10 Guard Door Open =10G6_B515GLS,DOOR_OR_GUARD|OPERATOR_INITIATED_FLEX|STOP_ALARM_CANDIDATE|LONG_DURATION,15,1,6.667,3,22,7.33,0,98.06,3
3GT,TAM01,P2_506CL_ERR_1,Z5B : 506CL Fail to extend (Pre-Dose),LONG_DURATION,9,1,11.111,2,22,11,0,139.61,1
3GT,TAM01,P3_FLAP_OPEN_NG,Z8  : 860PHS 3 Consecutive carton flap open NG,UNCLASSIFIED,31,1,3.226,2,22,11,0,9.91,1
3GT,TAM02,P1_300SRV_ERR_1,Z3  : 300SRV Fail To MOVE   (Demold),UNCLASSIFIED,73,1,1.37,2,22,11,100,268.66,2
3GT,TAM02,P1_416CL_ERR_2,Z4  : 416CL Fail to RETRACT (Ret cv lane1),UNCLASSIFIED,13,2,15.385,2,22,11,100,68.67,2
3GT,TAM02,P1_304CL_ERR_2,Z3  : 304CL Fail to RETRACT (Bottom finger L),UNCLASSIFIED,5,1,20,2,22,11,100,32.48,2
3GT,TAM02,P2_556CL_ERR_1,Z5B : 556CL Fail to EXTEND,CASCADE_SYMPTOM_CANDIDATE,225,2,0.889,2,22,11,100,53.96,2
3GT,TAM05,P6_Z04B_4001CL_stat_Fte,Z04B : 4001CL fail to Extend,UNCLASSIFIED,3,1,33.333,2,22,11,0,22.98,1
3GT,TAM06,P3_1001BCR_TO,Z10 : 1001BCR Communication time out failure,STOP_ALARM_CANDIDATE,27,1,3.704,2,22,11,0,64.88,2
3GT,TAM09,P7_548CL_ERR_2,Z5B : 548CL Fail to retract (Flip station),UNCLASSIFIED,84,2,2.381,2,22,11,100,106.05,2
3GT,TAM10,P7_554CL_ERR_1,Z5B : 554CL Fail to extend  (Walking beam),UNCLASSIFIED,11,1,9.091,2,22,11,0,-12.62,1
3GT,TAM10,P1_HEMA_ERR,Z4  : 10 Consective Detection HEMARing,UNCLASSIFIED,15,2,13.333,2,22,11,100,103.67,2
3GT,TAM10,RMT_BC_RESIN_ERROR,Raw Material Tracking Error,UNCLASSIFIED,6,1,16.667,2,22,11,50,69.59,1.5
3GT,TAM10,P1_420PRS_FAIL1,Z4  : 420PRS fail to be ON,UNCLASSIFIED,72,2,2.778,2,22,11,50,-0.81,1.5
3GT,TAM20,P0_CRY_VAC_Fail,Z2A : Carry Over Vacuum Failed,UNCLASSIFIED,14,2,14.286,2,22,11,50,22.69,1.5
3GT,TAM20,P7_511LS_OPEN,Z5C : 511LS Foil feed roller1 opened,UNCLASSIFIED,39,2,5.128,2,22,11,100,166.76,2
3GT,TAM20,P2_527PHS2_ON_ER,Z5B : 527PHS-2 still OFF,UNCLASSIFIED,11,2,18.182,2,22,11,100,-18.05,2
3GT,TAM21,L21_P1_0402CL.stat.Fte,P1_0402CL Fail to Extend,UNCLASSIFIED,8,1,12.5,2,22,11,0,138.63,1
3GT,TAM22,L22_P1_Global_Alarm.Module_Error,PLC1 : Module Error Alarm,UNCLASSIFIED,3,1,33.333,2,22,11,0,19.28,1
3GT,TAM22,L22_P4_Z08_Alarm.jam_1000PHS,Z08 : 1000PHS_4 Carton missing (Check jam /sensor),STOP_ALARM_CANDIDATE|CASCADE_SYMPTOM_CANDIDATE,172,2,1.163,2,22,11,0,103.85,1.5
FLEX,TAM29,[00G3_K002]Program:EM0280_Cure_Unload.ALMD_T001SVP_Driver_Fault,EM0280 T001SVP Cure A Exit Pusher Driver fault,STOP_ALARM_CANDIDATE,5,1,20,2,22,11,0,51.16,2
FLEX,TAM30,[00G3_K002]Program:EM0285_Cooling_Walking_Beam.ALMD_Adjacent_Door_Open,EM0285 Adjacent Door Open,DOOR_OR_GUARD|OPERATOR_INITIATED_FLEX|STOP_ALARM_CANDIDATE|CASCADE_SYMPTOM_CANDIDATE,337,1,0.297,2,22,11,0,80.14,2
FLEX,TAM31,[00G3_K022]Program:EM0504_Predose_Inlet.ALMD_ITRAY_SHING,EM0504 I-tray shingle detect,ROOT_CAUSE_CANDIDATE,152,1,0.658,2,22,11,0,144.28,1.5
3GT,TAM06,P2_SALIN1_ERR,Z5B : Saline dose level low (1st 6 pucks),UNCLASSIFIED,21,1,4.762,1,22,22,0,8.39,1
3GT,TAM10,P3_PULL_CORD_Z6,PLC3: Emergency stop pull cord pulled,STOP_ALARM_CANDIDATE,3,1,33.333,1,22,22,100,70.98,3
3GT,TAM18,PSS1_FB_ERR4_7,PSS1: 300GLS-2 Guard Lock SOL Feedback Error,DOOR_OR_GUARD|GUARD_SYSTEM_FAULT,3,1,33.333,1,22,22,0,-3.46,1
3GT,TAM18,P2_CHUCK_ERR,Z5B : Foil chuck error,UNCLASSIFIED,57,1,1.754,1,22,22,0,19.39,1
3GT,TAM20,P2_SalineSenseChk,Z5B : Saline sensor error,UNCLASSIFIED,8,1,12.5,1,22,22,100,187.28,2
3GT,TAM20,P6_4005SRV_ERR_7,Z4B : 4005SRV Lag error,UNCLASSIFIED,10,1,10,1,22,22,0,76.05,1
3GT,TAM20,P6_4099PS_ERROR,Z4B : 4099PS error (for cylinder),UNCLASSIFIED,1,1,100,1,22,22,0,-0.73,1
3GT,TAM21,L21_P6_4019PRS.Alarm1,Z04C : 4019PRS Sensor fail to be off,UNCLASSIFIED,1,1,100,1,22,22,0,-7.76,1
FLEX,TAM27,[00G3_K022]Program:EM0528_GB_Outlet.ALMD_T001SVP_Driver_Fault,EM0528 T001SVP Good Walking Beam Driver fault,STOP_ALARM_CANDIDATE,12,1,8.333,1,22,22,0,26.67,2
3GT,TAM01,P2_522PHS_OF_ER,Z5B : 522PHS still ON,CASCADE_SYMPTOM_CANDIDATE,423,3,0.709,3,21,7,100,15.18,2
3GT,TAM07,P3_605PRS_1_FAIL,Z6  : 605PRS-1 Sensor fail (Still off),UNCLASSIFIED,1,1,100,3,21,7,33.33,27.29,1.33
3GT,TAM09,P2_575CL2_ERR_1,Z5A : 575CL-2 Fail To extend  (Pre dose),UNCLASSIFIED,46,3,6.522,3,21,7,100,138.3,2
3GT,TAM10,P2_CM_528PRS_ERR,Z5B : Missing puck at rtrn buffer out (528PRS),UNCLASSIFIED,7,1,14.286,3,21,7,0,17.56,1
3GT,TAM10,P2_589CL_ERR_1,Z5B : 589CL Fail To extend  (Rjct C/V #2),UNCLASSIFIED,12,1,8.333,3,21,7,0,-34.72,1
3GT,TAM17,P2_SalineSenseChk,Z5B : Saline sensor error,ROOT_CAUSE_CANDIDATE,144,3,2.083,3,21,7,0,-10.45,1.67
3GT,TAM18,P7_536PRS_ON_ER,Z5B : 536PRS Retainer not detect,ROOT_CAUSE_CANDIDATE,39,3,7.692,3,21,7,66.67,126.19,2
3GT,TAM20,P3_620PHS_MISS,Z6  : 620PHS Tray jam or sensor fail (Missing),STOP_ALARM_CANDIDATE,5,1,20,3,21,7,33.33,168.27,2.33
3GT,TAM22,L22_P1_Z02B_Warning.Precure_Temp,Z02B : Precure Temp Bad,WARNING|CASCADE_SYMPTOM_CANDIDATE,389,3,0.771,3,21,7,0,-2.07,1
FLEX,TAM24,[00G3_K002]Program:EM0250_WalkingBeam.ALMD_Shingle_3Pallet,EM0250 Shingle Pallet (3 pallets at the same time),UNCLASSIFIED,9,1,11.111,3,21,7,0,69.43,1
FLEX,TAM24,[00G3_K002]Program:EM0312_Demold.ALMD_Consec_Miss_DM_Btm3,EM0312 Consecutive Miss demold M013CL,ROOT_CAUSE_CANDIDATE,109,1,0.917,3,21,7,0,122.15,1.67
FLEX,TAM24,[00G3_K042]Program:UN03_Standard.ALMD_03G6_B007GLS,Z03 Under Guard Door Open =03G6_B007GLS,DOOR_OR_GUARD|OPERATOR_INITIATED_FLEX|STOP_ALARM_CANDIDATE|LONG_DURATION,2,1,50,3,21,7,66.67,168.59,2.67
FLEX,TAM27,[00G3_K002]Program:EM0232_Monomer_DosePump.ALMD_M001MTR_NotReady,EM0232 M001MTR Motor Not Ready,STOP_ALARM_CANDIDATE,2,1,50,3,21,7,0,135.77,2
FLEX,TAM28,[00G3_K022]Program:EM0510_Lens_Transfer.ALMD_T002SVP_Driver_Fault,EM0510 T002SVP Lens Transfer Vertical  Driver fault,STOP_ALARM_CANDIDATE,1,1,100,3,21,7,0,249.55,2
FLEX,TAM28,[00G3_K502]Program:EM1051_Carton_Xfer_WeightChecker.ALMD_ConsFlapOpenDetectFront,Consecutive Flap Open detect front side,ROOT_CAUSE_CANDIDATE,32,1,3.125,3,21,7,0,-28.59,2
3GT,TAM06,P6_VFD1PS_ERR,Z4B: 4121MTR VFD1 OFF - Check 4011PS or 4012PS ON,CASCADE_SYMPTOM_CANDIDATE,145,1,0.69,2,21,10.5,50,115.88,1.5
3GT,TAM07,P0_248PRS_FAIL,Z2B: 248PRS Sensor Fail (240CL Fail To Down),UNCLASSIFIED,8,2,25,2,21,10.5,100,96.7,2
3GT,TAM09,P2_514LS_OPENED,Z5B : Foil transfer unit opened,LONG_DURATION,29,2,6.897,2,21,10.5,50,2.13,1.5
3GT,TAM10,P6_4006CL_ERR_1,Z4B : 4006CL Fail to Extend,UNCLASSIFIED,9,2,22.222,2,21,10.5,0,27.23,1
3GT,TAM17,P3_1000CL_ERR_2,Z10 : 1000CL Fail to retract (Carton pusher),UNCLASSIFIED,163,1,0.613,2,21,10.5,0,9.43,1
3GT,TAM18,P1_420PRS_FAIL1,Z4  : 420PRS fail to be ON,CASCADE_SYMPTOM_CANDIDATE,212,1,0.472,2,21,10.5,0,267.85,1
3GT,TAM18,P7_Foil_WebGuide_Z05C_RunAlm_0,Z05C: Web Guide - Disturbance detected,CONFIRMED_RUN_ALARM_BY_NAME|CASCADE_SYMPTOM_CANDIDATE|LONG_DURATION,2581,2,0.077,2,21,10.5,50,155.4,1
3GT,TAM18,P3_1013PHS_MISS,Z10 : 1013PHS Case jam or sensor fail (Missing),STOP_ALARM_CANDIDATE,31,1,3.226,2,21,10.5,0,-12,2
3GT,TAM20,P6_4001SRV_ERR_1,Z4B : 4001SRV Fail to move,UNCLASSIFIED,1,1,100,2,21,10.5,0,65.03,1
3GT,TAM22,L22_P3_0527PHS_01.Alarm1,Z05B : 527PHS_01 Puck not detect,UNCLASSIFIED,27,2,7.407,2,21,10.5,0,10.43,1
3GT,TAM22,L22_P3_Z05B_Alarm.PIT_SHINGLE,Z05B : PIT Shingle Detected,UNCLASSIFIED,97,1,1.031,2,21,10.5,0,292.95,1
3GT,TAM05,P7_536PRS_OF_ER,Z5B : 536PRS still ON,UNCLASSIFIED,6,1,16.667,1,21,21,0,-29.77,1
3GT,TAM06,P2_519SRV_ERR_1,Z5B : 519SRV Fail to move   (ALI),UNCLASSIFIED,5,1,20,1,21,21,0,-2.21,1
3GT,TAM06,P6_PULL_CORD,Z4B : Emergency stop pull cord pulled,STOP_ALARM_CANDIDATE|LONG_DURATION,2,1,50,1,21,21,100,52.84,3
3GT,TAM06,P0_230PRS_ON_ER,Z2B : UV Screen detected in tunnel (230PRS),UNCLASSIFIED,2,1,50,1,21,21,0,-0.92,1
3GT,TAM10,P1_HYD_PAL_FAIL,Z4  : Hyd. Buffer Pre-Stage pallet count mismatch,UNCLASSIFIED,17,1,5.882,1,21,21,0,73.61,1
3GT,TAM18,P2_514CL_ERR_1,Z5B : 514CL Fail to extend  (Lens xfer out),UNCLASSIFIED,5,1,20,1,21,21,0,116.23,1
3GT,TAM22,L22_P6_Z04C_Alarm.Recycle_LS_Err,Z04C : Recycle tank Limit sensor condition error,UNCLASSIFIED,17,1,5.882,1,21,21,100,94.49,2
3GT,TAM22,L22_P4_0615PHS.Alarm2,Z06 : 615PHS Tray jam or sensor fail (Missing),STOP_ALARM_CANDIDATE,6,1,16.667,1,21,21,100,299.56,3
FLEX,TAM26,[04G3_K022]Program:UN04_Standard.ALMD_04G6_B021GLS,Z04 GUARD DOOR OPEN (=04G6_B021GLS),DOOR_OR_GUARD|OPERATOR_INITIATED_FLEX|STOP_ALARM_CANDIDATE|LONG_DURATION,3,1,33.333,1,21,21,100,27.94,3
FLEX,TAM27,[00G3_K042]Program:UN01_Standard.ALMD_01G6_B009GLS_LCK,Z01 Sampling Guard Lock Solenoid Feedback =01G6_B009GLS,DOOR_OR_GUARD|GUARD_SYSTEM_FAULT|LONG_DURATION,17,1,5.882,1,21,21,0,-4.5,1
FLEX,TAM31,[00G3_K022]Program:EM0542_Foil_Transfer.ALMD_K001CTL_Foil_Reject_Req_Err,EM0542: Foil Transfer Robot Foil Reject Request Alarm,CASCADE_SYMPTOM_CANDIDATE,1594,1,0.063,1,21,21,0,289.36,1
3GT,TAM02,P1_454CL_ERR_1,Z4  : 454CL Fail to EXTEND  (Stage pusher to elev),UNCLASSIFIED,6,1,16.667,3,20,6.67,0,34.04,1
3GT,TAM05,DevicewiseEDHR_Online,EDHR Client DeviceWise Offline,CASCADE_SYMPTOM_CANDIDATE,312,2,0.641,3,20,6.67,0,21.27,1
3GT,TAM05,P2_529CL_ERR_1,Z5B : 529CL Fail to extend  (Rtrn buffer in),UNCLASSIFIED,12,2,16.667,3,20,6.67,0,64.6,1
3GT,TAM07,P3_804PRS_5_FAIL,Z8  : 804PRS-5 Sensor fail (Still off),UNCLASSIFIED,29,2,6.897,3,20,6.67,0,59.11,1
3GT,TAM07,P6_4002SRV_ERR_1,Z4B : 4002SRV Fail to move,UNCLASSIFIED,15,2,13.333,3,20,6.67,33.33,-22.62,1.33
3GT,TAM09,P0_236CL_ERR_1,Z2B : 236CL Fail to EXTEND  (Shutter@cure),UNCLASSIFIED,13,3,23.077,3,20,6.67,100,41.07,2
3GT,TAM10,P1_311CL_ERR_1,Z3  : 311CL Fail to EXTEND  (ALI out-Escape),UNCLASSIFIED,17,1,5.882,3,20,6.67,66.67,149.53,1.67
3GT,TAM22,L22_P3_0538CL.stat.Fte,P3_0538CL Fail to Extend,UNCLASSIFIED,90,1,1.111,3,20,6.67,0,121.96,1
FLEX,TAM25,[00G3_K002]Program:EM0372_Shingle_Check.ALMD_Shingle_FC_Detection,EM0372 Shingle FC is detected on Stage at Shingle Check station,ROOT_CAUSE_CANDIDATE,981,3,0.306,3,20,6.67,0,-1.34,2
FLEX,TAM25,[00G3_K022]Program:EM0901_PP_IMM_Xfer.ALMD_RBT1_Fault,EM0901 PP Carry Over Robot Alarm: Status fault,LONG_DURATION,86,1,1.163,3,20,6.67,0,94.35,1
FLEX,TAM30,[00G3_K003]Program:EM0312_Demold.ALMD_00G7_M003SV_Not_Ready,EM0312 Z02/Z03 SV Not Ready (EM00G7-M003SV),STOP_ALARM_CANDIDATE|CASCADE_SYMPTOM_CANDIDATE,489,3,0.613,3,20,6.67,100,118.11,2.33
3GT,TAM01,P7_535PRS_OF_ER,Z5B : 535PRS still ON,UNCLASSIFIED,31,1,3.226,2,20,10,0,32.08,1
3GT,TAM01,P2_516SRV_ERR_3,Z5B : 516SRV Parameter error(Rtrn buffer),UNCLASSIFIED,13,1,7.692,2,20,10,0,7.9,1
3GT,TAM01,P0_O2_LEVEL_ERR,Z2B : Zone02B O2 Level reached alarm level,LONG_DURATION,3,1,33.333,2,20,10,0,79.08,1
3GT,TAM02,P2_516SRV_ERR_1,Z5B : 516SRV Fail to move   (Rtrn buffer),UNCLASSIFIED,9,2,22.222,2,20,10,100,225.9,2
3GT,TAM05,P2_576CL_ERR_1,Z5B : 576CL Fail To extend  (Lens xfer out),UNCLASSIFIED,3,1,33.333,2,20,10,0,78.63,1
3GT,TAM09,P1_312PRS_FAIL,Z3  : 312PRS Sensor fail,UNCLASSIFIED,62,2,3.226,2,20,10,100,95.25,2
3GT,TAM10,P0_RBT_ABNORMAL,Z2A : Robot abnormal condition,UNCLASSIFIED,12,1,8.333,2,20,10,0,73.61,1
3GT,TAM10,P0_234CL_ERR_1,Z2B : 234CL Fail to EXTEND  (Prec out),UNCLASSIFIED,19,1,5.263,2,20,10,0,36.48,1
3GT,TAM18,P2_584CL_ERR_1,Z5B : 584CL Fail To extend  (DI removal out),UNCLASSIFIED,64,1,1.562,2,20,10,0,266.53,1
3GT,TAM20,P2_523CL_ERR_1,Z5B : 523CL Fail to extend  (Saline inlet),UNCLASSIFIED,7,2,28.571,2,20,10,100,18.31,2
3GT,TAM20,P1_406PRS_FAIL,Z4  : 406PRS Sensor fail,UNCLASSIFIED,6,1,16.667,2,20,10,0,6.71,1
3GT,TAM22,L22_P3_Z05B_Warning.Edg_NotFound_Cmr2,Z05B : Camera-2 Edge Not Found,WARNING|CASCADE_SYMPTOM_CANDIDATE,300,2,0.667,2,20,10,100,88.69,1.5
FLEX,TAM25,[00G3_K002]Program:EM0200_Zone.ALMD_IncompleteCycleStop,EM0200 Z02 Incomplete cycle stop,STOP_ALARM_CANDIDATE|CASCADE_SYMPTOM_CANDIDATE,124,2,1.613,2,20,10,100,16.12,3
FLEX,TAM26,[00G3_K002]Program:EM0295_FC_Pallet_Infeed.ALMD_T001SVP_Driver_Fault,EM0295 T001SVP Accumulator Singulate Driver fault,STOP_ALARM_CANDIDATE,61,1,1.639,2,20,10,0,12.68,2
FLEX,TAM27,[00G3_K002]Program:EM0200_RawMaterialTracking.ALMD_LotChange_BC_Resin_AL,Timeout occured entering RMT Info for BC RESIN,UNCLASSIFIED,4,1,25,2,20,10,0,-25.25,1
FLEX,TAM28,[00G3_K502]Program:EM1032_Carton_Xfer_for_Folding.ALMD_B501PS_OffFail,EM1032 B501PS OffFail,ROOT_CAUSE_CANDIDATE,186,1,0.538,2,20,10,0,-23.64,2
FLEX,TAM31,[00G3_K502]Program:EM0806_Stray_To_Empty_Stray_Buffer.ALMD_B502PHS_OffFail,EM0806 B502PHS OffFail,UNCLASSIFIED,39,1,2.564,2,20,10,0,85.63,1
3GT,TAM01,P7_513SRV_ERR_5,Z5B : 513SRV Over drive     (ARO Out Y-axis),UNCLASSIFIED,35,1,2.857,1,20,20,100,118.88,2
3GT,TAM01,P7_534PRS_ON_ER,Z5B : 534PRS Retainer not detect,UNCLASSIFIED,13,1,7.692,1,20,20,100,12.95,2
3GT,TAM05,P6_Z04B_ALM_4013PRS_Jam,Z04B : 4013PRS Fail to transfer stages at 4013PRS,UNCLASSIFIED,1,1,100,1,20,20,0,115.95,1
3GT,TAM05,P6_Z04B_ALM_4005GLS_SOL_Fail,Z04B : 4005GLS solenoid enable condition fail,UNCLASSIFIED,14,1,7.143,1,20,20,100,-24.06,2
3GT,TAM06,P6_HSC2FAIL_RST,Z4B : High speed counter #2 (4000FM) Fail to be Reset,UNCLASSIFIED,18,1,5.556,1,20,20,100,192.48,2
3GT,TAM06,P0_RBT_home_ERR,Z2A : Mitsubishi robot could not Home (check Netstal),UNCLASSIFIED,21,1,4.762,1,20,20,0,99.71,1
3GT,TAM07,P6_ALM1_I_DRAIN,Z4B : Tower#2 drain high high level         (L1),LONG_DURATION,9,1,11.111,1,20,20,100,109.32,2
3GT,TAM09,P0_260CL_ERR_1,Z2B : 260CL Fail to EXTEND  (FC plt infeed),UNCLASSIFIED,30,1,3.333,1,20,20,100,113.92,2
3GT,TAM18,IVEK1_Alarm_Error3,Z02B: IVEK1 Rotary Sensor Fault,UNCLASSIFIED,35,1,2.857,1,20,20,0,5.57,1
3GT,TAM20,P3_61PS_FAIL,Z6  : 61PS Sensor fail (Still on),CASCADE_SYMPTOM_CANDIDATE,393,1,0.254,1,20,20,100,67.5,2
3GT,TAM21,L21_P3_0543CL.stat.Fte,P3_0543CL Fail to Extend,UNCLASSIFIED,90,1,1.111,1,20,20,0,65.01,1
3GT,TAM22,L22_P1_0273PRS.Alarm1,Z02B : 273PRS Sensor fail to be on (Precure inlet),CASCADE_SYMPTOM_CANDIDATE,377,1,0.265,1,20,20,0,-10.1,1
3GT,TAM22,L22_P3_HeatSeal_Clean.HMI01,"Heat Seal Stroke Count = 8223, Did you Clean Heat Seat Dies ?: Heat Seal Sensor Status = OFF~Minimum time remaining to clean ~Heat",UNCLASSIFIED,29,1,3.448,1,20,20,0,-0.21,1
FLEX,TAM26,[00G3_K002]Program:EM0324_Hyd_Buffer.ALMD_T001SVP_Driver_Fault,EM0324 T001SVP Hydration Buffer Feed Driver fault,STOP_ALARM_CANDIDATE,2,1,50,1,20,20,0,56.37,2
FLEX,TAM28,[00G3_K042]Program:UN01_Standard.ALMD_01G6_B005GLS,Z01 Guard Door Open =01G6+MA-B005GLS,DOOR_OR_GUARD|OPERATOR_INITIATED_FLEX|STOP_ALARM_CANDIDATE|LONG_DURATION,7,1,14.286,1,20,20,100,-42.63,3
FLEX,TAM28,[00G3_K042]Program:UN02_Standard.ALMD_02G6_B007GLS,Z02 Guard Door Open =02G6_B007GLS,DOOR_OR_GUARD|OPERATOR_INITIATED_FLEX|STOP_ALARM_CANDIDATE|CASCADE_SYMPTOM_CANDIDATE,111,1,0.901,1,20,20,100,197.79,3
3GT,TAM01,P6_DI1_DRAIN_HI,Z4B : Tower #1 drain high high level,LONG_DURATION,19,2,10.526,3,19,6.33,66.67,44.95,1.67
3GT,TAM02,P6_CNS_DBE_FAIL,Z4B : Consecutive DBE dosing failure,UNCLASSIFIED,51,2,3.922,3,19,6.33,33.33,50.69,1.33
3GT,TAM05,P3_609CL_ERR_1,Z6  : 609CL Fail to extend (Array chuck),UNCLASSIFIED,40,3,7.5,3,19,6.33,100,89.8,2
3GT,TAM05,P2_556CL_ERR_1,Z5B : 556CL Fail to EXTEND,UNCLASSIFIED,18,3,16.667,3,19,6.33,0,60.76,1
3GT,TAM05,P3_dom_not_rdy,Z8 : Domino laser is not ready,STOP_ALARM_CANDIDATE,14,2,14.286,3,19,6.33,0,70.64,2
3GT,TAM06,P2_514PRS_OF_ER,Z5B : 514PRS still ON,ROOT_CAUSE_CANDIDATE,78,2,2.564,3,19,6.33,33.33,52.02,2.33
3GT,TAM06,P2_527PHS1_OF_ER,Z5B : 527PHS-1 still ON,UNCLASSIFIED,19,1,5.263,3,19,6.33,33.33,45.19,1.33
3GT,TAM09,P0_230CL_ERR_1,Z2B : 230CL Fail to EXTEND  (Prec xfer U/D),UNCLASSIFIED,69,3,4.348,3,19,6.33,100,119.44,2
3GT,TAM10,P1_455CL_ERR_2,Z4  : 455CL Fail to RETRACT (Stage pusher to elev),UNCLASSIFIED,41,3,7.317,3,19,6.33,0,41.2,1
3GT,TAM10,P1_FC_VRIFY_ERR,Z4  : FC detected on the stage (FC verify),UNCLASSIFIED,55,2,3.636,3,19,6.33,33.33,50.27,1.33
3GT,TAM10,P7_CHUCK_OPEN,Z5C : Foil bobbin chuck open,UNCLASSIFIED,87,2,2.299,3,19,6.33,33.33,-12.62,1.33
3GT,TAM10,PLC1CommunicationDown,PLC1 communication is down,UNCLASSIFIED,1,1,100,3,19,6.33,0,75.71,1
3GT,TAM10,FMD_Cons_Reject,Zone05B: Consecutive FMD vision system inspection fail,UNCLASSIFIED,4,1,25,3,19,6.33,33.33,41.99,1.33
3GT,TAM18,P3_1006PHSUKNOW,Z10 : 1006PHS Carton jam (Check carton),STOP_ALARM_CANDIDATE,2,1,50,3,19,6.33,0,111.54,2
3GT,TAM18,P3_Dom_not_rdy,Z8: Laser Not Ready,STOP_ALARM_CANDIDATE,13,1,7.692,3,19,6.33,0,115.88,2
3GT,TAM22,L22_P3_0534PRS.Alarm2,Z05B : 534PRS still ON,UNCLASSIFIED,56,1,1.786,3,19,6.33,33.33,93.8,1.33
FLEX,TAM25,[00G3_K042]Program:UN09_Standard.ALMD_09_900GLS4_1,Z09 Guard Magnetic SW Open 900GLS4-1,DOOR_OR_GUARD|OPERATOR_INITIATED_FLEX|STOP_ALARM_CANDIDATE|LONG_DURATION,30,1,3.333,3,19,6.33,0,199,2
FLEX,TAM25,[00G3_K002]Program:EM0332_FC_Transfer.ALMD_K001CTL_Error,EM0332 FC Transfer Robot Error: Error,UNCLASSIFIED,78,1,1.282,3,19,6.33,0,149.93,1
3GT,TAM01,P0_260CL_ERR_2,Z2B : 260CL Fail to RETRACT (FC plt infeed),UNCLASSIFIED,2,1,50,2,19,9.5,0,123.5,1
3GT,TAM02,P2_506CL_ERR_1,Z5B : 506CL Fail to extend (Pre-Dose),UNCLASSIFIED,19,2,10.526,2,19,9.5,50,18.3,1.5
3GT,TAM05,P7_514SRV_ERR_7,Z5B : 514SRV Lag error      (Foil for lasr),UNCLASSIFIED,12,1,8.333,2,19,9.5,50,-9.21,1.5
3GT,TAM05,P2_514CL_ERR_1,Z5B : 514CL Fail to extend  (Lens xfer out),UNCLASSIFIED,1,1,100,2,19,9.5,0,-5.67,1
3GT,TAM05,P6_Z04B_4003SRV_Driver_Fault,Z04B : 4003SRV Driver axis fault,UNCLASSIFIED,7,1,14.286,2,19,9.5,0,-2.06,1
3GT,TAM05,P6_Z04B_ALM_cns_DBE_Fail,Z04B : Consecutive DBE dosing failure,UNCLASSIFIED,6,2,33.333,2,19,9.5,0,7.42,1
3GT,TAM06,P6_4003SRV_ERR_7,Z4B : 4003SRV Lag error,UNCLASSIFIED,11,2,18.182,2,19,9.5,100,0.14,2
3GT,TAM07,P1_454PRS_FAIL1,Z4  : 454PRS fail to be ON,UNCLASSIFIED,12,2,16.667,2,19,9.5,0,8.44,1
3GT,TAM07,P1_401SRV_ERR_5,Z4  : 401SRV Over drive     (Hyd buf outlet),UNCLASSIFIED,44,2,4.545,2,19,9.5,100,73.93,2
3GT,TAM09,P1_314CL_ERR_1,Z3  : 314CL Fail to EXTEND  (Push to Hyd buf),LONG_DURATION,2,1,50,2,19,9.5,100,119.01,2
3GT,TAM09,P8_LABEL_NOTRDY,Z10 : Labeler is not ready,STOP_ALARM_CANDIDATE,26,2,7.692,2,19,9.5,0,136.79,2
3GT,TAM10,P7_ENOUGH_FOIL,Z5C : Not enough foil (->Check foil reel),ROOT_CAUSE_CANDIDATE,72,2,2.778,2,19,9.5,50,252.18,1.5
3GT,TAM17,P6_4012CL_ERR_1,Z4B : 4012CL Fail to Extend,LONG_DURATION,26,2,7.692,2,19,9.5,100,65.99,2
3GT,TAM18,P7_CHUCK_OPEN,Z5C : Foil bobbin chuck open,UNCLASSIFIED,70,2,2.857,2,19,9.5,50,59.49,1.5
3GT,TAM22,L22_P2_0438PRS.Alarm2,Z04B : 438PRS Sensor fail to be off,UNCLASSIFIED,6,1,16.667,2,19,9.5,0,54.43,1
3GT,TAM22,L22_P1_0209PRS.Alarm1,Z02B : Sampling conveyor Jammed or Missing 209PRS,UNCLASSIFIED,41,2,4.878,2,19,9.5,0,175.97,1
FLEX,TAM28,[04G3_K022]Program:UN04_Standard.ALMD_04G6_B017GLS,Z04 GUARD DOOR OPEN (=04G6_B017GLS),DOOR_OR_GUARD|OPERATOR_INITIATED_FLEX|STOP_ALARM_CANDIDATE|LONG_DURATION,26,2,7.692,2,19,9.5,100,43.63,3
3GT,TAM01,P7_MMLS_MISSED_LENS1,Z5B: Three Consecutive MMLS Detect after Heatseal,UNCLASSIFIED,87,1,1.149,1,19,19,0,140.02,1
3GT,TAM02,P7_511VAC_2_ERR,Z5B : 511vac2 array vaccum fault at 513SRV,UNCLASSIFIED,3,1,33.333,1,19,19,0,-1.97,1
3GT,TAM02,P1_4221CL_ERR_2,Z4  : 422CL-1 Fail to RETRACT(FC xfer X1),LONG_DURATION,13,1,7.692,1,19,19,100,236.89,2
3GT,TAM02,P3_CMS_COM_TOUT,Z8  : Laser marker communication time out failure,STOP_ALARM_CANDIDATE,6,1,16.667,1,19,19,0,4.01,2
3GT,TAM05,P2_516PRS_ON_ER,Z5B : 516PRS Puck not detect,UNCLASSIFIED,6,1,16.667,1,19,19,0,41.97,1
3GT,TAM06,P6_4000SRV_ERR_5,Z4B : 4000SRV Over drive,UNCLASSIFIED,3,1,33.333,1,19,19,100,204.48,2
3GT,TAM07,P2_54PS_ERROR,Z5AB: 54PS Air pressure low,LONG_DURATION,16,1,6.25,1,19,19,100,-28.83,2
3GT,TAM10,P6_OVER_HE_PEL,Z4B : Hyd. PEL over entry level during door open,DOOR_OR_GUARD|POSSIBLE_OPERATOR_ACCESS_LEGACY|STOP_ALARM_CANDIDATE,2,1,50,1,19,19,100,53.16,3
3GT,TAM10,P2_21IDC_FAULT,"PLC2: IDC to 511,512,513,514 disconnect",UNCLASSIFIED,51,1,1.961,1,19,19,100,35.71,2
3GT,TAM17,P1_405SRV_ERR_7,Z4  : 405SRV Lag error      (Stage load),UNCLASSIFIED,13,1,7.692,1,19,19,100,111.13,2
3GT,TAM17,P0_Z2_210SRV_GrdOpen,Z02B: 210SRV Guard Open,DOOR_OR_GUARD|POSSIBLE_OPERATOR_ACCESS_LEGACY|STOP_ALARM_CANDIDATE|LONG_DURATION,17,1,5.882,1,19,19,100,26.99,3
3GT,TAM18,P6_4015GLS_FAIL,Z4B : 4015LCK Airlock Feedback Fail,UNCLASSIFIED,7,1,14.286,1,19,19,0,11.91,1
3GT,TAM18,P2_525PRS_OF_ER,Z5B : 525PRS still ON,UNCLASSIFIED,37,1,2.703,1,19,19,0,52.96,1
3GT,TAM20,P7_CHUCK_OPEN,Z5C : Foil bobbin chuck open,CASCADE_SYMPTOM_CANDIDATE,145,1,0.69,1,19,19,100,53.83,2
3GT,TAM21,L21_P3_HeatSeal_Clean.HMI01,"Heat Seal Stroke Count = 4288, Did you Clean Heat Seat Dies ?: Heat Seal Sensor Status = OFF~Minimum time remaining to clean ~Heat",LONG_DURATION,24,1,4.167,1,19,19,0,20.55,1
3GT,TAM21,L21_P3_Z05B_Warning.Regist_NotinRange_Cmr2,Z05B : Camera-2 Registration not inrange,WARNING|CASCADE_SYMPTOM_CANDIDATE,233,1,0.429,1,19,19,100,97.05,2
3GT,TAM23,L23_P4_Z10_Alarm.CW_error,Z10 : Check weigher error,UNCLASSIFIED,36,1,2.778,1,19,19,0,82.2,1
3GT,TAM23,L23_P4_0814CL.stat.Ftr,P4_0814CL Fail to Retract   !! Still pressurised with Perfect Block !!,LONG_DURATION,4,1,25,1,19,19,0,147.92,1
3GT,TAM23,L23_P4_1017PHS.Alarm1,Z10 : 1017PHS Empty-tray jam/sensor fail (Missing),STOP_ALARM_CANDIDATE,3,1,33.333,1,19,19,0,257.35,2
FLEX,TAM25,[00G3_K502]Program:EM10G2_Devices_general_DC.ALMD_K504CTL_Emergency,EM10G2 K504CTL Emergency stopped,STOP_ALARM_CANDIDATE|CASCADE_SYMPTOM_CANDIDATE,1052,1,0.095,1,19,19,0,57.22,2
FLEX,TAM28,[00G3_K042]Program:UN03_Standard.ALMD_03G6_B006GLS,Z03 Under Guard Door Open =03G6_B006GLS,DOOR_OR_GUARD|OPERATOR_INITIATED_FLEX|STOP_ALARM_CANDIDATE|LONG_DURATION,6,1,16.667,1,19,19,0,184.97,2
FLEX,TAM29,[00G3_K002]Program:EM0200_deviceWISE.ALMD_DeviceWiseReceiveDataError,"Device Wise to PLC : Transaction Completion time exceeded - If this persists, check Device Wise Application Report Log.",UNCLASSIFIED,2,1,50,1,19,19,0,0.67,1
3GT,TAM02,P3_807PHS3_MISS,Z8  : 807PHS-3 Array missing (Check jam or sensor),STOP_ALARM_CANDIDATE,22,1,4.545,3,18,6,0,80.68,2
3GT,TAM05,P0_223PHS_FAIL,Z2B:  223PHS Pallet Tracking Mismatch,UNCLASSIFIED,13,1,7.692,3,18,6,33.33,73.65,1.33
3GT,TAM05,P1_400CL_ERR_1,Z4  : 400CL Fail to EXTEND  (Hyd buf inlet),LONG_DURATION,1,1,100,3,18,6,0,118.88,1
3GT,TAM06,P2_RBT_home_ERR,Z5A : Mitsubishi robot couldn't Home (chk Cube/Yushin),UNCLASSIFIED,20,1,5,3,18,6,33.33,181.55,1.33
3GT,TAM06,P3_1010CL_ERR_1,Z10 : 1010CL Fail to extend (Stacked carton pusher,ROOT_CAUSE_CANDIDATE,60,3,5,3,18,6,0,58.29,2
3GT,TAM07,P3_807PHS4_MISS,Z8  : 807PHS-4 Array missing (Check jam or sensor),STOP_ALARM_CANDIDATE,26,1,3.846,3,18,6,0,130.87,2
3GT,TAM18,P6_REDOSE_ALMT2,Z4B : Tower 2 IPA Processing Dose Alarm,UNCLASSIFIED,73,1,1.37,3,18,6,0,90.7,1
3GT,TAM18,P2_CMM_512ID,Z5B : Consecutive 512IDR mismatch,UNCLASSIFIED,24,1,4.167,3,18,6,0,23.41,1
3GT,TAM20,301_PRS_FAIL,Z3: 301 PRS FAIL,UNCLASSIFIED,30,1,3.333,3,18,6,0,50.47,1
3GT,TAM21,L21_P4_1018PHS.Alarm1,Z10 : 1018PHS Empty-tray jam/sensor fail (Missing),STOP_ALARM_CANDIDATE,16,1,6.25,3,18,6,0,61.66,2
3GT,TAM22,L22_P4_EndOfLot.HMI05,End of lot procedure: Wait for complete Purge procedure.,UNCLASSIFIED,15,1,6.667,3,18,6,0,19.86,1
FLEX,TAM24,[00G3_K042]Program:UN10_Standard.ALMD_10G6_B507GLS,Z10 Guard Door Open =10G6_B507GLS,DOOR_OR_GUARD|OPERATOR_INITIATED_FLEX|STOP_ALARM_CANDIDATE|CASCADE_SYMPTOM_CANDIDATE,134,1,0.746,3,18,6,0,109.74,2
FLEX,TAM24,[00G3_K042]Program:UN03_Standard.ALMD_03G6_B005GLS,Z03 Under Guard Door Open =03G6_B005GLS,DOOR_OR_GUARD|OPERATOR_INITIATED_FLEX|STOP_ALARM_CANDIDATE|LONG_DURATION,4,1,25,3,18,6,66.67,179.31,2.67
FLEX,TAM25,[00G3_K002]Program:EM0232_Monomer_DosePump.ALMD_Monomer_Estop,EM0232 Monomer Estop (EM02G6 I_K001SR),STOP_ALARM_CANDIDATE,4,1,25,3,18,6,0,179.03,2
FLEX,TAM26,[04G3_K002]Program:EM0480_Elevator5.ALMD_K001CTL_CommError,EM0480 K001CTL Controller Communication Error,STOP_ALARM_CANDIDATE,37,1,2.703,3,18,6,0,273.94,2
FLEX,TAM26,[00G3_K022]Program:EM0901_PP_IMM_Xfer.ALMD_RBT1_Door_Open,EM0901 PP Carry Over Robot Error: Door Open,DOOR_OR_GUARD|OPERATOR_INITIATED_FLEX|STOP_ALARM_CANDIDATE|LONG_DURATION,10,2,20,3,18,6,0,127.62,2.67
FLEX,TAM26,[00G3_K022]Program:EM0542_Foil_Transfer.ALMD_K001CTL_Error,EM0542 Foil Transfer Robot Error: Error,UNCLASSIFIED,53,1,1.887,3,18,6,0,83.27,1
FLEX,TAM28,[00G3_K042]Program:UN02_Standard.ALMD_02G6_B003GLS,Z02 Guard Door Open =02G6_B003GLS,DOOR_OR_GUARD|OPERATOR_INITIATED_FLEX|STOP_ALARM_CANDIDATE|LONG_DURATION,29,1,3.448,3,18,6,0,181.71,2
FLEX,TAM30,[00G3_K002]Program:EM0200_Zone.ALMD_IncompleteCycleStop,EM0200 Z02 Incomplete cycle stop,STOP_ALARM_CANDIDATE,26,1,3.846,3,18,6,0,-2.24,2
FLEX,TAM31,[04G3_K002]Program:EM0442_Tower2_Extraction.ALMD_Ext_RedoseFail_ALM,EM0442 Tower #2 Extraction redose fail (consecutive 20 Times),UNCLASSIFIED,6,2,33.333,3,18,6,0,-15.51,1
3GT,TAM02,P3_615MAG_FAIL,Z8  : 615M MC feedback error (Zone08 Motor),CASCADE_SYMPTOM_CANDIDATE,295,1,0.339,2,18,9,0,279.66,1
3GT,TAM02,P2_514PRS_OF_ER,Z5B : 514PRS still ON,UNCLASSIFIED,147,2,1.361,2,18,9,100,197.51,2
3GT,TAM06,P3_807PHS4_MISS,Z8  : 807PHS-4 Array missing (Check jam or sensor),STOP_ALARM_CANDIDATE,11,1,9.091,2,18,9,0,79.99,2
3GT,TAM07,P6_4009PRSFAIL1,Z4B : 4009PRS fail to be ON,LONG_DURATION,14,2,14.286,2,18,9,100,102.28,2
3GT,TAM09,P1_308PRS_FAIL,Z3  : 308PRS Sensor fail,UNCLASSIFIED,3,1,33.333,2,18,9,100,185.16,2
3GT,TAM10,P2_529CL_ERR_1,Z5B : 529CL Fail to extend  (Rtrn buffer in),UNCLASSIFIED,1,1,100,2,18,9,0,-28.11,1
3GT,TAM17,SBM_W01_Ldoor_Opnd,Z6/7 : Sterilizer Load Door Is Still Opened,DOOR_OR_GUARD|POSSIBLE_OPERATOR_ACCESS_LEGACY|STOP_ALARM_CANDIDATE,1,1,100,2,18,9,0,257.86,2
3GT,TAM18,P2_554PRS8_ON_ER,Z5B : 554PRS-8 Puck not detect,UNCLASSIFIED,118,2,1.695,2,18,9,50,156.85,1.5
3GT,TAM18,FMD_Cons_Reject,Zone05B: Consecutive FMD vision system inspection fail,UNCLASSIFIED,16,2,12.5,2,18,9,0,42.6,1
3GT,TAM20,P3_863CL_ERR_1,Z8  : 863CL Fail to extend (Reject pusher),UNCLASSIFIED,6,2,33.333,2,18,9,0,-16.36,1
3GT,TAM20,P3_813PHS_UKNOW,Z8  : 813PHS Tray jam or sensor fail (Remain),STOP_ALARM_CANDIDATE|LONG_DURATION,2,1,50,2,18,9,0,64.3,2
3GT,TAM21,L21_P1_Z02B_Alarm.RMT_Error,Z02B : Raw Material Tracking error,UNCLASSIFIED,2,2,100,2,18,9,50,20.67,1.5
3GT,TAM21,L21_P3_Z05B_Alarm.Blow_Press_Error,Z05B : DI removal blow pressure out of range,LONG_DURATION,11,1,9.091,2,18,9,0,52.28,1
3GT,TAM21,L21_P1_Z01_Warning.FCB2_Mold_NoChip,Z01 : FCB2 Mold No Chip,WARNING|CASCADE_SYMPTOM_CANDIDATE,358,2,0.559,2,18,9,100,49.4,1
3GT,TAM21,L21_P1_0212PRS.Alarm1,Z02B : 212PRS Sensor fail to be on,LONG_DURATION,22,1,4.545,2,18,9,0,49.85,1
3GT,TAM21,L21_P1_AlmostEndOfLot.HMI01,Warning: Almost End of Lot. ~Get Next lot Cassettes read,WARNING,95,2,2.105,2,18,9,0,106.99,1
3GT,TAM21,L21_P1_0222PRS.Alarm1,Z02B : 222PRS Sensor fail to be on,UNCLASSIFIED,3,1,33.333,2,18,9,0,-16.29,1
3GT,TAM22,L22_P1_Z03_Alarm.Cmd_BL,Z03 : CMD Bottom Left (304CL),CASCADE_SYMPTOM_CANDIDATE,143,1,0.699,2,18,9,100,90.37,2
FLEX,TAM27,[00G3_K002]Program:EM0295_FC_Pallet_Infeed.ALMD_T001SVP_Driver_Fault,EM0295 T001SVP Accumulator Singulate Driver fault,STOP_ALARM_CANDIDATE,19,1,5.263,2,18,9,0,-25.81,2
3GT,TAM01,P2_SALINE_LOLO,Z5B : Saline tank low low level (Check 593SV),LONG_DURATION,9,1,11.111,1,18,18,0,118.07,1
3GT,TAM01,P1_402CL_ERR_1,Z4  : 402CL Fail to EXTEND  (Hyd buf outlet),UNCLASSIFIED,4,1,25,1,18,18,100,-34.32,2
3GT,TAM01,P2_550PHS_OF_ER,Z5B : 550PHS still ON,UNCLASSIFIED,29,1,3.448,1,18,18,0,31.53,1
3GT,TAM02,P1_401SRV_ERR_7,Z4  : 401SRV Lag error      (Hyd buf outlet),UNCLASSIFIED,37,1,2.703,1,18,18,100,113.94,2
3GT,TAM06,P6_4004SRV_ERR_1,Z4B : 4004SRV Fail to move,UNCLASSIFIED,22,1,4.545,1,18,18,100,36.58,2
3GT,TAM06,P6_LONG_PG_ER,Z4B : PG Tower extraction time too long,UNCLASSIFIED,21,1,4.762,1,18,18,100,-16.75,2
3GT,TAM07,P7_LOC_MISMATCH,Z5B : Jam at walking beam (542PRS),STOP_ALARM_CANDIDATE|CASCADE_SYMPTOM_CANDIDATE,117,1,0.855,1,18,18,0,12.27,2
3GT,TAM07,P8_1005PHSUKNOW,Z10 : 1005PHS Unknown carton (Remove carton),UNCLASSIFIED,32,1,3.125,1,18,18,0,74.68,1
3GT,TAM10,P2_IVK_COM_TOUT,Z5  : Communication time out with IVEK2,STOP_ALARM_CANDIDATE,2,1,50,1,18,18,100,124.17,3
3GT,TAM10,P3_809CL_ERR_1,Z8  : 809CL Fail to extend (Array chuck),UNCLASSIFIED,52,1,1.923,1,18,18,0,-13.89,1
3GT,TAM21,L21_P1_0419CL.stat.Fte,P1_0419CL Fail to Extend,UNCLASSIFIED,4,1,25,1,18,18,0,6.23,1
FLEX,TAM26,[04G3_K002]Program:EM0480_Elevator5.ALMD_T001SVP_FailToMove,EM0480 T001SVP Elevator #5 Fail to move,UNCLASSIFIED,17,1,5.882,1,18,18,0,-2.86,1
FLEX,TAM26,[00G3_K502]Program:EM0807_Array_Insert_Unloader.ALMD_B502PHS_OffFail,EM0807 B502PHS OffFail,ROOT_CAUSE_CANDIDATE,225,1,0.444,1,18,18,0,245.61,1
FLEX,TAM27,[00G3_K002]Program:EM0360_LensTransfer_to_FC_Detection.ALMD_T001SVP_Driver_Fault,EM0360 T001SVP Lens Transfer to FC Detect Station Driver fault,STOP_ALARM_CANDIDATE,1,1,100,1,18,18,0,33.76,2
FLEX,TAM29,[00G3_K042]Program:UN10_Standard.ALMD_10G6_B504GLS,Z10 Guard Door Open =10G6_B504GLS,DOOR_OR_GUARD|OPERATOR_INITIATED_FLEX|STOP_ALARM_CANDIDATE|CASCADE_SYMPTOM_CANDIDATE,230,1,0.435,1,18,18,0,53.52,2
3GT,TAM01,P3_862PHS_UKNOW,Z8  : 862PHS 3 consecutive unknown carton detected,UNCLASSIFIED,87,1,1.149,2,17,8.5,0,89.53,1
3GT,TAM01,P0_203CL_ERR_2,Z2A : 203CL Fail to RETRACT (BC Side),UNCLASSIFIED,12,2,16.667,2,17,8.5,100,62.03,2
3GT,TAM05,P1_312PRS_FAIL,Z3  : 312PRS Sensor fail,UNCLASSIFIED,24,1,4.167,2,17,8.5,0,-53.27,1
3GT,TAM05,P2_534CL_ERR_1,Z5B : 534CL Fail to extend  (Rjct C/V #1 out),UNCLASSIFIED,28,2,7.143,2,17,8.5,0,121.84,1
3GT,TAM05,P16_LPR0_communicating,Z8  : Laser communication timed out,CASCADE_SYMPTOM_CANDIDATE,338,2,0.592,2,17,8.5,0,27.3,1
3GT,TAM07,P3_FLAP_OPEN_NG,Z8  : 860PHS 3 Consecutive carton flap open NG,ROOT_CAUSE_CANDIDATE,67,1,1.493,2,17,8.5,0,158.02,1
3GT,TAM18,P7_510VAC_ERR,Z5B : 510VAC array xfer vacuum fault,UNCLASSIFIED,42,2,4.762,2,17,8.5,50,86.23,1.5
3GT,TAM18,P6_SHORT_FLS1ER,Z4B : Tower#1 flush time too short,UNCLASSIFIED,54,2,3.704,2,17,8.5,100,182.72,2
3GT,TAM21,L21_P1_AutoSample.HMI01,Pallet has sample out due to Lot change.: Please take out pallet from Sample conveyor and then press Acknowledge button.,CASCADE_SYMPTOM_CANDIDATE,151,1,0.662,2,17,8.5,0,1.4,1
3GT,TAM21,L21_P6_PSS04_4013GLS.Alarm,Guard SW (Vapor Enclosure2 Exit Shutter) Feedback Error(4013GLS),DOOR_OR_GUARD|GUARD_SYSTEM_FAULT|CASCADE_SYMPTOM_CANDIDATE,619,1,0.162,2,17,8.5,0,-6.3,1
3GT,TAM22,L22_P3_0562PRS.Alarm1,Z05B : 562PRS Puck not detect,UNCLASSIFIED,54,2,3.704,2,17,8.5,100,227.08,2
3GT,TAM22,L22_P1_0230_2PRS.Alarm2,Z02B : UV Screen not detect in tunnel (230PRS-2),LONG_DURATION,3,1,33.333,2,17,8.5,0,154.48,1
FLEX,TAM29,[04G3_K022]Program:UN04_Standard.ALMD_04G6_B025GLS,Z04 CONVEYOR GUARD DOOR OPEN (=04G6_B025GLS),DOOR_OR_GUARD|OPERATOR_INITIATED_FLEX|STOP_ALARM_CANDIDATE|LONG_DURATION,2,1,50,2,17,8.5,100,35.05,3
3GT,TAM01,P3_605PRS_2_FAIL,Z6  : 605PRS-2 Sensor fail (Still off),UNCLASSIFIED,6,1,16.667,1,17,17,100,77.17,2
3GT,TAM01,P7_CHUCK_OPEN,Z5C : Foil bobbin chuck open,UNCLASSIFIED,59,1,1.695,1,17,17,100,101.53,2
3GT,TAM02,P2_516SRV_ERR_2,Z5B : 516SRV driver error   (Rtrn buffer),UNCLASSIFIED,15,1,6.667,1,17,17,0,85.38,1
3GT,TAM06,P0_CUR_PAL_FAIL,Z2B : Cure inlet pallet count mismatch,ROOT_CAUSE_CANDIDATE,43,1,2.326,1,17,17,100,108.15,3
3GT,TAM06,P3_620PHS_MISS,Z6  : 620PHS Tray jam or sensor fail (Missing),STOP_ALARM_CANDIDATE,14,1,7.143,1,17,17,100,219.09,3
3GT,TAM07,P3_861PHS_UKNOW,Z8  : 861PHS Unknown array detected (Remove array),UNCLASSIFIED,39,1,2.564,1,17,17,0,278.15,1
3GT,TAM09,P2_BLOW_PRES_ERR,Z5B : DI removal blow pressure out of range,LONG_DURATION,7,1,14.286,1,17,17,100,75.54,2
3GT,TAM10,P6_PULL_CORD,Z4B : Emergency stop pull cord pulled,STOP_ALARM_CANDIDATE,49,1,2.041,1,17,17,100,70.92,3
3GT,TAM10,P0_243CL_ERR_2,Z2B : 243CL Fail to RETRACT (Plt to preheat),LONG_DURATION,3,1,33.333,1,17,17,100,61.94,2
3GT,TAM10,P1_400SRV_ERR_2,Z4  : 400SRV Driver error   (Hyd buf load),LONG_DURATION,2,1,50,1,17,17,100,37.6,2
3GT,TAM21,L21_P4_Z08_Alarm.mmath_800BCR,Z08 : 800BCR Tray ID mismatch failure,UNCLASSIFIED,17,1,5.882,1,17,17,0,-4.91,1
3GT,TAM21,L21_P3_0512VAC_03.stat.Ftc,P3_0512VAC_03 Fail to Close,UNCLASSIFIED,16,1,6.25,1,17,17,0,3.1,1
3GT,TAM22,L22_P1_0211PRS.Alarm1,Z02B : 211PRS Sensor fail to be on,UNCLASSIFIED,4,1,25,1,17,17,100,55.88,2
3GT,TAM22,L22_P6_Z04C_Alarm.HSC2_Reset_fail,Z04C : HSC2 Fail to reset counter (Tower1 Extraction),UNCLASSIFIED,25,1,4,1,17,17,100,4.48,2
3GT,TAM23,L23_P4_Global_Alarm.0800SVP_Not_Ready,PLC4 : 800/801/802/803/850/851/852 servo driver not ready,STOP_ALARM_CANDIDATE|LONG_DURATION,5,1,20,1,17,17,0,50.6,2
FLEX,TAM27,[00G3_K502]Program:EM1011_Carton_Magazine.ALMD_T503AMP_FailToMove,EM1011 M503SRV Fail to Move,UNCLASSIFIED,13,1,7.692,1,17,17,0,-11.59,1
FLEX,TAM27,[00G3_K022]Program:EM05G4_Operator_Interface.ALMD_S002PBL_Actuated,EM05G4 S002PBL Zone Stop,STOP_ALARM_CANDIDATE|CASCADE_SYMPTOM_CANDIDATE,739,1,0.135,1,17,17,0,-29.03,2
3GT,TAM01,P6_4005SRV_ERR_7,Z4B : 4005SRV Lag error,UNCLASSIFIED,20,2,10,2,16,8,0,118.87,1
3GT,TAM01,P2_513CL_ERR_1,Z5B : 513CL Fail to extend  (Lens xfer inlet),UNCLASSIFIED,68,1,1.471,2,16,8,0,41.95,1
3GT,TAM01,P2_525PRS_OF_ER,Z5B : 525PRS still ON,UNCLASSIFIED,16,1,6.25,2,16,8,0,-11.49,1
3GT,TAM02,PSS2_CTN_LOW,PSS2: Carton Level Low/Low,UNCLASSIFIED,16,1,6.25,2,16,8,0,9.82,1
3GT,TAM05,P6_Z04B_ALM_4013_4014PS_LP2_Fail,"Z04B : Loop2 Pressure Fail (Pump#2) (4013PS, 4014PS)",UNCLASSIFIED,49,2,4.082,2,16,8,50,62.16,1.5
3GT,TAM06,P2_520CL_ERR_1,Z5B : 520CL Fail to EXTEND,UNCLASSIFIED,31,1,3.226,2,16,8,50,1.08,1.5
3GT,TAM07,P6_JAM_4024PRS,Z4B : 4009CL fail to transfer to 4024PRS,UNCLASSIFIED,13,1,7.692,2,16,8,50,200.38,1.5
3GT,TAM09,P8_1005PHS_MISS,Z10 : 1005PHS Carton missing (Check jam or sensor),STOP_ALARM_CANDIDATE,2,1,50,2,16,8,0,-29.83,2
3GT,TAM10,P2_SalineSenseChk,Z5B : Check Saline Sensor,UNCLASSIFIED,44,1,2.273,2,16,8,50,26.66,1.5
3GT,TAM10,P2_511CL_ERR_2,Z5B : 511CL Fail to retract (Lens xfer inlet),UNCLASSIFIED,6,1,16.667,2,16,8,0,111.88,1
3GT,TAM18,ST_Z07_Alarm_ESTOP,Sterilizer Emergency Stop,STOP_ALARM_CANDIDATE,4,1,25,2,16,8,0,93.97,2
3GT,TAM21,L21_P1_0410PRS.Alarm2,Z04A : 410PRS Sensor fail to be on,UNCLASSIFIED,15,1,6.667,2,16,8,50,78.36,1.5
3GT,TAM21,L21_P3_0540PHS_01.Alarm2,Z05B : 540PHS_1 still on,UNCLASSIFIED,51,1,1.961,2,16,8,50,2.48,1.5
3GT,TAM21,L21_P1_0411PRS.Alarm2,Z04A : 411PRS Sensor fail to be on,UNCLASSIFIED,7,1,14.286,2,16,8,0,194.29,1
3GT,TAM21,L21_P1_0219SRV.Fail_to_Move,P1_0219SRV Fail to Move,UNCLASSIFIED,4,1,25,2,16,8,0,-17.89,1
3GT,TAM22,L22_P3_0524CL.stat.Fte,P3_0524CL Fail to Extend   !! Still pressurised with Perfect Block !!,UNCLASSIFIED,7,1,14.286,2,16,8,0,153.74,1
3GT,TAM22,L22_P1_Z02B_Warning.BC_PickUp_Fail_Right,Z02B : BC pick up fail right side,WARNING|CASCADE_SYMPTOM_CANDIDATE,2921,2,0.068,2,16,8,0,5.27,1
3GT,TAM22,L22_P1_Z04A_Alarm.Id400_1Mis_Err,Z04A : 3 Consecutive Detection 400ID1 Data Mismatch,UNCLASSIFIED,4,1,25,2,16,8,0,87.68,1
3GT,TAM23,L23_P4_Z08_Warning.Low_0082PS,Z08 : 82PS Pressure Low (Vacuum Rail),WARNING|CASCADE_SYMPTOM_CANDIDATE,1233,1,0.081,2,16,8,0,197.29,1
3GT,TAM23,L23_P4_Z08_Alarm.RMT_Error,Z08 : Raw Material Tracking error,UNCLASSIFIED,5,1,20,2,16,8,0,12.18,1
3GT,TAM23,L23_P4_0802SRV.PositionErrorFault,P4_0802SRV Position Error Fault,UNCLASSIFIED,16,1,6.25,2,16,8,0,-25.53,1
FLEX,TAM26,[00G3_K502]Program:EM10G2_Devices_general_DC.ALMD_K504CTL_Emergency,EM10G2 K504CTL Emergency stopped,STOP_ALARM_CANDIDATE|CASCADE_SYMPTOM_CANDIDATE,998,1,0.1,2,16,8,0,292.25,1
FLEX,TAM26,[00G3_K022]Program:EM0501_DItank_Process.ALMD_K001CTL_CommError,EM0501 K001CTL Controller Communication Error,STOP_ALARM_CANDIDATE,1,1,100,2,16,8,0,56.03,2
FLEX,TAM27,[00G3_K002]Program:EM0200_deviceWISE.ALMD_DeviceWiseEchoMisMatchError,PLC to DeviceWise : DeviceWise Message Transaction EchoMismatch Error.,UNCLASSIFIED,3,1,33.333,2,16,8,0,53.73,1
FLEX,TAM27,[00G3_K002]Program:EM0200_Zone.ALMD_IncompleteCycleStop,EM0200 Z02 Incomplete cycle stop,STOP_ALARM_CANDIDATE|CASCADE_SYMPTOM_CANDIDATE,112,2,1.786,2,16,8,50,57.47,2.5
FLEX,TAM28,[00G3_K042]Program:UN08_Standard.ALMD_08G6_B502GLS,Z08 Guard Door Open =08G6_B502GLS,DOOR_OR_GUARD|OPERATOR_INITIATED_FLEX|STOP_ALARM_CANDIDATE|CASCADE_SYMPTOM_CANDIDATE,134,1,0.746,2,16,8,0,97.65,2
FLEX,TAM29,[00G3_K003]Program:EM0364_FC_Detection.ALMD_FC_Detection,EM0364 FC is remaining on Stage ( LEFT SIDE ) at FC Detect station,ROOT_CAUSE_CANDIDATE,436,2,0.459,2,16,8,0,106.5,1.5
FLEX,TAM30,[00G3_K502]Program:EM1065_Labeler.ALMD_Labeler_Error,EM1065 Labeler I/O Error,ROOT_CAUSE_CANDIDATE,138,1,0.725,2,16,8,0,-58.23,1
3GT,TAM02,P6_4022PRSFAIL1,Z4B : 4022PRS fail to be ON,UNCLASSIFIED,4,1,25,1,16,16,0,-8.67,1
3GT,TAM21,L21_P3_Z05B_Alarms.a.FMD_Cns_Rejects,FMD Consecutive vision system inspection fail,UNCLASSIFIED,57,1,1.754,1,16,16,0,37.27,1
3GT,TAM21,L21_P3_Z05B_Alarm.MMLS_Light_Fail,Z05B : MMLS Trigger Count or Light Level is Bad,UNCLASSIFIED,21,1,4.762,1,16,16,100,97.49,2
FLEX,TAM25,[04G3_K022]Program:UN04_Standard.ALMD_04G6_B019GLS,Z04 GUARD DOOR OPEN (=04G6_B019GLS),DOOR_OR_GUARD|OPERATOR_INITIATED_FLEX|STOP_ALARM_CANDIDATE|LONG_DURATION,33,1,3.03,1,16,16,100,37.61,3
FLEX,TAM28,[00G3_K002]Program:EM0304_WB_Demold.ALMD_Adjacent_Door_Open,EM0304 Adjacent Door Open,DOOR_OR_GUARD|OPERATOR_INITIATED_FLEX|STOP_ALARM_CANDIDATE|LONG_DURATION,45,1,2.222,1,16,16,0,-2.58,3
FLEX,TAM29,[04G3_K022]Program:UN04_Standard.ALMD_04G6_B022GLS,Z04 BOTTOM GUARD DOOR OPEN (=04G6_B022GLS),DOOR_OR_GUARD|OPERATOR_INITIATED_FLEX|STOP_ALARM_CANDIDATE,2,1,50,1,16,16,100,279.52,3
FLEX,TAM30,[00G3_K003]Program:EM0304_WB_Demold.ALMD_Adjacent_Door_Open,EM0304 Adjacent Door Open,DOOR_OR_GUARD|OPERATOR_INITIATED_FLEX|STOP_ALARM_CANDIDATE|LONG_DURATION,8,1,12.5,1,16,16,0,9.8,3
FLEX,TAM30,[00G3_K502]Program:EM1051_Carton_Xfer_WeightChecker.ALMD_K501CTL_Not_Enable,EM1051 K501CTL CheckWeigher Controller Not Enabled - Check Controller Power,UNCLASSIFIED,4,1,25,1,16,16,0,21.68,1
FLEX,TAM31,[00G3_K042]Program:UN02_Standard.ALMD_02G6_B016GLS,Z02 Under Guard Door Open =02G6_B016GLS,DOOR_OR_GUARD|OPERATOR_INITIATED_FLEX|STOP_ALARM_CANDIDATE|LONG_DURATION,10,1,10,1,16,16,100,13.97,3
FLEX,TAM31,[04G3_K022]Program:UN04_Standard.ALMD_04G6_B004FLS,Z04 MACHINE ENCLOSURE EXHAUST FLS LOW (=04G6_B004FLS) ALM Lv3 Flush,UNCLASSIFIED,34,1,2.941,1,16,16,100,107.08,2
FLEX,TAM31,[00G3_K502]Program:EM1032_Carton_Xfer_for_Folding.ALMD_B502PS_OffFail,EM1032 B502PS OffFail,ROOT_CAUSE_CANDIDATE,99,1,1.01,1,16,16,0,43.55,2
3GT,TAM05,P0_250CL_ERR_2,Z2B : 250CL Fail to RETRACT (Stp pin@FC ret),UNCLASSIFIED,34,2,5.882,2,15,7.5,0,-13.97,1
3GT,TAM05,P6_Z04B_ALM_4006GLS_SOL_Fail,Z04B : 4006GLS solenoid enable condition fail,LONG_DURATION,13,2,15.385,2,15,7.5,50,138.94,1.5
3GT,TAM06,P1_ID_MISMATCH,Z3  : 3 Consective Detection 300ID Data Mismatch,UNCLASSIFIED,27,1,3.704,2,15,7.5,0,63.17,1
3GT,TAM06,P7_PIT_IN_SHGL,PIT press inlet shingle,UNCLASSIFIED,72,1,1.389,2,15,7.5,0,96.54,1
3GT,TAM10,P6_4011CL_ERR_1,Z4B : 4011CL Fail to Extend,LONG_DURATION,10,2,20,2,15,7.5,0,-0.34,1
3GT,TAM18,P1_541PRS_FAIL,Z4  : 541PRS Sensor fail,LONG_DURATION,12,2,16.667,2,15,7.5,100,-24.18,2
3GT,TAM18,P3_ZSTOP_AJ_Z08,Z6  : Zone stop caused by adjacent zone8,STOP_ALARM_CANDIDATE,4,2,50,2,15,7.5,50,68.33,2.5
3GT,TAM18,P3_600MAG_FAIL,Z6  : 600M MC feedback error (Zone06 Motor),UNCLASSIFIED,48,2,4.167,2,15,7.5,100,112.49,2
3GT,TAM20,P1_316CL_ERR_1,Z3  : 316CL Fail to EXTEND  (Push to Hyd buf),UNCLASSIFIED,12,1,8.333,2,15,7.5,100,127.85,2
3GT,TAM21,L21_P3_0532PHS.Alarm1,Z05B : 532PHS Product array not detect,UNCLASSIFIED,39,2,5.128,2,15,7.5,100,34.44,2
3GT,TAM21,L21_P3_0512VAC_01.stat.Ftc,P3_0512VAC_01 Fail to Close,UNCLASSIFIED,16,2,12.5,2,15,7.5,0,171.39,1
3GT,TAM21,L21_P3_Z05B_Alarm.Heatseal_die_Opened,Z05B : 560PRS HeatSeal die opened,LONG_DURATION,24,2,8.333,2,15,7.5,0,-10.19,1
3GT,TAM21,L21_P2_0420PRS.Alarm2,Z04B : 420PRS Sensor fail to be off,UNCLASSIFIED,91,2,2.198,2,15,7.5,0,-12.65,1
3GT,TAM21,L21_P3_Z05B_Warning.Regist_NotinRange_Cmr1,Z05B : Camera-1 Registration not inrange,WARNING,22,2,9.091,2,15,7.5,50,89.52,1.5
FLEX,TAM24,[00G3_K002]Program:EM0304_WB_Demold.ALMD_T001SVP_Driver_Fault,EM0304 T001SVP Demold Walking Beam Driver fault,STOP_ALARM_CANDIDATE,9,2,22.222,2,15,7.5,0,139.09,2
FLEX,TAM24,[00G3_K502]Program:EM0807_Array_Insert_Unloader.ALMD_B502PHS_OffFail,EM0807 B502PHS OffFail,UNCLASSIFIED,33,1,3.03,2,15,7.5,0,192.58,1
FLEX,TAM25,[00G3_K502]Program:EM0804_Array_Unloader_Robot.ALMD_M501CL_Faulted,EM0804 M501CL Unloader Robot Array Chuck Faulted,UNCLASSIFIED,38,1,2.632,2,15,7.5,0,-48.89,1
FLEX,TAM26,[00G3_K022]Program:EM0500_Zone_C.ALMD_IncompleteCycleStop,EM0500 Zone5C Incomplete cycle stop,STOP_ALARM_CANDIDATE,43,2,4.651,2,15,7.5,100,70.53,3
FLEX,TAM26,[00G3_K502]Program:EM1064_Sleeve_Forming.ALMD_B503PS_OffFail,EM1064 B503PS OFF Fail,ROOT_CAUSE_CANDIDATE,159,2,1.258,2,15,7.5,0,-28.41,1.5
FLEX,TAM27,[00G3_K502]Program:EM1065_Labeler.ALMD_Labeler_Error,EM1065 Labeler I/O Error,UNCLASSIFIED,53,1,1.887,2,15,7.5,0,258.69,1
FLEX,TAM27,[00G3_K022]Program:EM0540_Heat_Seal_Infeed.ALMD_MMLS_OFFLINE,EM0540 Missing/Multiple Lens System Offline,UNCLASSIFIED,33,1,3.03,2,15,7.5,0,2.15,1
FLEX,TAM30,[00G3_K022]Program:EM0562_Foil_Feed_Laser_Marker.ALMD_K004CTL_Alarm,EM0562 Domino's Fume Extractor Alarm,ROOT_CAUSE_CANDIDATE,36,2,5.556,2,15,7.5,0,41.17,2
FLEX,TAM31,[00G3_K022]Program:EM0539_Foreign_Matter_Detection.ALMD_FMD_InAlarm,EM0539 FMD in Alarm - Check FMD PC for details,UNCLASSIFIED,15,1,6.667,2,15,7.5,0,219.1,1
3GT,TAM01,P6_4006CL_ERR_1,Z4B : 4006CL Fail to Extend,LONG_DURATION,3,1,33.333,1,15,15,100,116.96,2
3GT,TAM05,FSGateway_reconnect,Z5  : 848M MC Feedback error,UNCLASSIFIED,4,1,25,1,15,15,100,111.93,2
3GT,TAM06,P2_520PRS_Ofer,Z5B : HeatSeal Dies have been opened more than 30 minutes.,LONG_DURATION,35,1,2.857,1,15,15,100,68.17,2
3GT,TAM07,P1_SHINGLE_DET1,Z4  : FC shingle detect at 411PHS_1,UNCLASSIFIED,24,1,4.167,1,15,15,0,-12.36,1
3GT,TAM09,P7_MMLS_TRGCNT_LLVL_IS_BAD,Z5B: Missing/Multiple Lens System Trigger Count or Light Level is Bad,UNCLASSIFIED,32,1,3.125,1,15,15,100,285.74,2
3GT,TAM21,L21_P4_Z06_Warning.Loading_Bypass,Z06 : Loader Loading Bypass,WARNING,9,1,11.111,1,15,15,100,58.18,2
3GT,TAM21,L21_P6_4012PRS.Alarm2,Z04C : 4012PRS Sensor fail to be on,UNCLASSIFIED,18,1,5.556,1,15,15,0,-33.77,1
3GT,TAM21,L21_P3_Z05B_Alarm.Cam2EdgeNotFound,Z05B : Camera2 Consecutive Edge Not Found,UNCLASSIFIED,13,1,7.692,1,15,15,0,43.78,1
3GT,TAM21,L21_P3_Z05B_Alarm.Id512_No_Read,Z05B : 512IDR No Read,CASCADE_SYMPTOM_CANDIDATE,690,1,0.145,1,15,15,100,-15.04,2
3GT,TAM21,L21_P6_4014PRS.Alarm1,Z04C : 4014PRS Sensor fail to be off,CASCADE_SYMPTOM_CANDIDATE,667,1,0.15,1,15,15,0,-2.18,1
3GT,TAM22,L22_P1_Z02A_Warning.RBT_204VAC_Err,Z02A : Butterfly side A vacuum failed,WARNING|CASCADE_SYMPTOM_CANDIDATE,1070,1,0.093,1,15,15,0,18.11,1
3GT,TAM22,L22_P3_0556PRS.Alarm2,Z05B : 556PRS still ON,UNCLASSIFIED,1,1,100,1,15,15,100,23.31,2
FLEX,TAM24,[04G3_K002]Program:EM0422_Tower1_Extraction.ALMD_Ext_Time_Long_ALM,EM0422 Tower #1 Extraction time too long (consecutive 3 Times),UNCLASSIFIED,31,1,3.226,1,15,15,0,5.39,1
FLEX,TAM25,[00G3_K022]Program:EM0564_Foil_Feed_Die_Cut.ALMD_T001SVP_FailToMove,EM0564 T001SVP Foil Feed  #2 Fail to move,UNCLASSIFIED,29,1,3.448,1,15,15,0,90.28,1
FLEX,TAM27,[04G3_K022]Program:UN04_Standard.ALMD_04G6_B017GLS,Z04 GUARD DOOR OPEN (=04G6_B017GLS),DOOR_OR_GUARD|OPERATOR_INITIATED_FLEX|STOP_ALARM_CANDIDATE|LONG_DURATION,24,1,4.167,1,15,15,100,-48.61,3
FLEX,TAM29,[00G3_K042]Program:UN02_Standard.ALMD_02G6_B001GLS,Z02 Guard Door Open =02G6_B001GLS,DOOR_OR_GUARD|OPERATOR_INITIATED_FLEX|STOP_ALARM_CANDIDATE|LONG_DURATION,8,1,12.5,1,15,15,0,33.46,3
FLEX,TAM30,[00G3_K502]Program:EM0600_LotControl.ALMD_EDHR_Transaction_LotComplete_Failed,EDHR Transaction Lot Complete Failed. Select retry or Abort to continue,LONG_DURATION,2,1,50,1,15,15,0,77.16,1
FLEX,TAM31,[00G3_K002]Program:EM02G4_Operator_Interface.ALMD_S003PBL_Actuated,EM02G4 S003PBL ZONE STOP #3,STOP_ALARM_CANDIDATE|ROOT_CAUSE_CANDIDATE,92,1,1.087,1,15,15,0,-1.17,3
3GT,TAM01,P3_CW_COM_TOUT,Z10 : Check weigher communication time out,STOP_ALARM_CANDIDATE|LONG_DURATION,19,1,5.263,2,14,7,0,10.99,2
3GT,TAM02,P6_4010CL_ERR_2,Z4B : 4010CL Fail to Retract,UNCLASSIFIED,11,2,18.182,2,14,7,100,31.99,2
3GT,TAM02,P7_532PHS_ON_ER,Z5B : 532PHS Product array not detect,ROOT_CAUSE_CANDIDATE,75,2,2.667,2,14,7,0,25.36,2
3GT,TAM02,P0_233CL_ERR_3,Z2B : 233CL Failed          (Prec out U/D),CASCADE_SYMPTOM_CANDIDATE,120,1,0.833,2,14,7,0,108.01,1
3GT,TAM02,P1_430PRS_FAIL1,Z4  : 430PRS fail to be ON,LONG_DURATION,57,2,3.509,2,14,7,0,54.5,1
3GT,TAM02,P2_505CL1_ERR_1,Z5B : 505CL-1 Fail to extend (FC Transfer),UNCLASSIFIED,12,1,8.333,2,14,7,0,-51.81,1
3GT,TAM02,P3_SLEEVE_EMPTY,Z10 : 1000PRS Sleeve hopper is empty,UNCLASSIFIED,35,2,5.714,2,14,7,0,37.24,1
3GT,TAM05,P2_553PHS_OF_ER,Z5AB : 553PHS still ON,UNCLASSIFIED,7,1,14.286,2,14,7,0,79.04,1
3GT,TAM05,P1_SHINGL_HD_ER,Z4  : FC shingle check head incorrect position,UNCLASSIFIED,3,1,33.333,2,14,7,50,8.01,1.5
3GT,TAM05,P8_PSS_NOT_RDY_Z10,PLC3: PSS1/PSS2 is not ready,STOP_ALARM_CANDIDATE,1,1,100,2,14,7,0,32.49,2
3GT,TAM05,P6_Z04B_Wrn_Zone04B_Wait,Z04B : Zone04B is waiting for Main Machine(Z04),UNCLASSIFIED,3,1,33.333,2,14,7,0,-10.82,1
3GT,TAM05,P3_602PHS_UKNOW,Z6  : 602PHS Unknown array detected (Remove array),UNCLASSIFIED,9,1,11.111,2,14,7,0,41.03,1
3GT,TAM06,P3_607PHS3_MISS,Z6  : 607PHS-3 3 consecutive array missing,UNCLASSIFIED,4,1,25,2,14,7,0,5.74,1
3GT,TAM06,P6_4000SRV_ERR_1,Z4B : 4000SRV Fail to move,UNCLASSIFIED,16,2,12.5,2,14,7,50,-28.87,1.5
3GT,TAM06,P1_416CL_ERR_1,Z4  : 416CL Fail to EXTEND  (Ret cv lane1),UNCLASSIFIED,10,1,10,2,14,7,50,177.18,1.5
3GT,TAM06,P2_CleanDies,Z5B : CLEAN DIES NOW - Zone Down until Cleaned !!,LONG_DURATION,35,1,2.857,2,14,7,0,47.1,1
3GT,TAM07,P1_Z4_RMV_ACK,Z4  : Pallet Location error(see Remove Ack.(Z4)),UNCLASSIFIED,2,2,100,2,14,7,100,126.97,2
3GT,TAM09,P0_231CL_ERR_1,Z2B : 231CL Fail to EXTEND  (Prec xfer),UNCLASSIFIED,12,2,16.667,2,14,7,100,108.06,2
3GT,TAM10,P3_80SV_FAIL,Z8  : 80SV Shutdown valve failure,CASCADE_SYMPTOM_CANDIDATE,683,1,0.146,2,14,7,0,295.63,1
3GT,TAM10,P2_ALI_HeartBeat,Z5B: No heart beat detected on ALI,UNCLASSIFIED,9,1,11.111,2,14,7,0,9.43,1
3GT,TAM10,P6_IVEK_FAULT,Z4B : IVEK FAULT (DBE dosing),UNCLASSIFIED,72,1,1.389,2,14,7,0,80.37,1
3GT,TAM17,P0_260CL_ERR_2,Z2B : 260CL Fail to RETRACT (FC plt infeed),UNCLASSIFIED,6,1,16.667,2,14,7,50,90.35,1.5
3GT,TAM18,P2_516SRV_ERR_7,Z5B : 516SRV Lag error      (Rtrn buffer),UNCLASSIFIED,1,1,100,2,14,7,0,-21.25,1
3GT,TAM18,P0_271PRS_FAIL,Z2B : 271PRS Sensor fail,UNCLASSIFIED,49,1,2.041,2,14,7,0,29.11,1
3GT,TAM18,P6_4009CL_ERR_2,Z4B : 4009CL Fail to Retract,UNCLASSIFIED,6,1,16.667,2,14,7,0,139.32,1
3GT,TAM18,P2_556CL_ERR_1,Z5B : 556CL Fail to EXTEND,UNCLASSIFIED,7,1,14.286,2,14,7,0,87.62,1
3GT,TAM18,P3_Cam3_Offline,Z8: Camera #3- Offline,ROOT_CAUSE_CANDIDATE,76,1,1.316,2,14,7,0,272.18,1
3GT,TAM18,P3_807PHS4_MISS,Z8  : 807PHS-4 Array missing (Check jam or sensor),STOP_ALARM_CANDIDATE,54,1,1.852,2,14,7,0,228.66,2
3GT,TAM20,P2_583CL_ERR_1,Z5B : 583CL Fail To extend  (ALI outlet),ROOT_CAUSE_CANDIDATE,80,1,1.25,2,14,7,0,84.29,2
3GT,TAM20,P3_1001PRS_MISS,Z10 : Sleeve hopper is empty,UNCLASSIFIED,21,1,4.762,2,14,7,0,159.35,1
3GT,TAM20,P0_262CL_ERR_1,Z2B : 262CL Fail to EXTEND (FC plt infeed),UNCLASSIFIED,14,1,7.143,2,14,7,50,115,1.5
3GT,TAM21,L21_P4_1013PHS.Alarm1,Z10 : 1013PHS Case jam or sensor fail (Missing),STOP_ALARM_CANDIDATE,3,1,33.333,2,14,7,0,176.63,2
3GT,TAM21,L21_P1_Z02A_Alarm.MoldOpnMinDistance,Z02A : IMM Mold open minimum diatance < 120 mm,UNCLASSIFIED,62,1,1.613,2,14,7,0,24.25,1
3GT,TAM22,L22_P4_Z06_Alarm.chuck_overld,Z06 : 605PRS Chuck overload (Make sure remove ack),UNCLASSIFIED,37,1,2.703,2,14,7,0,120.03,1
3GT,TAM22,L22_P3_Z05B_Alarms.a.FMD_Cns_Rejects,FMD Consecutive vision system inspection fail,UNCLASSIFIED,28,2,7.143,2,14,7,0,84.65,1
3GT,TAM22,L22_P1_0243PRS.Alarm1,Z02B : 243PRS Sensor fail to be ON,UNCLASSIFIED,4,1,25,2,14,7,0,50.84,1
3GT,TAM22,L22_P3_Z05B_Alarm.Inside_Stick_DI_Rem,Z05B : DI removal sticking inside cross piece,UNCLASSIFIED,30,2,6.667,2,14,7,0,5.79,1
3GT,TAM22,L22_P4_Camera3.Alarm_00,Camera3 Cognex Native Mode communication failure,CASCADE_SYMPTOM_CANDIDATE,672,1,0.149,2,14,7,0,-8.22,1
3GT,TAM22,L22_P3_0513VAC.stat.Ftc,P3_0513VAC Fail to Close,UNCLASSIFIED,44,1,2.273,2,14,7,0,16.29,1
FLEX,TAM24,[00G3_K502]Program:EM1000_Zone.ALMD_IncompleteCycleStop,EM1000 Cycle stop is not completed,STOP_ALARM_CANDIDATE,37,1,2.703,2,14,7,0,225.39,2
FLEX,TAM24,[00G3_K002]Program:EM0336_Return_Buffer_Inlet.ALMD_B001PRS_OnFail,EM0336 B001PRS OnFail,ROOT_CAUSE_CANDIDATE,88,1,1.136,2,14,7,0,-49.52,1
FLEX,TAM24,[00G3_K042]Program:UN09_Standard.ALMD_09_900GLS4,Z09 Guard Door Open 900GLS4,DOOR_OR_GUARD|OPERATOR_INITIATED_FLEX|STOP_ALARM_CANDIDATE|LONG_DURATION,22,1,4.545,2,14,7,0,-25.3,3
FLEX,TAM25,[04G3_K002]Program:EM0485_ReturnCV.ALMD_CV_Guard_Opened,EM0485 Return C/V Guard opened,DOOR_OR_GUARD|OPERATOR_INITIATED_FLEX|STOP_ALARM_CANDIDATE,7,1,14.286,2,14,7,0,22.39,3
FLEX,TAM26,[00G3_K042]Program:UN02_Standard.ALMD_02G6_B012GLS,Z02 Under Guard Door Open =02G6_B012GLS,DOOR_OR_GUARD|OPERATOR_INITIATED_FLEX|STOP_ALARM_CANDIDATE|LONG_DURATION,3,1,33.333,2,14,7,0,23.3,3
FLEX,TAM26,[00G3_K002]Program:EM0372_Shingle_Check.ALMD_Shingle_FC_Detection,EM0372 Shingle FC is detected on Stage at Shingle Check station,ROOT_CAUSE_CANDIDATE,246,1,0.407,2,14,7,0,83.34,2
FLEX,TAM26,[04G3_K002]Program:EM0472_Tower3_Extraction.ALMD_DrainTank_Level_HH,EM0472 Tower #3 Drain tank high high level,UNCLASSIFIED,17,1,5.882,2,14,7,0,31.89,1
FLEX,TAM27,[00G3_K042]Program:UN03_Standard.ALMD_03G6_B001GLS_LCK,Z03 Guard Switch Lock Solenoid Feedback Error =03G6_B001GLS,DOOR_OR_GUARD|GUARD_SYSTEM_FAULT,62,1,1.613,2,14,7,100,196.3,2
FLEX,TAM28,[00G3_K502]Program:EM1062_Carton_Case_Xfer_Robot.ALMD_K501CTL_Guard_Open,EM1062 Robot Error: Safety Guard Open,DOOR_OR_GUARD|OPERATOR_INITIATED_FLEX|STOP_ALARM_CANDIDATE|CASCADE_SYMPTOM_CANDIDATE,1072,2,0.187,2,14,7,0,41.43,2
FLEX,TAM28,[04G3_K022]Program:UN04_Standard.ALMD_0442_T003BA_03_04,"Z04 TOWER2 DRAIN HIGH-HIGH LEVEL (=0442_B011LS,B012LS) ALM Lv1",UNCLASSIFIED,20,2,10,2,14,7,100,30.65,2
FLEX,TAM30,[00G3_K022]Program:EM0538_Saline_Dose.ALMD_Saline_Tank_LoLo,EM0538 B001FS Saline Tank Low Low Alarm,UNCLASSIFIED,7,1,14.286,2,14,7,0,185.69,1
3GT,TAM05,P6_Z04B_ALM_Prs4013_OffFail,Z04B : 4013PRS Sensor fail to be off,UNCLASSIFIED,4,1,25,1,14,14,100,123.94,2
3GT,TAM05,P3_616PHS_UKNOW,Z6  : 616PHS Tray jam or sensor fail (Remain),STOP_ALARM_CANDIDATE,21,1,4.762,1,14,14,0,218.44,2
3GT,TAM05,P0_RBT_home_ERR,Z2A : Mitsubishi robot could not Home (check Netstal),UNCLASSIFIED,23,1,4.348,1,14,14,0,-15.02,1
3GT,TAM05,P6_Z04B_4001SRV_Over_Travel_Neg,Z04B : 4001SRV Negative over travel,UNCLASSIFIED,3,1,33.333,1,14,14,0,7.55,1
3GT,TAM06,P6_4004SRV_ERR_3,Z4B : 4004SRV Parameter error,UNCLASSIFIED,5,1,20,1,14,14,100,-22.37,2
3GT,TAM07,P6_OVER_HE_PEL,Z4B : Hyd. PEL over entry level during door open,DOOR_OR_GUARD|POSSIBLE_OPERATOR_ACCESS_LEGACY|STOP_ALARM_CANDIDATE|LONG_DURATION,4,1,25,1,14,14,0,277.39,2
3GT,TAM10,P6_4007PRSFAIL1,Z4B : 4007PRS fail to be ON,UNCLASSIFIED,18,1,5.556,1,14,14,0,39.59,1
3GT,TAM18,P0_249CL_ERR_1,Z2B : 249CL Fail to EXTEND  (Rej pin@BC ret),UNCLASSIFIED,43,1,2.326,1,14,14,100,63.34,2
3GT,TAM20,P1_454PRS_FAIL1,Z4  : 454PRS fail to be ON,LONG_DURATION,1,1,100,1,14,14,100,61.01,2
3GT,TAM21,L21_P3_0510CL.stat.Ftr,P3_0510CL Fail to Retract,UNCLASSIFIED,6,1,16.667,1,14,14,0,60.71,1
3GT,TAM22,L22_P3_Z05B_Alarm.Cam2InspectNG08,Z05B : Camera2 Consecutive Inspection Error - 8th Check Position,UNCLASSIFIED,8,1,12.5,1,14,14,100,103.88,2
3GT,TAM22,L22_P1_0453PRS.Alarm2,Z04A : 453PRS Sensor fail to be on,LONG_DURATION,9,1,11.111,1,14,14,100,26.23,2
3GT,TAM22,L22_P3_HeatSeal_Clean.HMI01,"Heat Seal Stroke Count = 8389, Did you Clean Heat Seat Dies ?: Heat Seal Sensor Status = OFF~Minimum time remaining to clean ~Heat",UNCLASSIFIED,29,1,3.448,1,14,14,0,22.67,1
3GT,TAM22,L22_P4_Global_Alarm.Z06_Z08_Adjacent,PLC4 : Z06-Z08 Adjacent,UNCLASSIFIED,26,1,3.846,1,14,14,100,292.37,2
FLEX,TAM26,[04G3_K002]Program:EM04G4_Operator_Interface.ALMD_S002PBL_Actuated,EM04G4 S002PBL ZONE STOP2,STOP_ALARM_CANDIDATE,45,1,2.222,1,14,14,0,-42.22,2
FLEX,TAM31,[00G3_K002]Program:EM0240_Deposition.ALMD_T001SVP_Not_Enable,EM0240 T001SVP Deposition Horizontal Servo is not enabled,STOP_ALARM_CANDIDATE,89,1,1.124,1,14,14,0,64.21,2
FLEX,TAM31,[00G3_K022]Program:EM0540_Heat_Seal_Infeed.ALMD_MMLS_OFFLINE,EM0540 Missing/Multiple Lens System Offline,UNCLASSIFIED,38,1,2.632,1,14,14,0,-5.64,1
FLEX,TAM31,[00G3_K042]Program:UN10_Standard.ALMD_10G6_B513GLS,Z10 Guard Door Open =10G6_B513GLS,DOOR_OR_GUARD|OPERATOR_INITIATED_FLEX|STOP_ALARM_CANDIDATE,31,1,3.226,1,14,14,0,42.58,3
3GT,TAM01,P17_Foil_WebGuide_GlobalAlm_0,Z05C: PLC17 PE303 - IE4C Slot 1 Channel 0 Fault,CASCADE_SYMPTOM_CANDIDATE,1371,2,0.146,2,13,6.5,0,39.34,1
3GT,TAM01,P2_520CL_ERR_1,Z5B : 520CL Fail to EXTEND,UNCLASSIFIED,16,2,12.5,2,13,6.5,50,186.83,1.5
3GT,TAM01,P2_527PHS1_ON_ER,Z5B : 527PHS-1 still OFF,CASCADE_SYMPTOM_CANDIDATE,187,1,0.535,2,13,6.5,0,3.58,1
3GT,TAM02,P3_1015PHS_MISS,Z10 : 1015PHS Empty-tray jam/sensor fail (Missing),STOP_ALARM_CANDIDATE,9,1,11.111,2,13,6.5,0,65.83,2
3GT,TAM02,P0_216CL_ERR_2,Z2B : 216CL Fail to RETRACT (FA Walking bm),UNCLASSIFIED,6,2,33.333,2,13,6.5,50,134.84,1.5
3GT,TAM02,P2_SalineVacLevel,Z05B:  DI Degas Vacuum Pump Fail,LONG_DURATION,6,1,16.667,2,13,6.5,0,85.64,1
3GT,TAM02,P2_580CL_ERR_1,Z5B : 580CL Fail To extend  (ALI inlet),UNCLASSIFIED,12,1,8.333,2,13,6.5,0,244.04,1
3GT,TAM05,P3_603PHS_MISS,Z6  : 603PHS Array missing (Check jam or sensor),STOP_ALARM_CANDIDATE,24,2,8.333,2,13,6.5,100,104.28,3
3GT,TAM05,P2_IMM_DT_BAD,Z5AB : PP IMM data bad,LONG_DURATION,14,2,14.286,2,13,6.5,50,137.75,1.5
3GT,TAM05,P7_554CL_ERR_2,Z5B : 554CL Fail to retract (Walking beam),UNCLASSIFIED,11,1,9.091,2,13,6.5,0,-24.22,1
3GT,TAM05,P2_514PRS_OF_ER,Z5B : 514PRS still ON,UNCLASSIFIED,27,2,7.407,2,13,6.5,0,14.39,1
3GT,TAM05,P2_512ID_NO_READ,Z5B : 512IDR No read,UNCLASSIFIED,52,1,1.923,2,13,6.5,50,160.41,1.5
3GT,TAM05,P2_510SRV_ERR_2,Z5B : 510SRV driver error   (Saline Buffer),UNCLASSIFIED,26,2,7.692,2,13,6.5,100,-20.94,2
3GT,TAM07,P0_219SRV_ERR_7,Z2B : 219SRV Lag error      (Preheat-ALI),UNCLASSIFIED,7,1,14.286,2,13,6.5,0,95.17,1
3GT,TAM10,P3_Cam3_Vis_Com_TOUT,Z8: Camera #3- Communication time out failure,STOP_ALARM_CANDIDATE|CASCADE_SYMPTOM_CANDIDATE,292,2,0.685,2,13,6.5,0,-42.1,1.5
3GT,TAM10,P3_CTN_JAM_ELEV,"Z8  : 857,858PHS Carton jam carton elevator",STOP_ALARM_CANDIDATE,44,1,2.273,2,13,6.5,0,-1.36,2
3GT,TAM18,PSS1_FB_ERR1_2,PSS1: MCR1 Feedback Error,CASCADE_SYMPTOM_CANDIDATE,668,2,0.299,2,13,6.5,0,161.57,1
3GT,TAM21,L21_P4_Z08_Warning.Uncount_0807PHS_03,Z08 : 807PHS_03 unknown array detected,WARNING,48,1,2.083,2,13,6.5,0,-11.85,1
3GT,TAM21,L21_P6_Z04C_Warning.CnsRedoseFault2,Z04C : Tower2 consecutive redose fault,WARNING|CASCADE_SYMPTOM_CANDIDATE,245,2,0.816,2,13,6.5,50,52.49,1.5
3GT,TAM22,L22_P3_Z05B_Alarm.Cam2InspectNG10,Z05B : Camera2 Consecutive Inspection Error - 10th Check Position,UNCLASSIFIED,2,1,50,2,13,6.5,0,121.84,1
3GT,TAM22,L22_P1_0213PRS.Alarm2,Z02B : 213PRS Sensor fail to be off,UNCLASSIFIED,6,1,16.667,2,13,6.5,0,15.88,1
3GT,TAM22,L22_P1_0246PRS.Alarm2,Z02B : 246PRS Sensor fail to be off,UNCLASSIFIED,9,1,11.111,2,13,6.5,0,-11.35,1
3GT,TAM22,L22_P1_0212PRS.Alarm1,Z02B : 212PRS Sensor fail to be on,UNCLASSIFIED,18,1,5.556,2,13,6.5,0,-20.3,1
FLEX,TAM24,[00G3_K002]Program:EM0352_Return_Buffer_Outlet.ALMD_B002PRS_B003PRS_Mis,EM0352 B002PRS & B003PRS Sensor State mismatch,UNCLASSIFIED,33,1,3.03,2,13,6.5,0,80.92,1
FLEX,TAM25,[00G3_K002]Program:EM0332_FC_Transfer.ALMD_ROBFC_VAC5_Failure,EM0332 FC Transfer Head Vacuum 5 Failure,ROOT_CAUSE_CANDIDATE,227,2,0.881,2,13,6.5,0,105.75,2
FLEX,TAM28,[00G3_K002]Program:EM0304_WB_Demold.ALMD_T001SVP_Driver_Fault,EM0304 T001SVP Demold Walking Beam Driver fault,STOP_ALARM_CANDIDATE,6,1,16.667,2,13,6.5,0,92.06,2
FLEX,TAM29,[09G3_K002]Program:EM0913_Slider_B.ALMD_IMM_Door_B_Open,Z09 IMM Door B Open =09G6_B006GLS,DOOR_OR_GUARD|OPERATOR_INITIATED_FLEX|STOP_ALARM_CANDIDATE|CASCADE_SYMPTOM_CANDIDATE,252,2,0.794,2,13,6.5,0,50.41,2
FLEX,TAM30,[00G3_K042]Program:UN05_Standard.ALMD_05G6_B012GLS,Z05 Under Guard Door Open =05G6_B012GLS,DOOR_OR_GUARD|OPERATOR_INITIATED_FLEX|STOP_ALARM_CANDIDATE,11,2,18.182,2,13,6.5,50,2.96,3
3GT,TAM01,P7_Cam1_Offline,Z5B: Camera #1- Offline,LONG_DURATION,4,1,25,1,13,13,0,23.93,1
3GT,TAM01,P1_4222CL_ERR_2,Z4  : 422CL-2 Fail to RETRACT(FC xfer X2),UNCLASSIFIED,2,1,50,1,13,13,100,113.18,2
3GT,TAM01,P1_420PRS_FAIL1,Z4  : 420PRS fail to be ON,CASCADE_SYMPTOM_CANDIDATE,186,1,0.538,1,13,13,100,227.03,1
3GT,TAM01,P1_430PRS_FAIL1,Z4  : 430PRS fail to be ON,UNCLASSIFIED,54,1,1.852,1,13,13,0,114.55,1
3GT,TAM01,P3_855PRS_MISS,Z8  : 855PRS Carton hopper is empty,LONG_DURATION,71,1,1.408,1,13,13,0,-24.02,1
3GT,TAM01,P1_HEMA_ERR,Z4  : Ten Consective Detection HEMARing,UNCLASSIFIED,4,1,25,1,13,13,100,102.8,2
3GT,TAM02,P2_510SRV_ERR_5,Z5B : 510SRV Over drive     (Saline Buffer),UNCLASSIFIED,32,1,3.125,1,13,13,0,2.89,1
3GT,TAM02,IVEK1_Warning_Error4,"Z02B: IVEK1 ""Reference Required""",LONG_DURATION,55,1,1.818,1,13,13,100,297.6,2
3GT,TAM02,P7_535PRS_ON_ER,Z5B : 535PRS Retainer not detect,LONG_DURATION,18,1,5.556,1,13,13,100,-4.45,2
3GT,TAM05,P3_607PHS5_UKNOW,Z6  : 607PHS-5 Unknown array detect (Remove array),UNCLASSIFIED,1,1,100,1,13,13,100,243.76,2
3GT,TAM05,P3_602PHS_MISS,Z6  : 602PHS Array missing (Check jam or sensor),STOP_ALARM_CANDIDATE,4,1,25,1,13,13,100,173.6,3
3GT,TAM05,P3_602SRV_ERR_9,Z6  : 602SRV Servo pack is abnormal (Array chuck),UNCLASSIFIED,1,1,100,1,13,13,0,99.91,1
3GT,TAM05,P3_812mtr_ffail,Z8 : 812 MTR Fold Fail,UNCLASSIFIED,74,1,1.351,1,13,13,0,207.65,1
3GT,TAM06,P2_516SRV_ERR_5,Z5B : 516SRV Over drive     (Rtrn buffer),UNCLASSIFIED,13,1,7.692,1,13,13,0,28.98,1
3GT,TAM06,P1_FC_VRIFY_ERR,Z4  : FC detected on the stage (FC verify),UNCLASSIFIED,63,1,1.587,1,13,13,0,61.97,1
3GT,TAM06,P2_IVK_COM_TOUT,Z5  : Communication time out with IVEK2,STOP_ALARM_CANDIDATE,5,1,20,1,13,13,0,106.77,2
3GT,TAM06,P0_PULL_CORD_Z2,PLC0: Emergency stop pull cord pulled,STOP_ALARM_CANDIDATE|LONG_DURATION,1,1,100,1,13,13,100,113.44,3
3GT,TAM07,P6_4015GLS_FAIL,Z4B : 4015LCK Airlock Feedback Fail,UNCLASSIFIED,24,1,4.167,1,13,13,0,19.03,1
3GT,TAM09,P0_IVEK_Not_Ready,Z2B : IVEK is NOT READY (Monomer dosing),STOP_ALARM_CANDIDATE,1,1,100,1,13,13,0,-29.78,2
3GT,TAM09,P0_217SRV_ERR_5,Z2B : 217SRV Over drive     (Cure loading),UNCLASSIFIED,1,1,100,1,13,13,100,32.85,2
3GT,TAM10,P0_240CL_ERR_1,Z2B : 240CL Fail to EXTEND  (Cure outlet),UNCLASSIFIED,7,1,14.286,1,13,13,0,-2.35,1
3GT,TAM10,P1_414CL_ERR_1,Z4  : 414CL Fail to EXTEND  (Plt push@Ret in),UNCLASSIFIED,28,1,3.571,1,13,13,0,268.04,1
3GT,TAM17,P1_4292CL_ERR_1,Z4  : 429CL-2 Fail to EXTEND (Esc line Exit),UNCLASSIFIED,12,1,8.333,1,13,13,100,84.12,2
3GT,TAM18,P1_40PS_ERROR,Z4  : 40PS Air Pressure Low,LONG_DURATION,2,1,50,1,13,13,0,18.42,1
3GT,TAM18,P3_601SRV_ERR_7,Z6  : 601SRV Lag error (Tray carrier),UNCLASSIFIED,1,1,100,1,13,13,100,253.95,2
3GT,TAM18,P7_VIS_NOT_RUN,Z5B : Vision System not running,STOP_ALARM_CANDIDATE|LONG_DURATION,2,1,50,1,13,13,100,54.52,3
3GT,TAM20,P2_IMM_COM_TOUT,Z5A : Communication time out with PP IMM,STOP_ALARM_CANDIDATE,1,1,100,1,13,13,100,222.5,3
3GT,TAM20,P0_235CL_ERR_2,Z2B : 235CL Fail to RETRACT (Cure inlet),UNCLASSIFIED,4,1,25,1,13,13,100,100.75,2
3GT,TAM20,P6_4004GLS_FAIL,Z4B : 4004GLS feedback fail,UNCLASSIFIED,1,1,100,1,13,13,0,5.74,1
3GT,TAM21,L21_P1_0404PRS.Alarm2,Z04A : 404PRS Sensor fail to be on,UNCLASSIFIED,48,1,2.083,1,13,13,0,25.98,1
3GT,TAM21,L21_P3_0534PRS.Alarm2,Z05B : 534PRS still ON,UNCLASSIFIED,9,1,11.111,1,13,13,100,211.59,2
3GT,TAM21,L21_P4_0607PHS_03.Alarm2,Z06 : 607PHS-3 Unknown array detect (Remove array),UNCLASSIFIED,8,1,12.5,1,13,13,0,-1.09,1
3GT,TAM21,L21_P3_Z05B_Alarm.LaserNotReady,Z05B : Laser is not ready alarm,STOP_ALARM_CANDIDATE,4,1,25,1,13,13,100,163.3,3
3GT,TAM21,L21_P6_4015PRS.Alarm1,Z04C : 4015PRS Sensor fail to be off,UNCLASSIFIED,26,1,3.846,1,13,13,0,23.22,1
3GT,TAM22,L22_LotStart_MoldChange.HMI01,[LotStart] Read error (No read/IDC error): Mold design(s) mismatch between next lot and installed mold.,UNCLASSIFIED,99,1,1.01,1,13,13,0,-58.16,1
FLEX,TAM26,[00G3_K022]Program:EM0564_Foil_Feed_Die_Cut.ALMD_Cons_CamInspectNGPos13,EM0564: Camera: Consecutive Inspection NG-pos#13,UNCLASSIFIED,10,1,10,1,13,13,0,-23.47,1
FLEX,TAM28,[00G3_K022]Program:EM0528_GB_Outlet.ALMD_B004PRS_OnFail,EM0528 B004PRS Lane2 PP Buffer Good Load On fail,UNCLASSIFIED,37,1,2.703,1,13,13,0,144.33,1
FLEX,TAM28,[00G3_K002]Program:EM0332_FC_Transfer.ALMD_ROBFC_VAC1_Failure,EM0332 FC Transfer Head Vacuum 1 Failure,UNCLASSIFIED,18,1,5.556,1,13,13,0,138.81,1
FLEX,TAM29,[00G3_K042]Program:UN03_Standard.ALMD_03G6_B002GLS,Z03 Guard Door Open =03G6_B002GLS,DOOR_OR_GUARD|OPERATOR_INITIATED_FLEX|STOP_ALARM_CANDIDATE,9,1,11.111,1,13,13,100,180.98,3
FLEX,TAM31,[00G3_K022]Program:EM0562_Foil_Feed_Laser_Marker.ALMD_FIFE_Not_OK,EM0562 K003CR FIFE not ready,STOP_ALARM_CANDIDATE|CASCADE_SYMPTOM_CANDIDATE,2043,1,0.049,1,13,13,0,286.4,1
3GT,TAM01,P2_CHUCK_ERR,Z5B : Foil chuck error,CASCADE_SYMPTOM_CANDIDATE|LONG_DURATION,239,1,0.418,2,12,6,0,99.44,1
3GT,TAM01,P6_4010GLS_FAIL,Z4B : 4010LCK Airlock Feedback Fail,UNCLASSIFIED,19,1,5.263,2,12,6,0,-14.13,1
3GT,TAM01,P2_SalineSenseChk,Z5B : Check Saline Sensor,LONG_DURATION,65,2,3.077,2,12,6,50,44.98,1.5
3GT,TAM01,P1_314CL_ERR_1,Z3  : 314CL Fail to EXTEND  (Push to Hyd buf),UNCLASSIFIED,11,1,9.091,2,12,6,100,86.97,2
3GT,TAM01,P0_219SRV_ERR_5,Z2B : 219SRV Over drive     (Preheat-ALI),UNCLASSIFIED,27,1,3.704,2,12,6,0,92.85,1
3GT,TAM02,P2_514CL_ERR_2,Z5B : 514CL Fail to retract (Lens xfer out),UNCLASSIFIED,20,1,5,2,12,6,0,84.11,1
3GT,TAM02,P2_518PRS_ON_ER,Z5B : 518PRS Puck not detect,UNCLASSIFIED,8,1,12.5,2,12,6,0,126.46,1
3GT,TAM02,P0_219SRV_ERR_5,Z2B : 219SRV Over drive     (Preheat-ALI),UNCLASSIFIED,5,1,20,2,12,6,0,83.95,1
3GT,TAM02,P2_545PRS_ON_ER,Z5B : 545PRS Puck not detect,UNCLASSIFIED,25,1,4,2,12,6,0,25.01,1
3GT,TAM05,P2_523CL_ERR_1,Z5B : 523CL Fail to extend  (Saline inlet),UNCLASSIFIED,36,2,5.556,2,12,6,50,145.01,1.5
3GT,TAM05,P1_30PS_ERROR,Z3  : 30PS Air pressure low,LONG_DURATION,7,1,14.286,2,12,6,100,39.49,2
3GT,TAM05,P3_chuck_overld,Z8 : Chuck overload failure,UNCLASSIFIED,53,1,1.887,2,12,6,0,244.77,1
3GT,TAM05,P2_584CL_ERR_1,Z5B : 584CL Fail To extend  (DI removal out),UNCLASSIFIED,5,1,20,2,12,6,0,242.18,1
3GT,TAM05,P3_807PHS5_MISS,Z8 : 807PHS-5 Array missing (Check jam or sensor),STOP_ALARM_CANDIDATE,21,1,4.762,2,12,6,0,108.01,2
3GT,TAM06,P3_807PHS3_UKNOW,Z8  : 807PHS-3 3 consecutive unknown array detect,UNCLASSIFIED,3,1,33.333,2,12,6,0,-16.27,1
3GT,TAM06,P2_512ID_NO_READ,Z5B : 512IDR No read,ROOT_CAUSE_CANDIDATE,77,2,2.597,2,12,6,0,83.93,2
3GT,TAM07,P8_LABEL_TOUT,Z10 : Labeler communication time out,STOP_ALARM_CANDIDATE,2,1,50,2,12,6,0,151.78,2
3GT,TAM07,P1_4217CL_ERR_2,Z4  : 421CL-7 Fail to RETRACT (FC pickup 7),LONG_DURATION,1,1,100,2,12,6,50,119.25,1.5
3GT,TAM07,P3_CTN_JAM_ELEV,"Z8  : 857,858PHS Carton jam carton elevator",STOP_ALARM_CANDIDATE,27,1,3.704,2,12,6,0,57.81,2
3GT,TAM07,P7_534PRS_ON_ER,Z5B : 534PRS Retainer not detect,UNCLASSIFIED,96,1,1.042,2,12,6,0,100.72,1
3GT,TAM07,P1_301SRV_ERR_5,Z3  : 301SRV Over drive     (ALI plt xfer),UNCLASSIFIED,16,1,6.25,2,12,6,100,-1.75,2
3GT,TAM09,P1_309CL_ERR_1,Z3  : 309CL Fail to EXTEND  (ALI outlet),UNCLASSIFIED,6,1,16.667,2,12,6,100,251.47,2
3GT,TAM10,P0_LOT_MISMATCH,Z2A : Mold information mismatch (middle of lot),ROOT_CAUSE_CANDIDATE,175,1,0.571,2,12,6,0,-6.53,2
3GT,TAM10,P8_1000PHSUKNOW,Z10 : 1000PHS Carton jam (Remove carton),STOP_ALARM_CANDIDATE,15,1,6.667,2,12,6,0,174,2
3GT,TAM10,P0_DE_STIK_FAIL,"Z2B : 211,212PHS Curve sticking (Deposition head)",UNCLASSIFIED,3,1,33.333,2,12,6,0,-29.14,1
3GT,TAM18,P1_322CL_ERR_2,Z3  : 322CL Fail to RETRACT (ALI out-Escape),UNCLASSIFIED,61,2,3.279,2,12,6,50,44.55,1.5
3GT,TAM18,PSS2_FB_ERR2_6,PSS2: 625M Feedback Error,LONG_DURATION,18,1,5.556,2,12,6,0,113.89,1
3GT,TAM18,P6_IVK_COM_TOUT,Z4B : Communication time out with IVEK3,STOP_ALARM_CANDIDATE|LONG_DURATION,20,1,5,2,12,6,0,154.55,2
3GT,TAM18,P2_527PHS2_OF_ER,Z5B : 527PHS-2 still ON,LONG_DURATION,10,1,10,2,12,6,0,85.3,1
3GT,TAM18,P7_CMD_FOIL_REJ,Z5B : Consecutive foil reject,UNCLASSIFIED,23,1,4.348,2,12,6,0,63.07,1
3GT,TAM20,P1_421PRS_FAIL,Z4  : 421PRS Sensor fail,UNCLASSIFIED,1,1,100,2,12,6,0,15.88,1
3GT,TAM21,L21_P1_Z02A_Warning.RBT_204VAC_Err,Z02A : Butterfly side A vacuum failed,WARNING,17,2,11.765,2,12,6,0,135.97,1
3GT,TAM21,L21_P1_0400SRV.Fail_to_Move,P1_0400SRV Fail to Move,UNCLASSIFIED,28,1,3.571,2,12,6,0,90.47,1
3GT,TAM21,L21_P1_0249PRS.Alarm1,Z02B : 249PRS Sensor fail to be on,UNCLASSIFIED,11,1,9.091,2,12,6,0,15.01,1
3GT,TAM21,L21_P1_0453PRS.Alarm2,Z04A : 453PRS Sensor fail to be on,UNCLASSIFIED,9,1,11.111,2,12,6,0,-11.69,1
3GT,TAM21,L21_ST_Z07_Alarms.CycStart,Cycle did not start,UNCLASSIFIED,28,1,3.571,2,12,6,0,157.91,1
3GT,TAM21,L21_P6_4005SRV.Over_Travel_Neg,P6_4005SRV Negative Over Travel,UNCLASSIFIED,1,1,100,2,12,6,0,202.16,1
3GT,TAM21,L21_P3_Z05A_Alarm.Shutter_FailToClose,Z05A : Shutter Fail to Close (504GLS),LONG_DURATION,16,2,12.5,2,12,6,50,-27.12,1.5
3GT,TAM21,L21_P3_Z05B_Alarm.ALI3_Not_Rdy,Z05B : ALI System 3 not ready,STOP_ALARM_CANDIDATE,17,1,5.882,2,12,6,0,94.84,2
3GT,TAM22,L22_P1_Z03_Warning.MissDemoldBtmLeft,Z03 : MissDemold Bottom Left (304CL),WARNING|CASCADE_SYMPTOM_CANDIDATE,594,1,0.168,2,12,6,100,63.41,2
3GT,TAM22,L22_P4_0620PHS.Alarm1,Z06 : 620PHS Tray jam or sensor fail (Remain),STOP_ALARM_CANDIDATE,11,2,18.182,2,12,6,50,213.95,2.5
3GT,TAM22,L22_P4_0803SRV.Over_Travel_Neg,P4_0803SRV Negative Over Travel,UNCLASSIFIED,15,1,6.667,2,12,6,0,201.89,1
3GT,TAM22,L22_P1_Z02A_Warning.RBT_202VAC_Err,Z02A : Robot arm 2nd pick BC vacuum failed,WARNING|CASCADE_SYMPTOM_CANDIDATE,258,2,0.775,2,12,6,100,2.2,2
FLEX,TAM24,[00G3_K502]Program:EM1032_Carton_Xfer_for_Folding.ALMD_B501PS_OffFail,EM1032 B501PS OffFail,ROOT_CAUSE_CANDIDATE,572,1,0.175,2,12,6,0,18.02,2
FLEX,TAM26,[00G3_K002]Program:EM0352_Return_Buffer_Outlet.ALMD_B002PRS_B003PRS_Mis,EM0352 B002PRS & B003PRS Sensor State mismatch,ROOT_CAUSE_CANDIDATE,137,1,0.73,2,12,6,0,65.39,2
FLEX,TAM26,[04G3_K022]Program:UN04_Standard.ALMD_04G6_K011SR,Z04 VE GUARD DOOR OPEN (=04G6_B029GLS),DOOR_OR_GUARD|OPERATOR_INITIATED_FLEX|STOP_ALARM_CANDIDATE|LONG_DURATION,9,1,11.111,2,12,6,0,21.17,3
FLEX,TAM26,[00G3_K042]Program:UN01_Standard.ALMD_01G6_B002GLS,Z01 Guard Door Open  =01G6+MA-B002GLS,DOOR_OR_GUARD|OPERATOR_INITIATED_FLEX|STOP_ALARM_CANDIDATE,2,1,50,2,12,6,0,285.02,2
FLEX,TAM26,[00G3_K502]Program:EM1062_Carton_Case_Xfer_Robot.ALMD_K501CTL_Guard_Open,EM1062 Robot Error: Safety Guard Open,DOOR_OR_GUARD|OPERATOR_INITIATED_FLEX|STOP_ALARM_CANDIDATE|CASCADE_SYMPTOM_CANDIDATE,990,1,0.101,2,12,6,0,45.2,2
FLEX,TAM27,[04G3_K022]Program:UN04_Standard.ALMD_04G6_B019GLS,Z04 GUARD DOOR OPEN (=04G6_B019GLS),DOOR_OR_GUARD|OPERATOR_INITIATED_FLEX|STOP_ALARM_CANDIDATE|LONG_DURATION,7,1,14.286,2,12,6,50,2.43,3
FLEX,TAM28,[04G3_K002]Program:EM04G6_Safety_Units.ALMD_B007PEL_Ch_Not_Cycling_L3,EM04G6 B007PEL ChemGuard Unit not cycling LV3,LONG_DURATION,34,1,2.941,2,12,6,0,247.8,1
FLEX,TAM28,[00G3_K002]Program:EM0300_Zone_B.ALMD_IncompleteCycleStop,EM0300 Z03B Incomplete cycle stop,STOP_ALARM_CANDIDATE|LONG_DURATION,5,1,20,2,12,6,100,253.89,3
FLEX,TAM29,[00G3_K003]Program:EM0328_Hyd_Buffer_Outlet.ALMD_T001SVP_FailToMove,EM0328 T001SVP Hydration Buffer Exit Fail to move,ROOT_CAUSE_CANDIDATE,74,1,1.351,2,12,6,0,106.6,2
FLEX,TAM31,[00G3_K502]Program:EM1062_Carton_Case_Xfer_Robot.ALMD_B507PS_OffFail,EM1062 B507PS OffFail,ROOT_CAUSE_CANDIDATE,118,1,0.847,2,12,6,0,-50.17,1
FLEX,TAM31,[00G3_K022]Program:EM0516_DI_Removal.ALMD_DI_Seal_Pres_Error,EM0516 DI Removal Seal Pressure Error,CASCADE_SYMPTOM_CANDIDATE,517,1,0.193,2,12,6,0,290.08,1
3GT,TAM01,P2_505CL1_ERR_1,Z5B : 505CL-1 Fail to extend (FC Transfer),LONG_DURATION,12,1,8.333,1,12,12,0,-46.25,1
3GT,TAM01,P0_200CL_ERR_1,Z2A : 200CL Fail to EXTEND  (Robot hand),UNCLASSIFIED,4,1,25,1,12,12,100,14.98,2
3GT,TAM01,P1_4282CL_ERR_2,Z4  : 428CL-2 Fail to RETRACT(Esc line Entr),UNCLASSIFIED,10,1,10,1,12,12,0,12.21,1
3GT,TAM01,P1_315CL_ERR_2,Z3  : 315CL Fail to RETRACT (Push to Escape),UNCLASSIFIED,2,1,50,1,12,12,0,7.87,1
3GT,TAM01,P3_864PHS_UKNOW,Z8  : 864PHS 3 consecutive unknown carton detected,UNCLASSIFIED,66,1,1.515,1,12,12,0,-44.91,1
3GT,TAM02,P2_4CB_TRIP_Z4,PLC2: CB Breaker triped (see Breaker Trip Status),LONG_DURATION,7,1,14.286,1,12,12,100,124.56,2
3GT,TAM02,P2_522PHS_OF_ER,Z5B : 522PHS still ON,UNCLASSIFIED,42,1,2.381,1,12,12,0,27.6,1
3GT,TAM05,P8_sleeve_empty,Z10 : Sleeve hopper empty,UNCLASSIFIED,3,1,33.333,1,12,12,0,-7.36,1
3GT,TAM07,P3_605PRS_2_FAIL,Z6  : 605PRS-2 Sensor fail (Still off),UNCLASSIFIED,9,1,11.111,1,12,12,100,99.59,2
3GT,TAM07,P3_CTN_JAM_HOPR,Z8  : 861PRS Carton jam underneath the hopper,STOP_ALARM_CANDIDATE,13,1,7.692,1,12,12,0,115.57,2
3GT,TAM09,P2_520CL_ERR_1,Z5B : 520CL Fail to EXTEND,UNCLASSIFIED,15,1,6.667,1,12,12,100,276.9,2
3GT,TAM10,P1_300SRV_ERR_2,Z3  : 300SRV Driver error   (Demold),LONG_DURATION,11,1,9.091,1,12,12,100,24.36,2
3GT,TAM10,P1_430PRS_FAIL1,Z4  : 430PRS fail to be ON,UNCLASSIFIED,15,1,6.667,1,12,12,100,79.7,2
3GT,TAM17,P1_FC_VRIFY_ERR,Z4  : FC detected on the stage (FC verify),UNCLASSIFIED,59,1,1.695,1,12,12,100,37,2
3GT,TAM17,P3_604CL_ERR_1,Z6  : 604CL Fail to extend  (Array infeed),LONG_DURATION,1,1,100,1,12,12,100,77.56,2
3GT,TAM18,P3_ELEV_POS_ERR,Z8  : 860PRS Elevator position is not correct,UNCLASSIFIED,33,1,3.03,1,12,12,0,-11.91,1
3GT,TAM18,P3_607PHS5_MISS,Z6  : 607PHS-5 3 consecutive array missing,UNCLASSIFIED,4,1,25,1,12,12,100,182.19,2
3GT,TAM20,PSS2_FB_ERR2_0,PSS2: 2CMS1CR Feedback Error,CASCADE_SYMPTOM_CANDIDATE,626,1,0.16,1,12,12,0,284.09,1
3GT,TAM20,P1_SHINGLE_DET3,Z4  : FC shingle detect at 411PHS_3,UNCLASSIFIED,64,1,1.562,1,12,12,0,28.35,1
3GT,TAM21,L21_P3_Z05B_Alarm.VAC0513_Error,Z05B : 513VAC Foil suction vacuum fault,CASCADE_SYMPTOM_CANDIDATE,286,1,0.35,1,12,12,100,-4.1,2
3GT,TAM21,L21_P4_Z10_Alarm.to_1003BCR,1003BCR Communication time out failure,STOP_ALARM_CANDIDATE,16,1,6.25,1,12,12,0,132.15,2
3GT,TAM21,L21_P1_Z02A_Alarm.CarryVacuumFail,Z02A : 200-205VAC consecutive vacuum fail,UNCLASSIFIED,13,1,7.692,1,12,12,0,3.37,1
3GT,TAM21,L21_P3_0534PRS.Alarm1,Z05B : 534PRS Retainer not detect,UNCLASSIFIED,8,1,12.5,1,12,12,0,3.91,1
3GT,TAM22,L22_P1_0214PRS.Alarm2,Z02B : 214PRS Sensor fail to be off,UNCLASSIFIED,8,1,12.5,1,12,12,0,-25.79,1
3GT,TAM22,L22_P4_0802SRV.Fail_to_Move,P4_0802SRV Fail to Move,UNCLASSIFIED,2,1,50,1,12,12,0,71.19,1
3GT,TAM22,L22_P1_Z02A_Alarm.Shutter_FailToClose,Z02A : Shutter Fail to Close (204GLS),UNCLASSIFIED,17,1,5.882,1,12,12,100,-46.75,2
FLEX,TAM24,[00G3_K042]Program:UN01_Standard.ALMD_01G6_B005GLS,Z01 Guard Door Open =01G6+MA-B005GLS,DOOR_OR_GUARD|OPERATOR_INITIATED_FLEX|STOP_ALARM_CANDIDATE|LONG_DURATION,19,1,5.263,1,12,12,100,-26.65,3
FLEX,TAM24,[00G3_K002]Program:EM03G4_Operator_Interface.ALMD_S001PBL_Actuated,EM03G4 S001PBL ZONE STOP #1,STOP_ALARM_CANDIDATE|CASCADE_SYMPTOM_CANDIDATE,527,1,0.19,1,12,12,0,-27.35,2
FLEX,TAM24,[00G3_K042]Program:UN06_Standard.ALMD_06G6_B502GLS,Z06 Guard Door Open =06G6_B502GLS,DOOR_OR_GUARD|OPERATOR_INITIATED_FLEX|STOP_ALARM_CANDIDATE|LONG_DURATION,17,1,5.882,1,12,12,100,15.02,3
FLEX,TAM26,[00G3_K042]Program:UN09_Standard.ALMD_09_900GLS4_1,Z09 Guard Magnetic SW Open 900GLS4-1,DOOR_OR_GUARD|OPERATOR_INITIATED_FLEX|STOP_ALARM_CANDIDATE,3,1,33.333,1,12,12,0,104.25,3
FLEX,TAM26,[00G3_K002]Program:EM0240_Deposition.ALMD_K001CTL_Error,EM0240 Deposition Robot Error: Error,UNCLASSIFIED,3,1,33.333,1,12,12,0,115.78,1
FLEX,TAM26,[00G3_K502]Program:EM06G5_Bus_Structures.ALMD_Module_Error,PLC4 Module Error (Zone6),LONG_DURATION,4,1,25,1,12,12,100,93.96,2
FLEX,TAM27,[00G3_K042]Program:UN01_Standard.ALMD_01G6_B006GLS,Z01 Guard Door Open =01G6+MA-B006GLS,DOOR_OR_GUARD|OPERATOR_INITIATED_FLEX|STOP_ALARM_CANDIDATE|LONG_DURATION,18,1,5.556,1,12,12,0,-9.98,3
FLEX,TAM29,[00G3_K022]Program:EM0560_Foil_Feed.ALMD_M001MTR_Fault,EM0560 M001MTR Faulted : Foil Cleaner Vacuum motor,UNCLASSIFIED,4,1,25,1,12,12,0,212.71,1
FLEX,TAM29,[04G3_K002]Program:EM04G4_Operator_Interface.ALMD_S001PBL_Actuated,EM04G4 S001PBL ZONE STOP1,STOP_ALARM_CANDIDATE,27,1,3.704,1,12,12,0,-11.84,2
FLEX,TAM31,[00G3_K022]Program:EM0564_Foil_Feed_Die_Cut.ALMD_T001SVP_FailToMove,EM0564 T001SVP Foil Feed  #2 Fail to move,ROOT_CAUSE_CANDIDATE,124,1,0.806,1,12,12,0,7.2,2
3GT,TAM01,P0_240CL_ERR_2,Z2B : 240CL Fail to RETRACT (Cure outlet),LONG_DURATION,1,1,100,1,11,11,100,97.74,2
3GT,TAM01,P2_527PHS2_ON_ER,Z5B : 527PHS-2 still OFF,UNCLASSIFIED,61,1,1.639,1,11,11,100,213.02,2
3GT,TAM01,P7_552CL_ERR_2,Z5B : 552CL Fail to retract (3 array xfer),UNCLASSIFIED,44,1,2.273,1,11,11,0,95.8,1
3GT,TAM02,P2_CleanDies,Z5B : CLEAN DIES NOW - Zone Down until Cleaned !!,LONG_DURATION,34,1,2.941,1,11,11,0,-7.24,1
3GT,TAM02,P2_Z5A_AIR_LOW,Z5A : 50PS Air pressure low,LONG_DURATION,91,1,1.099,1,11,11,0,234.48,1
3GT,TAM02,P6_4014GLS_FAIL,Z4B : 4014LCK Airlock Feedback Fail,UNCLASSIFIED,4,1,25,1,11,11,0,1.45,1
3GT,TAM02,P2_554PRS1_ON_ER,Z5B : 554PRS-1 Puck not detect,UNCLASSIFIED,32,1,3.125,1,11,11,100,2.26,2
3GT,TAM02,P7_NO_FOIL,Z5C : No foil         (->Check foil reel),UNCLASSIFIED,27,1,3.704,1,11,11,0,213.91,1
3GT,TAM02,P2_533CL_ERR_1,Z5AB: 533CL Fail to extend  (Rtrn buffer out),UNCLASSIFIED,28,1,3.571,1,11,11,0,101.87,1
3GT,TAM05,P0_RMM_Low_Level,Z2B : Monomer Low Level,UNCLASSIFIED,41,1,2.439,1,11,11,0,254.45,1
3GT,TAM05,P0_200CL_ERR_1,Z2A : 200CL Fail to EXTEND  (FC/BC tbl ofs),UNCLASSIFIED,14,1,7.143,1,11,11,0,14.77,1
3GT,TAM05,P3_852SRV_ERR_7,Z8 : 852SRV Lag error (Carton elevator),UNCLASSIFIED,35,1,2.857,1,11,11,0,-21.37,1
3GT,TAM05,P2_STICK_DI_REM,Z5B : DI removal sticking (549PHS),CASCADE_SYMPTOM_CANDIDATE,105,1,0.952,1,11,11,100,-5.07,2
3GT,TAM05,P6_Z04B_ALM_Prs4011_OnFail,Z04B : 4011PRS Sensor fail to be on,UNCLASSIFIED,4,1,25,1,11,11,0,-6.45,1
3GT,TAM06,P3_807PHS1_MISS,Z8  : 807PHS-1 Array missing (Check jam or sensor),STOP_ALARM_CANDIDATE,7,1,14.286,1,11,11,0,68.42,2
3GT,TAM06,P0_IMM_DT_FAIL,Z2A : IMM set up data out of range,UNCLASSIFIED,38,1,2.632,1,11,11,0,56.97,1
3GT,TAM06,P6_LONG_DI1_ER,Z4B : DI Tower #1 extraction time too long,UNCLASSIFIED,18,1,5.556,1,11,11,100,13.38,2
3GT,TAM07,P2_51PS_ERROR,Z5B : 51PS Air pressure low (Check 51SV and 51ASV),LONG_DURATION,33,1,3.03,1,11,11,0,101.93,1
3GT,TAM07,P1_400_2ID_CMC,Z4  : 400_2ID Consecutive No Read,UNCLASSIFIED,15,1,6.667,1,11,11,100,-24.28,2
3GT,TAM07,P1_405SRV_ERR_5,Z4  : 405SRV Over drive     (Stage load),UNCLASSIFIED,13,1,7.692,1,11,11,100,52.92,2
3GT,TAM09,P2_CleanDies,Z5B : CLEAN DIES NOW - Zone Down until Cleaned !!,LONG_DURATION,28,1,3.571,1,11,11,100,231.01,2
3GT,TAM09,RMT_MONOMER_ERROR,Raw Material Tracking Error,UNCLASSIFIED,4,1,25,1,11,11,100,72.98,2
3GT,TAM09,P3_619PHS_MISS,Z6  : 619PHS Array missing (Check jam or sensor),STOP_ALARM_CANDIDATE,19,1,5.263,1,11,11,100,105.55,3
3GT,TAM09,P0_243CL_ERR_2,Z2B : 243CL Fail to RETRACT (Plt to preheat),LONG_DURATION,1,1,100,1,11,11,100,150.06,2
3GT,TAM09,P2_IMM_DATA_BAD,Z5A:  IMM DATA BAD,LONG_DURATION,18,1,5.556,1,11,11,100,-55.75,2
3GT,TAM10,P3_865PHS_MISS,Z8  : 865PHS Carton missing (Check jam or sensor),STOP_ALARM_CANDIDATE,22,1,4.545,1,11,11,0,-30.47,2
3GT,TAM17,P0_223PHS_FAIL,Z2B:  223PHS Pallet Tracking Mismatch,LONG_DURATION,36,1,2.778,1,11,11,100,184.98,2
3GT,TAM17,P6_4002SRV_ERR_2,Z4B : 4002SRV Driver error,LONG_DURATION,8,1,12.5,1,11,11,100,93.61,2
3GT,TAM18,P0_MonomerLo,Z2B : Monomer Level Low,UNCLASSIFIED,24,1,4.167,1,11,11,0,79.76,1
3GT,TAM18,P2_520PRS_Ofer,Z5B : HeatSeal Dies have been opened more than 30 minutes.,LONG_DURATION,32,1,3.125,1,11,11,0,-0.4,1
3GT,TAM18,P6_4010CL_ERR_2,Z4B : 4010CL Fail to Retract,UNCLASSIFIED,73,1,1.37,1,11,11,100,12.93,2
3GT,TAM18,P2_RBT_GNRL_ERR,Z5A : Mitsubishi robot error (Check Robot controler),LONG_DURATION,46,1,2.174,1,11,11,100,9.67,2
3GT,TAM20,P3_CMS_NOT_RDY,Z8  : Laser marker is not ready,STOP_ALARM_CANDIDATE,45,1,2.222,1,11,11,0,100.81,2
3GT,TAM20,P2_510SRV_ERR_5,Z5B : 510SRV Over drive     (Saline Buffer),UNCLASSIFIED,3,1,33.333,1,11,11,0,95.09,1
3GT,TAM21,L21_P6_4015PRS.Alarm2,Z04C : 4015PRS Sensor fail to be on,CASCADE_SYMPTOM_CANDIDATE,707,1,0.141,1,11,11,100,63.56,2
3GT,TAM21,L21_P6_PSS04_4014GLS.Alarm,Guard SW (Vapor Enclosure1 Entrance Shutter) Feedback Error(4014GLS),DOOR_OR_GUARD|GUARD_SYSTEM_FAULT|CASCADE_SYMPTOM_CANDIDATE,877,1,0.114,1,11,11,0,-3.32,1
3GT,TAM21,L21_P6_PSS04_4012GLS.Alarm,Guard SW (Vapor Enclosure2 Entrance Shutter) Feedback Error(4012GLS),DOOR_OR_GUARD|GUARD_SYSTEM_FAULT|CASCADE_SYMPTOM_CANDIDATE,710,1,0.141,1,11,11,0,-11.3,1
3GT,TAM21,L21_P3_HeatSeal_Clean.HMI01,"Heat Seal Stroke Count = 8561, Did you Clean Heat Seat Dies ?: Heat Seal Sensor Status = OFF~Minimum time remaining to clean ~Heat",LONG_DURATION,24,1,4.167,1,11,11,0,58.03,1
3GT,TAM21,L21_P4_1000PHS_01.Alarm1,Z10 : 1000PHS Carton jam (Remove carton),STOP_ALARM_CANDIDATE,22,1,4.545,1,11,11,0,-21.77,2
3GT,TAM21,L21_P3_HeatSeal_Clean.HMI01,"Heat Seal Stroke Count = 7749, Did you Clean Heat Seat Dies ?: Heat Seal Sensor Status = OFF~Minimum time remaining to clean ~Heat",LONG_DURATION,24,1,4.167,1,11,11,0,27.24,1
3GT,TAM21,L21_P1_0405PRS.Alarm2,Z04A : 405PRS Sensor fail to be on,UNCLASSIFIED,46,1,2.174,1,11,11,100,2.34,2
3GT,TAM22,L22_P4_0805CL.stat.Fte,P4_0805CL Fail to Extend,UNCLASSIFIED,69,1,1.449,1,11,11,0,176.7,1
3GT,TAM22,L22_P3_Z05B_Alarm.Cam2InspectNG05,Z05B : Camera2 Consecutive Inspection Error - 5th Check Position,UNCLASSIFIED,3,1,33.333,1,11,11,0,57.78,1
3GT,TAM22,L22_P4_1005PHS.Alarm2,Z10 : 1005PHS Unknown carton (Remove carton),CASCADE_SYMPTOM_CANDIDATE,165,1,0.606,1,11,11,0,0.18,1
3GT,TAM23,L23_P4_0807PHS_01.Alarm2,Z08 : 807PHS-1 3 consecutive unknown array detect,UNCLASSIFIED,11,1,9.091,1,11,11,0,8.76,1
3GT,TAM23,L23_P4_Z10_Alarm.to_1002BCR,Z10 : 1002BCR Communication time out failure,STOP_ALARM_CANDIDATE,16,1,6.25,1,11,11,0,183.39,2
FLEX,TAM24,[00G3_K022]Program:EM0542_Foil_Transfer.ALMD_K001CTL_Guard_Open,EM0542 Foil Transfer Robot Error: Safety Guard Open,DOOR_OR_GUARD|OPERATOR_INITIATED_FLEX|STOP_ALARM_CANDIDATE|CASCADE_SYMPTOM_CANDIDATE,1370,1,0.073,1,11,11,0,117.72,2
FLEX,TAM24,[00G3_K042]Program:UN06_Standard.ALMD_06G6_B504GLS,Z06 Guard Door Open =06G4_B504GLS,DOOR_OR_GUARD|OPERATOR_INITIATED_FLEX|STOP_ALARM_CANDIDATE|LONG_DURATION,8,1,12.5,1,11,11,100,291.07,3
FLEX,TAM25,[00G3_K002]Program:EM0352_Return_Buffer_Outlet.ALMD_B002PRS_B003PRS_Mis,EM0352 B002PRS & B003PRS Sensor State mismatch,UNCLASSIFIED,44,1,2.273,1,11,11,0,-27.2,1
FLEX,TAM25,[04G3_K022]Program:UN04_Standard.ALMD_04G6_M001SV,Z04 IPA SUPPLY VALVE =04G6_M001SV CLOSED (FOR SOLUTION),CASCADE_SYMPTOM_CANDIDATE|LONG_DURATION,101,1,0.99,1,11,11,100,108.37,2
FLEX,TAM26,[00G3_K042]Program:UN09_Standard.ALMD_09_900GLS1,Z09 Guard Door Open 900GLS1,DOOR_OR_GUARD|OPERATOR_INITIATED_FLEX|STOP_ALARM_CANDIDATE,3,1,33.333,1,11,11,0,-44.1,2
FLEX,TAM27,[00G3_K002]Program:EM0232_Monomer_DosePump.ALMD_M001MTR_Fault,EM0232 M001MTR Motor faulted,UNCLASSIFIED,6,1,16.667,1,11,11,0,-57.42,1
FLEX,TAM28,[04G3_K022]Program:UN04_Standard.ALMD_04G6_M001SV,Z04 IPA SUPPLY VALVE =04G6_M001SV CLOSED (FOR SOLUTION),CASCADE_SYMPTOM_CANDIDATE|LONG_DURATION,105,1,0.952,1,11,11,100,26.56,2
FLEX,TAM30,[00G3_K002]Program:EM0250_WalkingBeam.ALMD_B003PRS_OnFail,EM0250 B003PRS On Fail,UNCLASSIFIED,1,1,100,1,11,11,0,204.71,1
FLEX,TAM31,[00G3_K042]Program:UN01_Standard.ALMD_01G6_B006GLS,Z01 Guard Door Open =01G6+MA-B006GLS,DOOR_OR_GUARD|OPERATOR_INITIATED_FLEX|STOP_ALARM_CANDIDATE|LONG_DURATION,1,1,100,1,11,11,0,-55.98,2
FLEX,TAM31,[04G3_K022]Program:UN04_Standard.ALMD_04G6_B015GLS,Z04 GUARD DOOR OPEN (=04G6_B015GLS),DOOR_OR_GUARD|OPERATOR_INITIATED_FLEX|STOP_ALARM_CANDIDATE|LONG_DURATION,4,1,25,1,11,11,0,46.72,3
FLEX,TAM31,[00G3_K022]Program:EM0528_GB_Outlet.ALMD_T001SVP_Driver_Fault,EM0528 T001SVP Good Walking Beam Driver fault,STOP_ALARM_CANDIDATE,7,1,14.286,1,11,11,0,60.15,2
FLEX,TAM31,[00G3_K042]Program:UN03_Standard.ALMD_03G6_B004GLS_LCK,Z03 Guard Switch Lock Solenoid Feedback Error =03G6_B004GLS,DOOR_OR_GUARD|GUARD_SYSTEM_FAULT|CASCADE_SYMPTOM_CANDIDATE,362,1,0.276,1,11,11,100,299.09,1
FLEX,TAM31,[00G3_K502]Program:EM06G4_Operator_Interface.ALMD_Z05_PBL_Actuated,Zone05 ZONE STOP PB,STOP_ALARM_CANDIDATE|CASCADE_SYMPTOM_CANDIDATE,2672,1,0.037,1,11,11,100,-22.45,3
FLEX,TAM31,[00G3_K042]Program:UN02_Standard.ALMD_02G6_B019GLS,Z02 Under Guard Door Open =02G6_B019GLS,DOOR_OR_GUARD|OPERATOR_INITIATED_FLEX|STOP_ALARM_CANDIDATE,9,1,11.111,1,11,11,0,170.96,2
3GT,TAM01,P1_453CL_ERR_2,Z4  : 453CL Fail to RETRACT  (Stage gate stopper),DOOR_OR_GUARD,37,1,2.703,1,10,10,100,166.05,2
3GT,TAM01,P6_HSC2FAIL_RST,Z4B : High speed counter #2 (4000FM) Fail to be Reset,UNCLASSIFIED,3,1,33.333,1,10,10,0,175.38,1
3GT,TAM01,P1_4222CL_ERR_1,Z4  : 422CL-2 Fail to EXTEND (FC xfer X2),LONG_DURATION,1,1,100,1,10,10,100,84.74,2
3GT,TAM01,P2_524CL_ERR_2,Z5B : 524CL Fail to retract (Saline buffer),UNCLASSIFIED,11,1,9.091,1,10,10,0,98.37,1
3GT,TAM01,P3_605PRS_4_FAIL,Z6  : 605PRS-4 Sensor fail (Still off),UNCLASSIFIED,7,1,14.286,1,10,10,100,115.83,2
3GT,TAM02,P3_620PHS_UKNOW,Z6  : 620PHS Tray jam or sensor fail (Remain),STOP_ALARM_CANDIDATE,1,1,100,1,10,10,100,92.3,3
3GT,TAM02,P2_526PRS_ON_ER,Z5B : 526PRS Puck not detect,UNCLASSIFIED,40,1,2.5,1,10,10,100,119.51,2
3GT,TAM02,P3_ZSTOP_AJ_Z06,Z8  : Zone stop caused by adjacent zone6,STOP_ALARM_CANDIDATE,5,1,20,1,10,10,0,96.33,2
3GT,TAM02,P6_4018CL_ERR_2,Z4B : 4018CL Fail to Retract,LONG_DURATION,1,1,100,1,10,10,100,110.57,2
3GT,TAM02,P3_FLAP_OPEN_NG,Z8  : 860PHS 3 Consecutive carton flap open NG,UNCLASSIFIED,22,1,4.545,1,10,10,0,19.26,1
3GT,TAM02,P6_4007PRSFAIL1,Z4B : 4007PRS fail to be ON,UNCLASSIFIED,32,1,3.125,1,10,10,100,107.58,2
3GT,TAM05,P6_Z04B_ALM_IVEK_Fault,Z04B : IVEK Controller System fault,UNCLASSIFIED,60,1,1.667,1,10,10,0,-55.43,1
3GT,TAM05,P3_SLAVE_FAIL_Z6,PLC3: Profibus slave fail,UNCLASSIFIED,1,1,100,1,10,10,100,216.65,2
3GT,TAM06,P0_247PRS_FAIL,Z2B : 247PRS Sensor fail (Plt xfer to pheat),UNCLASSIFIED,23,1,4.348,1,10,10,0,35.82,1
3GT,TAM07,P2_CHUCK_ERR,Z5B : Foil chuck error,UNCLASSIFIED,34,1,2.941,1,10,10,0,-11.04,1
3GT,TAM07,P1_SHINGL_HD_ER,Z4  : FC shingle check head incorrect position,LONG_DURATION,3,1,33.333,1,10,10,0,47.98,1
3GT,TAM07,FMD_Cons_Reject,Zone05B: Consecutive FMD vision system inspection fail,UNCLASSIFIED,37,1,2.703,1,10,10,100,190.76,2
3GT,TAM07,P2_520CL_ERR_1,Z5B : 520CL Fail to EXTEND,UNCLASSIFIED,24,1,4.167,1,10,10,100,152.62,2
3GT,TAM09,P6_Z04B_4102SV_stat_Ftc,Z04B : 4102SV (Recycle/Sump Diverter Sol Valve) failed to Close,LONG_DURATION,1,1,100,1,10,10,0,287.19,1
3GT,TAM09,P2_553PHS_OF_ER,Z5AB: 553PHS still ON,UNCLASSIFIED,5,1,20,1,10,10,100,236.08,2
3GT,TAM09,P0_FC_VAC_CMC,Z2A : FC Vacuum CMC error,UNCLASSIFIED,13,1,7.692,1,10,10,100,-6.73,2
3GT,TAM10,P1_427CL_ERR_2,Z4  : 427CL Fail to RETRACT (FC verify),UNCLASSIFIED,17,1,5.882,1,10,10,0,11.45,1
3GT,TAM10,P1_4081CL_ERR_2,Z4  : 408CL-1 Fail to RETRACT(Plt xfr2-1@Jnc),UNCLASSIFIED,1,1,100,1,10,10,100,33.02,2
3GT,TAM18,P2_578CL_ERR_1,Z5A : 578CL Fail To extend  (Rtrn Buffer Out),UNCLASSIFIED,19,1,5.263,1,10,10,100,89.57,2
3GT,TAM18,P2_520CL_ERR_1,Z5B : 520CL Fail to EXTEND,UNCLASSIFIED,42,1,2.381,1,10,10,100,23.76,2
3GT,TAM18,P2_555PRS_ON_ER,Z5B : 555PRS Puck not detect,UNCLASSIFIED,9,1,11.111,1,10,10,100,-18.89,2
3GT,TAM18,P0_219SRV_ERR_7,Z2B : 219SRV Lag error      (Preheat-ALI),UNCLASSIFIED,15,1,6.667,1,10,10,100,68.58,2
3GT,TAM18,P3_LABEL_NOTRDY,Z10 : Labeler is not ready,STOP_ALARM_CANDIDATE|LONG_DURATION,20,1,5,1,10,10,0,293.81,2
3GT,TAM20,P1_SHINGLE_DET4,Z4  : FC shingle detect at 411PHS_4,UNCLASSIFIED,64,1,1.562,1,10,10,100,90.18,2
3GT,TAM20,P3_1013PHS_MISS,Z10 : 1013PHS Case jam or sensor fail (Missing),STOP_ALARM_CANDIDATE,10,1,10,1,10,10,0,-10.48,2
3GT,TAM20,P7_CMS_NOT_RDY,Z5B : CMS Laser is not ready alarm,STOP_ALARM_CANDIDATE,4,1,25,1,10,10,0,107.55,2
3GT,TAM20,P0_RBT_ABNORMAL,Z2A : Robot abnormal condition,LONG_DURATION,7,1,14.286,1,10,10,100,39.52,2
3GT,TAM21,L21_P1_0452PRS.Alarm2,Z04A : 452PRS Sensor fail to be on,UNCLASSIFIED,26,1,3.846,1,10,10,100,171.38,2
3GT,TAM21,L21_P4_1019PHS.Alarm1,Z10 : 1019PHS Carton jam (Remove carton),STOP_ALARM_CANDIDATE,21,1,4.762,1,10,10,0,-11.77,2
3GT,TAM21,L21_P1_0216SRV.Fail_to_Move,P1_0216SRV Fail to Move,UNCLASSIFIED,16,1,6.25,1,10,10,0,56.99,1
3GT,TAM21,L21_P6_4020PRS.Alarm2,Z04C : 4020PRS Sensor fail to be on,UNCLASSIFIED,30,1,3.333,1,10,10,100,-21.76,2
3GT,TAM21,L21_P1_0247PRS.Alarm1,Z02B : 247PRS Sensor fail to be on,UNCLASSIFIED,12,1,8.333,1,10,10,100,85.97,2
3GT,TAM21,L21_P3_0510PHS.Alarm1,Z05B : Shingle P.P. (510PHS),CASCADE_SYMPTOM_CANDIDATE,140,1,0.714,1,10,10,0,0.68,1
3GT,TAM21,L21_P2_0428PRS.Alarm1,Z04B : 428PRS Sensor fail to be on,LONG_DURATION,1,1,100,1,10,10,0,76.5,1
3GT,TAM22,L22_P3_Z05B_Alarm.Con_Missed_Lens,Z05B : 3 Consecutive missing lens detected.,UNCLASSIFIED,35,1,2.857,1,10,10,0,-21.21,1
3GT,TAM22,L22_P1_0453PRS.Alarm1,Z04A : 453PRS Sensor fail to be off,UNCLASSIFIED,5,1,20,1,10,10,100,127.9,2
3GT,TAM22,L22_P3_ALI.Alarm_08,ALI unexpectly got out of Production mode,UNCLASSIFIED,15,1,6.667,1,10,10,0,-14.97,1
3GT,TAM22,L22_P1_0231PRS.Alarm1,Z02B : 231PRS Sensor fail to be on,UNCLASSIFIED,1,1,100,1,10,10,100,198.17,2
3GT,TAM22,L22_P1_0223PHS.Alarm1,Z02B : 223PHS Sensor fail to be on,LONG_DURATION,7,1,14.286,1,10,10,0,32.13,1
FLEX,TAM24,[04G3_K022]Program:UN04_Standard.ALMD_04G6_B017GLS,Z04 GUARD DOOR OPEN (=04G6_B017GLS),DOOR_OR_GUARD|OPERATOR_INITIATED_FLEX|STOP_ALARM_CANDIDATE|LONG_DURATION,26,1,3.846,1,10,10,0,16.32,3
FLEX,TAM25,[00G3_K002]Program:EM0336_Return_Buffer_Inlet.ALMD_B001PRS_OnFail,EM0336 B001PRS OnFail,ROOT_CAUSE_CANDIDATE,136,1,0.735,1,10,10,0,146.67,1
FLEX,TAM25,[00G3_K042]Program:UN01_Standard.ALMD_01G6_B005GLS,Z01 Guard Door Open =01G6+MA-B005GLS,DOOR_OR_GUARD|OPERATOR_INITIATED_FLEX|STOP_ALARM_CANDIDATE|LONG_DURATION,32,1,3.125,1,10,10,100,0,3
FLEX,TAM26,[00G3_K502]Program:EM06G4_Operator_Interface.ALMD_S501PBL_Actuated,EM06G4 S501PBL ZONE STOP PB1,STOP_ALARM_CANDIDATE|ROOT_CAUSE_CANDIDATE,185,1,0.541,1,10,10,0,199.49,2
FLEX,TAM26,[04G3_K002]Program:EM0450_Drip_Station.ALMD_M002CL_Faulted,EM0450 M002CL Drip Station Stage pusher Engage fault,UNCLASSIFIED,132,1,0.758,1,10,10,0,132.99,1
FLEX,TAM26,[00G3_K042]Program:UN05_Standard.ALMD_05G6_B008GLS,Z05 Under Guard Door Open =05G6_B008GLS,DOOR_OR_GUARD|OPERATOR_INITIATED_FLEX|STOP_ALARM_CANDIDATE|LONG_DURATION,30,1,3.333,1,10,10,0,62.08,3
FLEX,TAM27,[00G3_K502]Program:EM1000_deviceWISE.ALMD_DeviceWiseEchoMisMatchError,PLC to DeviceWise : DeviceWise Message Transaction EchoMismatch Error.,UNCLASSIFIED,29,1,3.448,1,10,10,0,118.28,1
FLEX,TAM27,[00G3_K022]Program:EM0558_Foil_Reel.ALMD_05G6_B009GLS_Opened,EM0558 05G6 B009GLS Door Opened,DOOR_OR_GUARD|OPERATOR_INITIATED_FLEX|STOP_ALARM_CANDIDATE|CASCADE_SYMPTOM_CANDIDATE,188,1,0.532,1,10,10,0,2,2
FLEX,TAM28,[00G3_K502]Program:EM1000_RawMaterialTracking.ALMD_LotChange_Carton_AL,Timeout occured entering RMT Info for CARTON,UNCLASSIFIED,4,1,25,1,10,10,0,159.34,1
FLEX,TAM29,[00G3_K003]Program:EM0304_WB_Demold.ALMD_00G7_M003SV_Not_Ready,EM0304 Z02/Z03 SV Not Ready (EM00G7-M003SV),STOP_ALARM_CANDIDATE|CASCADE_SYMPTOM_CANDIDATE,1910,1,0.052,1,10,10,100,-15.4,3
FLEX,TAM29,[00G3_K022]Program:EM0558_Foil_Reel.ALMD_05G6_B009GLS_Opened,EM0558 05G6 B009GLS Door Opened,DOOR_OR_GUARD|OPERATOR_INITIATED_FLEX|STOP_ALARM_CANDIDATE|CASCADE_SYMPTOM_CANDIDATE,201,1,0.498,1,10,10,0,-24.6,2
FLEX,TAM29,[00G3_K002]Program:EM0285_Cooling_Walking_Beam.ALMD_T001SVP_Driver_Fault,EM0285 T001SVP Cooling Walking Beam Servo Driver fault,STOP_ALARM_CANDIDATE,58,1,1.724,1,10,10,0,65.21,2
FLEX,TAM31,[00G3_K022]Program:EM0534_Saline_Buffer_Inlet.ALMD_B001PRS_OnFail,EM0534 B001PRS Lane1 PP MRS Exit On fail,ROOT_CAUSE_CANDIDATE,279,1,0.358,1,10,10,0,77.97,2
FLEX,TAM31,[00G3_K042]Program:UN10_Standard.ALMD_10G6_B504GLS,Z10 Guard Door Open =10G6_B504GLS,DOOR_OR_GUARD|OPERATOR_INITIATED_FLEX|STOP_ALARM_CANDIDATE|CASCADE_SYMPTOM_CANDIDATE,215,1,0.465,1,10,10,0,237.61,2
FLEX,TAM31,[00G3_K022]Program:EM05G4_Operator_Interface.ALMD_S001PBL_Actuated,EM05G4 S001PBL Zone Stop,STOP_ALARM_CANDIDATE|CASCADE_SYMPTOM_CANDIDATE,2187,1,0.046,1,10,10,0,-54.88,1
3GT,TAM01,P1_416CL_ERR_1,Z4  : 416CL Fail to EXTEND  (Ret cv lane1),LONG_DURATION,25,1,4,1,9,9,0,5.17,1
3GT,TAM01,P3_600MAG_FAIL,Z6  : 600M MC feedback error (Zone06 Motor),UNCLASSIFIED,11,1,9.091,1,9,9,0,233.92,1
3GT,TAM01,P7_514SRV_ERR_2,Z5B : 514SRV Driver error   (Foil for lasr),UNCLASSIFIED,8,1,12.5,1,9,9,0,29.79,1
3GT,TAM01,P2_SALIN1_ERR,Z5B : Saline dose level low (1st 6 pucks),UNCLASSIFIED,39,1,2.564,1,9,9,0,15.62,1
3GT,TAM01,P17_P2_Comm_Error,Zone05BP2:P17 Ethernet Comm error to PLC 2,LONG_DURATION,17,1,5.882,1,9,9,100,-16.71,2
3GT,TAM01,SBM_W01_Ldoor_Opnd,Z6/7 : Sterilizer Load Door Is Still Opened,DOOR_OR_GUARD|POSSIBLE_OPERATOR_ACCESS_LEGACY|STOP_ALARM_CANDIDATE,1,1,100,1,9,9,100,96.47,3
3GT,TAM01,P2_516SRV_ERR_9,Z5B : 516SRV Servo pack is abnormal (Rtrn buffer),UNCLASSIFIED,10,1,10,1,9,9,0,27.12,1
3GT,TAM01,P0_CUE_DOOR_OPN,Z2B : Cure Enclosure door opened,DOOR_OR_GUARD|POSSIBLE_OPERATOR_ACCESS_LEGACY|STOP_ALARM_CANDIDATE|LONG_DURATION,21,1,4.762,1,9,9,0,127.44,2
3GT,TAM02,P2_5871CL_ERR_2,Z5B : 587CL-1 Fail To retract  (DI Removal Out),UNCLASSIFIED,3,1,33.333,1,9,9,100,229.97,2
3GT,TAM02,P7_533PRS_OF_ER,Z5B : 533PRS still ON,LONG_DURATION,34,1,2.941,1,9,9,100,198.16,2
3GT,TAM02,P1_402CL_ERR_1,Z4  : 402CL Fail to EXTEND  (Hyd buf outlet),UNCLASSIFIED,6,1,16.667,1,9,9,100,67.25,2
3GT,TAM02,P7_540PHS_ERR,Z5B : Foil Placement Error (Cut & Perfo),UNCLASSIFIED,4,1,25,1,9,9,0,-57.06,1
3GT,TAM05,ST_Z07_Alarm_SFC_LoadDoor,Load Door Operation Timeout,DOOR_OR_GUARD,54,1,1.852,1,9,9,0,19.85,1
3GT,TAM05,P0_SLAVE_FAIL,PLC0: Profibus slave fail,UNCLASSIFIED,4,1,25,1,9,9,100,26.17,2
3GT,TAM05,P1_302CL_ERR_2,Z3  : 302CL Fail to RETRACT (Top finger L),UNCLASSIFIED,37,1,2.703,1,9,9,100,61.7,2
3GT,TAM05,P7_552CL_ERR_1,Z5B : 552CL Fail to extend  (3 array xfer),UNCLASSIFIED,27,1,3.704,1,9,9,0,230.4,1
3GT,TAM05,P0_272PRS_FAIL,Z2B : 272PRS Sensor fail,UNCLASSIFIED,18,1,5.556,1,9,9,100,3.64,2
3GT,TAM05,P2_544PRS_OF_ER,Z5B : 544PRS still ON,UNCLASSIFIED,19,1,5.263,1,9,9,100,63.09,2
3GT,TAM05,P2_Z5A_AIR_LOW,Z5A : 50PS Air pressure low,LONG_DURATION,79,1,1.266,1,9,9,0,28.69,1
3GT,TAM06,P0_271PRS_FAIL,Z2B : 271PRS Sensor fail,UNCLASSIFIED,97,1,1.031,1,9,9,100,215.72,2
3GT,TAM06,P6_4014PRSFAIL1,Z4B : 4014PRS fail to be ON,UNCLASSIFIED,6,1,16.667,1,9,9,0,-18.94,1
3GT,TAM06,P6_JAM_4015PRS,Z4B : 4012CL fail to transfer to 4015PRS,UNCLASSIFIED,20,1,5,1,9,9,100,102.59,2
3GT,TAM06,P6_4020CL_ERR_1,Z4B : 4020CL Fail to Extend,LONG_DURATION,10,1,10,1,9,9,100,117.39,2
3GT,TAM07,P6_DI1_TMP_HIHI,Z4B : Tower#1 water temp. exceeds hi-hi limit,UNCLASSIFIED,4,1,25,1,9,9,100,-3.11,2
3GT,TAM07,P1_305PRS_FAIL,Z3  : 305PRS Sensor fail,LONG_DURATION,11,1,9.091,1,9,9,100,79.58,2
3GT,TAM07,P6_4004SRV_ERR_1,Z4B : 4004SRV Fail to move,UNCLASSIFIED,12,1,8.333,1,9,9,100,244.75,2
3GT,TAM07,P1_404CL_ERR_1,Z4  : 404CL Fail to EXTEND  (FC rej@FC out),UNCLASSIFIED,2,1,50,1,9,9,100,93.24,2
3GT,TAM07,P7_554CL_ERR_2,Z5B : 554CL Fail to retract (Walking beam),UNCLASSIFIED,32,1,3.125,1,9,9,0,96.1,1
3GT,TAM09,P2_CM_528PRS_ERR,Z5B : Missing puck at rtrn buffer out (528PRS),UNCLASSIFIED,21,1,4.762,1,9,9,100,241.03,2
3GT,TAM09,P2_506CL_ERR_2,Z5B : 506CL Fail to Retract (Pre-Dose),UNCLASSIFIED,31,1,3.226,1,9,9,100,88.82,2
3GT,TAM09,P3_603PHS_MISS,Z6  : 603PHS Array missing (Check jam or sensor),STOP_ALARM_CANDIDATE,10,1,10,1,9,9,100,115.77,3
3GT,TAM10,P3_812MTR_HFail,Z08:  812MTR - Home Fail,UNCLASSIFIED,13,1,7.692,1,9,9,0,149.44,1
3GT,TAM10,P3_CTN_JAM_HOPR,Z8  : 861PRS Carton jam underneath the hopper,STOP_ALARM_CANDIDATE,3,1,33.333,1,9,9,0,68.05,2
3GT,TAM10,P0_256CL_ERR_2,Z2B : 256CL Fail to RETRACT (Xfr@FC ret cnv),UNCLASSIFIED,22,1,4.545,1,9,9,0,-27.07,1
3GT,TAM17,P3_807PHS4_MISS,Z8  : 807PHS-4 Array missing (Check jam or sensor),STOP_ALARM_CANDIDATE,53,1,1.887,1,9,9,0,68.66,2
3GT,TAM17,P1_420PRS_FAIL1,Z4  : 420PRS fail to be ON,LONG_DURATION,49,1,2.041,1,9,9,100,-3.46,2
3GT,TAM17,P3_607PHS5_MISS,Z6  : 607PHS-5 3 consecutive array missing,UNCLASSIFIED,17,1,5.882,1,9,9,100,114.9,2
3GT,TAM18,P1_401SRV_ERR_5,Z4  : 401SRV Over drive     (Hyd buf outlet),UNCLASSIFIED,6,1,16.667,1,9,9,100,17.49,2
3GT,TAM18,P7_552CL_ERR_2,Z5B : 552CL Fail to retract (3 array xfer),UNCLASSIFIED,73,1,1.37,1,9,9,100,-37.69,2
3GT,TAM18,P3_862PHS_MISS,Z8  : 862PHS Carton missing (Check jam or sensor),STOP_ALARM_CANDIDATE,14,1,7.143,1,9,9,0,-17,2
3GT,TAM18,P2_583CL_ERR_1,Z5B : 583CL Fail To extend  (ALI outlet),UNCLASSIFIED,4,1,25,1,9,9,0,-20.66,1
3GT,TAM18,P0_247PRS_FAIL,Z2B : 247PRS Sensor fail (Plt xfer to pheat),UNCLASSIFIED,26,1,3.846,1,9,9,0,64.92,1
3GT,TAM18,P6_ALM1_SE_PEL,Z4B : Sump enc. PEL exceeds alarm level       (L1),UNCLASSIFIED,3,1,33.333,1,9,9,100,111.22,2
3GT,TAM20,P1_420PRS_FAIL1,Z4  : 420PRS fail to be ON,UNCLASSIFIED,42,1,2.381,1,9,9,0,95.3,1
3GT,TAM21,L21_HMI2_SQLConnect.HMIVersionError,DLL Version Error. Check Versions PLC InTouch page on HMI2,UNCLASSIFIED,5,1,20,1,9,9,0,-10.38,1
3GT,TAM21,L21_P1_0400VAC_02.stat.Ftc,P1_0400VAC_02 Fail to Close,CASCADE_SYMPTOM_CANDIDATE,3826,1,0.026,1,9,9,0,3.36,1
3GT,TAM21,L21_P1_0224PRS.Alarm1,Z02B : 224PRS Sensor fail to be on,UNCLASSIFIED,1,1,100,1,9,9,0,19.5,1
3GT,TAM21,L21_P1_Z02B_Alarm.Mtr211_1_Fault,Z02B : 211MTR-1 fault monomer dosing,UNCLASSIFIED,35,1,2.857,1,9,9,0,162.97,1
3GT,TAM21,L21_P3_Z05B_Alarms.a.FMD_CarrierID_NoResult,FMD No results information for Carrier ID,UNCLASSIFIED,18,1,5.556,1,9,9,0,88.83,1
3GT,TAM21,L21_P3_Z05B_Alarms.a.FMD_HeartbeatLoss,FMD Heartbeat loss between AB Driver and FMD system,UNCLASSIFIED,21,1,4.762,1,9,9,0,0.99,1
3GT,TAM21,L21_P4_0619PHS.Alarm2,Z06 : 619PHS Array missing (Check jam or sensor),STOP_ALARM_CANDIDATE,7,1,14.286,1,9,9,100,66.15,3
3GT,TAM22,L22_P3_Z05B_Alarm.Id512_No_Read,Z05B : 512IDR No Read,CASCADE_SYMPTOM_CANDIDATE,362,1,0.276,1,9,9,100,196.77,1
3GT,TAM22,L22_P2_Z04B_Alarm.Shingle_Detect2,Z04B : FC shingle stage at after FC xfer station. -2nd row,UNCLASSIFIED,66,1,1.515,1,9,9,100,85.2,2
3GT,TAM22,L22_P1_Z04A_Warning.IDR400_1_Mismatch,Z04A : IDR400_1 Data mismatch,WARNING|CASCADE_SYMPTOM_CANDIDATE,657,1,0.152,1,9,9,100,260.58,1
3GT,TAM22,L22_P3_0528PRS.Alarm1,Z05B : 528PRS Puck not detect,UNCLASSIFIED,35,1,2.857,1,9,9,0,9.95,1
3GT,TAM22,L22_P3_0543PHS.Alarm1,Z05B : 543PHS Product array not detect,UNCLASSIFIED,19,1,5.263,1,9,9,100,157.29,2
3GT,TAM22,L22_P3_Z05B_Alarm.VAC0511_4_Error,Z05B : 511vac4 array vacuum fault at 513SRV,UNCLASSIFIED,30,1,3.333,1,9,9,0,-59.73,1
3GT,TAM23,L23_P4_Camera3.Alarm_06,Camera3 Cognex Set Integer command failure,UNCLASSIFIED,32,1,3.125,1,9,9,0,-3.92,1
FLEX,TAM24,[00G3_K042]Program:UN10_Standard.ALMD_10G6_B515GLS,Z10 Guard Door Open =10G6_B515GLS,DOOR_OR_GUARD|OPERATOR_INITIATED_FLEX|STOP_ALARM_CANDIDATE|CASCADE_SYMPTOM_CANDIDATE,307,1,0.326,1,9,9,0,-29.78,2
FLEX,TAM25,[00G3_K002]Program:EM0250_WalkingBeam.ALMD_Shingle_Pallet_Loc01,EM0250 Consecutive Shingle Pallet at Tween Location 1,UNCLASSIFIED,14,1,7.143,1,9,9,0,67.84,1
FLEX,TAM25,[00G3_K002]Program:EM0312_Demold.ALMD_Consec_Miss_DM_Btm3,EM0312 Consecutive Miss demold M013CL,ROOT_CAUSE_CANDIDATE,49,1,2.041,1,9,9,0,-34.85,1
FLEX,TAM25,[04G3_K002]Program:EM0430_Elevator3.ALMD_B004PRS_OffFail,EM0430 B004PRS Elevator #3 Stage presence (bottom) off fail,ROOT_CAUSE_CANDIDATE,65,1,1.538,1,9,9,0,-12.52,2
FLEX,TAM26,[04G3_K002]Program:EM0422_Tower1_Extraction.ALMD_Ext_Flow_Detected,EM0422 Tower #1 Extraction flow detected even as valve closed,ROOT_CAUSE_CANDIDATE,58,1,1.724,1,9,9,0,22.13,2
FLEX,TAM26,[00G3_K042]Program:UN08_Standard.ALMD_08G6_B502GLS,Z08 Guard Door Open =08G6_B502GLS,DOOR_OR_GUARD|OPERATOR_INITIATED_FLEX|STOP_ALARM_CANDIDATE|CASCADE_SYMPTOM_CANDIDATE,167,1,0.599,1,9,9,0,167.94,2
FLEX,TAM28,[00G3_K002]Program:EM0312_Demold.ALMD_IR_Heat_Fail,EM0312 IR Heater Fail (Heating too long),UNCLASSIFIED,14,1,7.143,1,9,9,0,99.66,1
FLEX,TAM28,[00G3_K042]Program:UN05_Standard.ALMD_05G6_B003GLS_LCK,Z05 Guard Switch Lock Solenoid Feedback Error =05BG6_B003GLS,DOOR_OR_GUARD|GUARD_SYSTEM_FAULT,63,1,1.587,1,9,9,100,222.42,2
FLEX,TAM29,[09G3_K002]Program:EM0913_Slider_B.ALMD_CTM_B_Not_Auto,EM0912 CTM (B) Alarm: CTM (B) Not Auto Error,CASCADE_SYMPTOM_CANDIDATE,270,1,0.37,1,9,9,0,295.91,1
FLEX,TAM29,[00G3_K022]Program:EM0514_DI_Removal_Inlet.ALMD_ALI_System_Not_Ready,EM0514 ALI system Not Ready,STOP_ALARM_CANDIDATE,8,1,12.5,1,9,9,0,26.73,2
FLEX,TAM29,[00G3_K022]Program:EM0540_Heat_Seal_Infeed.ALMD_MMLS_TCLL_OffFail,EM0540 MMLS TCLL Sensor Off Fail (Still On),UNCLASSIFIED,39,1,2.564,1,9,9,0,6.57,1
FLEX,TAM31,[00G3_K502]Program:EM10G0_Power_supply_AC.ALMD_K502CTL_EStopCondition,EM10G0 K502CTL E-Stop condition,STOP_ALARM_CANDIDATE|CASCADE_SYMPTOM_CANDIDATE,1926,1,0.052,1,9,9,0,289.9,1
FLEX,TAM31,[00G3_K042]Program:UN06_Standard.ALMD_06G6_B503GLS,Z06 Guard Door Open =06G6_B503GLS,DOOR_OR_GUARD|OPERATOR_INITIATED_FLEX|STOP_ALARM_CANDIDATE,23,1,4.348,1,9,9,0,-47.22,2
3GT,TAM01,P1_SHINGL_HD_ER,Z4  : FC shingle check head incorrect position,LONG_DURATION,6,1,16.667,1,8,8,100,271.25,2
3GT,TAM01,P2_583CL_ERR_2,Z5B : 583CL Fail To retract (ALI outlet),UNCLASSIFIED,1,1,100,1,8,8,100,283.4,2
3GT,TAM01,P2_588CL_ERR_1,Z5B : 588CL-1 Fail To extend (good/bad),UNCLASSIFIED,7,1,14.286,1,8,8,0,147.18,1
3GT,TAM01,P1_23PS_ERROR_Z3,Z2-3: 23PS Air pressure low,UNCLASSIFIED,43,1,2.326,1,8,8,100,223.63,2
3GT,TAM01,P0_IDC_FAILED_Z2,PLC0: ID controller failed,LONG_DURATION,48,1,2.083,1,8,8,0,64.1,1
3GT,TAM01,PSS2_Z7_ZSTOP_Z8,PSS2: Adjacent zone stop received from Zone07,STOP_ALARM_CANDIDATE,17,1,5.882,1,8,8,0,98.44,2
3GT,TAM01,P3_600BCR_TOUT,Z6  : 600BCR Communication time out failure,STOP_ALARM_CANDIDATE,1,1,100,1,8,8,100,199.17,3
3GT,TAM01,P3_61PS_ERROR,Z6  : 61PS Pressure low,LONG_DURATION,45,1,2.222,1,8,8,100,61.5,2
3GT,TAM02,P3_1000PHSUKNOW,Z10 : 1000PHS Carton jam (Remove carton),STOP_ALARM_CANDIDATE,51,1,1.961,1,8,8,0,43.87,2
3GT,TAM02,P2_553PHS_OF_ER,Z5AB: 553PHS still ON,UNCLASSIFIED,15,1,6.667,1,8,8,0,-23.84,1
3GT,TAM02,P2_525PRS_OF_ER,Z5B : 525PRS still ON,UNCLASSIFIED,39,1,2.564,1,8,8,100,80.43,2
3GT,TAM02,P6_IVEK_FAULT,Z4B : IVEK FAULT (DBE dosing),LONG_DURATION,98,1,1.02,1,8,8,100,296.67,2
3GT,TAM05,P7_CHUCK_OPEN,Z5C : Foil bobbin chuck open,CASCADE_SYMPTOM_CANDIDATE,102,1,0.98,1,8,8,0,7,1
3GT,TAM05,P0_216SRV_ERR_9,Z2B : 216SRV Servo pack is abnormal (Prec entrance,UNCLASSIFIED,15,1,6.667,1,8,8,0,182.86,1
3GT,TAM05,P3_HMI1_ComlLoss,Z8  : Unable to Communicate with HMI #1,UNCLASSIFIED,9,1,11.111,1,8,8,0,-20.65,1
3GT,TAM05,P2_513CL_ERR_1,Z5B : 513CL Fail to extend  (Lens xfer inlet),UNCLASSIFIED,3,1,33.333,1,8,8,100,3.15,2
3GT,TAM05,P2_520CL_ERR_1,Z5B : 520CL Fail to EXTEND,UNCLASSIFIED,7,1,14.286,1,8,8,0,-35.4,1
3GT,TAM05,P2_514ID_NOREAD,Z5B : 514IDR no read,UNCLASSIFIED,25,1,4,1,8,8,0,78.07,1
3GT,TAM05,P6_Z04B_ALM_MTR4010_02_Error,Z04B : 4010MTR-2 IVEK Motor error (DBE dose),UNCLASSIFIED,74,1,1.351,1,8,8,0,11.61,1
3GT,TAM05,P2_517CL_ERR_1,Z5B : 517CL Fail to EXTEND (Guard Shutter),DOOR_OR_GUARD,10,1,10,1,8,8,0,57.6,1
3GT,TAM05,P0_22PS_ERR,Z2B : 22PS Air pressure Low,UNCLASSIFIED,32,1,3.125,1,8,8,100,85.37,2
3GT,TAM06,P2_574CL_ERR_2,Z5AB: 574CL Fail To retract (Rtrn buff out),UNCLASSIFIED,11,1,9.091,1,8,8,100,31.88,2
3GT,TAM06,P6_4015PRSFAIL1,Z4B : 4015PRS fail to be ON,UNCLASSIFIED,13,1,7.692,1,8,8,100,297,2
3GT,TAM06,P3_864PHS_MISS,Z8  : 864PHS Carton missing (Check jam or sensor),STOP_ALARM_CANDIDATE,28,1,3.571,1,8,8,0,134.75,2
3GT,TAM06,P3_603PHS_MISS,Z6  : 603PHS Array missing (Check jam or sensor),STOP_ALARM_CANDIDATE,24,1,4.167,1,8,8,100,259.79,3
3GT,TAM07,P2_517SRV_ERR_7,Z5B : 517SRV Lag error      (Lens xfer),UNCLASSIFIED,17,1,5.882,1,8,8,0,26.59,1
3GT,TAM07,P3_805CL_ERR_1,Z8  : 805CL Fail to extend (Array side guide),ROOT_CAUSE_CANDIDATE,45,1,2.222,1,8,8,0,53.85,2
3GT,TAM07,P3_615MAG_FAIL,Z8  : 615M MC feedback error (Zone08 Motor),CASCADE_SYMPTOM_CANDIDATE,946,1,0.106,1,8,8,0,-46.09,1
3GT,TAM07,P6_4010MTR_ERR2,Z4B : 4010MTR-2 fault DBE dosing,LONG_DURATION,46,1,2.174,1,8,8,100,144.91,2
3GT,TAM07,P6_4006CL_ERR_1,Z4B : 4006CL Fail to Extend,UNCLASSIFIED,14,1,7.143,1,8,8,100,92,2
3GT,TAM07,P2_RBT_home_ERR,Z5A : Mitsubishi robot couldn't Home (chk Cube/Yushin),UNCLASSIFIED,34,1,2.941,1,8,8,100,22.62,2
3GT,TAM09,P7_529JAM_ERR,"Z5B : Missing array at 531,532PHS",UNCLASSIFIED,62,1,1.613,1,8,8,100,6.34,2
3GT,TAM09,P3_619PHS_UKNOW,Z6  : 619PHS Unknown array detected (Remove array),UNCLASSIFIED,2,1,50,1,8,8,100,255.82,2
3GT,TAM09,P8_CW_NOT_RUN,Z10 : Check weigher is not running,STOP_ALARM_CANDIDATE|LONG_DURATION,33,1,3.03,1,8,8,0,-13.52,2
3GT,TAM09,P2_512CL_ERR_1,Z5B : 512CL Fail to extend  (Lens xfer inlet),UNCLASSIFIED,2,1,50,1,8,8,100,72.02,2
3GT,TAM09,P8_1001BCR_TO,Z10 : 1001BCR Communication time out failure,STOP_ALARM_CANDIDATE,12,1,8.333,1,8,8,0,5.6,2
3GT,TAM09,P0_22PS_ERR,Z2B : 22PS Air pressure Low,UNCLASSIFIED,35,1,2.857,1,8,8,100,1.18,2
3GT,TAM10,P2_517SRV_ERR_7,Z5B : 517SRV Lag error      (Lens xfer),UNCLASSIFIED,49,1,2.041,1,8,8,0,-17.29,1
3GT,TAM10,P1_406CL_ERR_1,Z4  : 406CL Fail to EXTEND  (Plt xfer1@Junct),UNCLASSIFIED,1,1,100,1,8,8,100,60.79,2
3GT,TAM10,P0_Zone02B_NoMove,Z2B : Zone02B not moving...,UNCLASSIFIED,33,1,3.03,1,8,8,0,-32.21,1
3GT,TAM10,P2_CMM_512ID,Z5B : Consecutive 512IDR mismatch,UNCLASSIFIED,9,1,11.111,1,8,8,100,67.86,2
3GT,TAM17,P3_605PRS_3_FAIL,Z6  : 605PRS-3 Sensor fail (Still off),UNCLASSIFIED,3,1,33.333,1,8,8,100,95.62,2
3GT,TAM17,P17_P2_Comm_Error,Zone05BP2:P17 Ethernet Comm error to PLC 2,ROOT_CAUSE_CANDIDATE,124,1,0.806,1,8,8,0,-57.59,1
3GT,TAM17,P6_JAM_4010PRS,Z4B : 4005CL fail to transfer to 4010PRS,UNCLASSIFIED,4,1,25,1,8,8,100,218.21,2
3GT,TAM18,P1_400_2MIS_ERR,Z4  : 3 Consective Detection 400ID2 Data Mismatch,UNCLASSIFIED,80,1,1.25,1,8,8,100,-0.71,2
3GT,TAM18,P6_ALM1_T1DRAIN,Z4B : Tower#1 drain high high level         (L1),LONG_DURATION,7,1,14.286,1,8,8,100,71.71,2
3GT,TAM18,P6_4005SRV_ERR_1,Z4B : 4005SRV Fail to move,UNCLASSIFIED,5,1,20,1,8,8,100,8.07,2
3GT,TAM18,P3_CHUCK_OVERLD1,Z6  : 605PRS Chuck overload (Make sure remove ack),CASCADE_SYMPTOM_CANDIDATE,267,1,0.375,1,8,8,100,74.29,2
3GT,TAM18,P1_4222CL_ERR_2,Z4  : 422CL-2 Fail to RETRACT(FC xfer X2),CASCADE_SYMPTOM_CANDIDATE,114,1,0.877,1,8,8,0,254.31,1
3GT,TAM18,P2_526PRS_ON_ER,Z5B : 526PRS Puck not detect,UNCLASSIFIED,5,1,20,1,8,8,100,-47.49,2
3GT,TAM18,P6_ALM1_I_DRAIN,Z4B : Tower#2 drain high high level         (L1),LONG_DURATION,7,1,14.286,1,8,8,100,72.47,2
3GT,TAM20,P3_619CL_ERR_1,Z6  : 619CL Fail to extend (Stacked Tray Hold),UNCLASSIFIED,11,1,9.091,1,8,8,100,166.17,2
3GT,TAM20,P3_CW_COM_TOUT,Z10 : Check weigher communication time out,STOP_ALARM_CANDIDATE|LONG_DURATION,10,1,10,1,8,8,0,119.14,2
3GT,TAM21,L21_P2_0435PRS.Alarm1,Z04B : 435PRS Sensor fail to be on,LONG_DURATION,13,1,7.692,1,8,8,0,-9.24,1
3GT,TAM21,L21_P3_Z05B_Warning.IDR512_Mismatch,Z05B : 512IDR mismatch,WARNING,6,1,16.667,1,8,8,0,142.84,1
3GT,TAM21,L21_P3_0588CL.stat.Ftr,P3_0588CL Fail to Retract,UNCLASSIFIED,2,1,50,1,8,8,0,99.45,1
3GT,TAM21,L21_P4_PSS02_0600GLS_02.Alarm,Zone Stop Guard SW(Z6) Feedback Error(0600GLS_02),DOOR_OR_GUARD|GUARD_SYSTEM_FAULT|STOP_ALARM_CANDIDATE,5,1,20,1,8,8,0,10.04,2
3GT,TAM21,L21_P4_0862PHS.Alarm1,Z08 : 862PHS Carton missing (Check jam or sensor),STOP_ALARM_CANDIDATE,3,1,33.333,1,8,8,0,-43.02,2
3GT,TAM21,L21_P3_Global_Alarm.Module_Error,PLC3 : Module Error Alarm,UNCLASSIFIED,4,1,25,1,8,8,0,-11.24,1
3GT,TAM21,L21_P3_0562PRS.Alarm1,Z05B : 562PRS Puck not detect,UNCLASSIFIED,23,1,4.348,1,8,8,100,21.79,2
3GT,TAM22,L22_P1_0400CL.stat.Ftr,P1_0400CL Fail to Retract,UNCLASSIFIED,2,1,50,1,8,8,0,2.09,1
3GT,TAM22,L22_P1_0404PRS.Alarm2,Z04A : 404PRS Sensor fail to be on,LONG_DURATION,5,1,20,1,8,8,100,-13.9,2
3GT,TAM22,L22_P3_HeatSeal_Clean.HMI01,"Heat Seal Stroke Count = 10486, Did you Clean Heat Seat Dies ?: Heat Seal Sensor Status = ON~Minimum time remaining to clean ~Heat",UNCLASSIFIED,29,1,3.448,1,8,8,0,16.96,1
3GT,TAM22,L22_P1_0407SRV.Fail_to_Move,P1_0407SRV Fail to Move,UNCLASSIFIED,13,1,7.692,1,8,8,0,2.89,1
3GT,TAM23,L23_P4_0601SRV.Over_Travel_Pos,P4_0601SRV Positive Over Travel,UNCLASSIFIED,8,1,12.5,1,8,8,0,64.3,1
FLEX,TAM24,[00G3_K042]Program:UN05_Standard.ALMD_05G6_B008GLS,Z05 Under Guard Door Open =05G6_B008GLS,DOOR_OR_GUARD|OPERATOR_INITIATED_FLEX|STOP_ALARM_CANDIDATE|CASCADE_SYMPTOM_CANDIDATE|LONG_DURATION,100,1,1,1,8,8,100,298.4,3
FLEX,TAM25,[00G3_K502]Program:EM1011_Carton_Magazine.ALMD_B507PHS_OverHeight,EM1011 B507PHS Over Height,ROOT_CAUSE_CANDIDATE,46,1,2.174,1,8,8,0,62.08,2
FLEX,TAM25,[00G3_K042]Program:UN01_Standard.ALMD_01G6_B006GLS,Z01 Guard Door Open =01G6+MA-B006GLS,DOOR_OR_GUARD|OPERATOR_INITIATED_FLEX|STOP_ALARM_CANDIDATE|LONG_DURATION,21,1,4.762,1,8,8,100,-2.2,3
FLEX,TAM26,[00G3_K022]Program:EM0564_Foil_Feed_Die_Cut.ALMD_FoilFeed2_LatchOpen,EM0564 B001LS: Foil Feed #2 Latch Open,LONG_DURATION,13,1,7.692,1,8,8,0,74.52,1
FLEX,TAM26,[00G3_K002]Program:EM0364_FC_Detection.ALMD_FC_Detection,EM0364 FC is remaining on Stage at FC Detect station,ROOT_CAUSE_CANDIDATE,479,1,0.209,1,8,8,0,56.17,2
FLEX,TAM26,[00G3_K502]Program:EM0800_Zone.ALMD_IncompleteCycleStop,EM0800 Cycle stop is not completed,STOP_ALARM_CANDIDATE,12,1,8.333,1,8,8,0,98.16,2
FLEX,TAM27,[00G3_K022]Program:EM0526_Return_Buffer.ALMD_T001SVP_Driver_Fault,EM0526 T001SVP Empty I-Tray Pusher  Driver fault,STOP_ALARM_CANDIDATE,12,1,8.333,1,8,8,0,-14.97,2
FLEX,TAM28,[04G3_K022]Program:UN04_Standard.ALMD_04G6_B022GLS,Z04 BOTTOM GUARD DOOR OPEN (=04G6_B022GLS),DOOR_OR_GUARD|OPERATOR_INITIATED_FLEX|STOP_ALARM_CANDIDATE|LONG_DURATION,5,1,20,1,8,8,0,149.6,2
FLEX,TAM29,[00G3_K042]Program:UN02_Standard.ALMD_02G6_B015GLS,Z02 Under Guard Door Open =02G6_B015GLS,DOOR_OR_GUARD|OPERATOR_INITIATED_FLEX|STOP_ALARM_CANDIDATE|LONG_DURATION,4,1,25,1,8,8,0,50.03,3
FLEX,TAM29,[00G3_K002]Program:EM02G4_Operator_Interface.ALMD_S002PBL_Actuated,EM02G4 S002PBL ZONE STOP #2,STOP_ALARM_CANDIDATE|LONG_DURATION,30,1,3.333,1,8,8,0,-24.84,2
3GT,TAM01,P3_801PHS_MISS,Z8  : 801PHS Array missing (Check jam or sensor),STOP_ALARM_CANDIDATE,3,1,33.333,1,7,7,0,-21.4,2
3GT,TAM01,P3_CW_NOT_RUN,Z10 : Check weigher is not running,STOP_ALARM_CANDIDATE|CASCADE_SYMPTOM_CANDIDATE,119,1,0.84,1,7,7,0,201.14,1
3GT,TAM01,P1_31PS_ERROR,Z3-4: 31PS Air pressure low,UNCLASSIFIED,43,1,2.326,1,7,7,100,161.52,2
3GT,TAM01,P2_517SRV_ERR_7,Z5B : 517SRV Lag error      (Lens xfer),UNCLASSIFIED,6,1,16.667,1,7,7,0,5.08,1
3GT,TAM01,P0_247PRS_FAIL,Z2B : 247PRS Sensor fail (Plt xfer to pheat),LONG_DURATION,5,1,20,1,7,7,100,151.97,2
3GT,TAM02,P2_506CL_ERR_2,Z5B : 506CL Fail to Retract (Pre-Dose),UNCLASSIFIED,17,1,5.882,1,7,7,0,89.29,1
3GT,TAM02,P6_4019CL_ERR_2,Z4B : 4019CL Fail to Retract,UNCLASSIFIED,45,1,2.222,1,7,7,100,4.36,2
3GT,TAM02,P7_LOC_MISMATCH,"Z5B : Jam at walking beam (542,543phs)",STOP_ALARM_CANDIDATE|CASCADE_SYMPTOM_CANDIDATE,203,1,0.493,1,7,7,100,79.27,3
3GT,TAM02,P0_252CL_ERR_2,Z2B : 252CL Fail to RETRACT (Stp pin@FC ret),LONG_DURATION,5,1,20,1,7,7,0,83.82,1
3GT,TAM02,P3_NOT_EMPTY2,Z8  : 807PHS Array remaining in tray slot,UNCLASSIFIED,7,1,14.286,1,7,7,0,109.07,1
3GT,TAM05,P0_12IDC_FAULT,PLC0: IDC to 210 disconnect,CASCADE_SYMPTOM_CANDIDATE,139,1,0.719,1,7,7,0,6.39,1
3GT,TAM05,P2_565CL_ERR_2,Z5B : 565CL Fail to retract (Foil xfer),LONG_DURATION,1,1,100,1,7,7,0,16.51,1
3GT,TAM05,P0_217SRV_ERR_9,Z2B : 217SRV Servo pack is abnormal (Cure loading),UNCLASSIFIED,14,1,7.143,1,7,7,100,295.4,2
3GT,TAM05,P8_1014CL_ERR_1,Z10 : 1014CL Fail to extend (Sleeve stopper),LONG_DURATION,2,1,50,1,7,7,0,93.3,1
3GT,TAM05,P6_Z04B_4018CL_stat_Fte,Z04B : 4018CL fail to Extend,UNCLASSIFIED,2,1,50,1,7,7,0,18.71,1
3GT,TAM05,P6_Z04B_ALM_Prs4019_OnFail,Z04B : 4019PRS Sensor fail to be on,UNCLASSIFIED,1,1,100,1,7,7,0,-15.28,1
3GT,TAM05,P1_454PRS_FAIL1,Z4  : 454PRS fail to be ON,UNCLASSIFIED,8,1,12.5,1,7,7,0,38.03,1
3GT,TAM05,P2_565MAG_FAIL_Z4,Z45B : Contactor failure 565M,UNCLASSIFIED,11,1,9.091,1,7,7,100,125.26,2
3GT,TAM06,P1_401SRV_ERR_7,Z4  : 401SRV Lag error      (Hyd buf outlet),UNCLASSIFIED,14,1,7.143,1,7,7,100,97.18,2
3GT,TAM06,P3_SBM_Ld_Alarm,Z06:  Sterilizer Rack Failed to Enter the Sterilizer.,UNCLASSIFIED,24,1,4.167,1,7,7,100,97.17,2
3GT,TAM06,P3_Cam3_Offline,Z8: Camera #3 - Offline,UNCLASSIFIED,15,1,6.667,1,7,7,0,-15.39,1
3GT,TAM06,P1_307PRS_FAIL,Z3  : 307PRS Sensor fail,UNCLASSIFIED,9,1,11.111,1,7,7,100,195.05,2
3GT,TAM06,P1_400_1MIS_ERR,Z4  : 3 Consective Detection 400ID1 Data Mismatch,UNCLASSIFIED,34,1,2.941,1,7,7,100,118.54,2
3GT,TAM06,P0_259CL_ERR_1,Z2B : 259CL Fail to EXTEND  (FC ret shuffle),UNCLASSIFIED,4,1,25,1,7,7,100,94.96,2
3GT,TAM06,P0_Z2_210SRV_GrdOpen,Z02B: 210SRV Guard Open,DOOR_OR_GUARD|POSSIBLE_OPERATOR_ACCESS_LEGACY|STOP_ALARM_CANDIDATE|NUISANCE_CHATTER_CANDIDATE|CASCADE_SYMPTOM_CANDIDATE,533,1,0.188,1,7,7,100,296.93,1
3GT,TAM06,P1_301SRV_ERR_7,Z3  : 301SRV Lag error      (ALI plt xfer),UNCLASSIFIED,2,1,50,1,7,7,100,127.32,2
3GT,TAM06,P6_4003SRV_ERR_5,Z4B : 4003SRV Over drive,UNCLASSIFIED,1,1,100,1,7,7,100,-26.44,2
3GT,TAM07,P2_527PHS2_OF_ER,Z5B : 527PHS-2 still ON,UNCLASSIFIED,6,1,16.667,1,7,7,0,-1.4,1
3GT,TAM07,P7_NO_FOIL,Z5C : No foil         (->Check foil reel),UNCLASSIFIED,62,1,1.613,1,7,7,0,118.86,1
3GT,TAM07,P1_404SRV_ERR_1,Z4  : 404SRV Fail to MOVE   (Elevator),UNCLASSIFIED,8,1,12.5,1,7,7,0,-14.26,1
3GT,TAM07,P7_CMD_SPLICE_2,Z5B : Consecutive splice detect at 537PHS,UNCLASSIFIED,17,1,5.882,1,7,7,0,129.72,1
3GT,TAM09,P0_273PRS_FAIL,Z2B : 273PRS Sensor fail (Precure inlet),UNCLASSIFIED,27,1,3.704,1,7,7,100,120.78,2
3GT,TAM09,P0_219SRV_ERR_5,Z2B : 219SRV Over drive     (Preheat-ALI),UNCLASSIFIED,5,1,20,1,7,7,100,83.68,2
3GT,TAM09,P3_607PHS1_MISS,Z6  : 607PHS-1 3 consecutive array missing,UNCLASSIFIED,1,1,100,1,7,7,100,162.37,2
3GT,TAM09,P0_SHINGLE_ERR,Z2B : 210PHS Shingling pallet (Assembly),UNCLASSIFIED,26,1,3.846,1,7,7,100,64.27,2
3GT,TAM09,P3_807PHS5_MISS,Z8  : 807PHS-5 Array missing (Check jam or sensor),STOP_ALARM_CANDIDATE,21,1,4.762,1,7,7,0,114.64,2
3GT,TAM09,P7_CHUCK_OPEN,Z5C : Foil bobbin chuck open,UNCLASSIFIED,84,1,1.19,1,7,7,100,245,2
3GT,TAM10,P3_807PHS1_MISS,Z8  : 807PHS-1 Array missing (Check jam or sensor),STOP_ALARM_CANDIDATE,35,1,2.857,1,7,7,0,107.46,2
3GT,TAM10,P0_243CL_ERR_1,Z2B : 243CL Fail to EXTEND  (Plt to preheat),UNCLASSIFIED,8,1,12.5,1,7,7,100,106.67,2
3GT,TAM10,P7_CMS_COM_TOUT,Z5B : Communication Time Out With Laser Marker,STOP_ALARM_CANDIDATE,23,1,4.348,1,7,7,0,35.43,2
3GT,TAM10,P0_225CL_ERR_1,Z2B : 225CL Fail to EXTEND  (Dep plt pusher),LONG_DURATION,1,1,100,1,7,7,100,104.73,2
3GT,TAM17,P2_LO_PRES_SEAL,Z5B : 3 consective heat seal low pressure,LONG_DURATION,19,1,5.263,1,7,7,0,93.84,1
3GT,TAM17,P6_4090SV_ERR_2,Z4B : 4090SV Fail to Close,UNCLASSIFIED,4,1,25,1,7,7,100,20.67,2
3GT,TAM17,P2_506CL_ERR_2,Z5B : 506CL Fail to Retract (Pre-Dose),UNCLASSIFIED,23,1,4.348,1,7,7,100,88.9,2
3GT,TAM17,P3_1019PHSUKNOW,Z10 : 1019PHS Carton jam (Remove carton),STOP_ALARM_CANDIDATE,34,1,2.941,1,7,7,0,47.47,2
3GT,TAM17,P1_403CL_ERR_2,Z4  : 403CL Fail to RETRACT (FC xfer inlet),UNCLASSIFIED,17,1,5.882,1,7,7,100,101.35,2
3GT,TAM17,P6_4007PRSFAIL1,Z4B : 4007PRS fail to be ON,UNCLASSIFIED,9,1,11.111,1,7,7,100,127.32,2
3GT,TAM17,P1_406CL_ERR_1,Z4  : 406CL Fail to EXTEND  (Plt xfer1@Junct),UNCLASSIFIED,5,1,20,1,7,7,100,69.83,2
3GT,TAM17,P2_520PRS_Ofer,Z5B : HeatSeal Dies have been opened more than 30 minutes.,LONG_DURATION,32,1,3.125,1,7,7,100,121.73,2
3GT,TAM17,P1_454PRS_FAIL1,Z4  : 454PRS fail to be ON,UNCLASSIFIED,13,1,7.692,1,7,7,100,46.56,2
3GT,TAM18,P3_864PHS_UKNOW,Z8  : 864PHS 3 consecutive unknown carton detected,UNCLASSIFIED,26,1,3.846,1,7,7,0,4.89,1
3GT,TAM18,P3_Cam3_Vis_Com_TOUT,Z8: Camera #3- Communication time out failure,STOP_ALARM_CANDIDATE|CASCADE_SYMPTOM_CANDIDATE,169,1,0.592,1,7,7,0,0.08,2
3GT,TAM18,P7_511VAC_3_ERR,Z5B : 511vac3 array vaccum fault at 513SRV,UNCLASSIFIED,46,1,2.174,1,7,7,0,6.27,1
3GT,TAM18,P7_Foil_Break_Alarm,Z5B4 : Check for Foil Break or Jam,STOP_ALARM_CANDIDATE,9,1,11.111,1,7,7,100,64.02,3
3GT,TAM18,P6_4006CL_ERR_1,Z4B : 4006CL Fail to Extend,UNCLASSIFIED,6,1,16.667,1,7,7,0,29.23,1
3GT,TAM18,P6_SHORT_IPA_ER,Z4B : Tower#2 extraction time too short,UNCLASSIFIED,36,1,2.778,1,7,7,100,-27.36,2
3GT,TAM18,P2_510SRV_ERR_1,Z5B : 510SRV Fail to move   (Saline Buffer),UNCLASSIFIED,6,1,16.667,1,7,7,0,58.94,1
3GT,TAM18,P6_HSC3FAIL_RST,Z4B : High speed counter #3 Fail to be Reset,UNCLASSIFIED,23,1,4.348,1,7,7,100,236.44,2
3GT,TAM18,P1_430PRS_FAIL1,Z4  : 430PRS fail to be ON,LONG_DURATION,17,1,5.882,1,7,7,100,11.5,2
3GT,TAM20,P1_4222CL_ERR_1,Z4  : 422CL-2 Fail to EXTEND (FC xfer X2),UNCLASSIFIED,6,1,16.667,1,7,7,100,291.74,2
3GT,TAM20,P3_608CL_ERR_1,Z6  : 608CL Fail to extend (Chuck rotation),UNCLASSIFIED,13,1,7.692,1,7,7,100,284.84,2
3GT,TAM20,P0_211CL_ERR_1,Z2A : 211CL Fail to EXTEND  (FC rec pin-IMM),UNCLASSIFIED,41,1,2.439,1,7,7,100,74.75,2
3GT,TAM20,P6_4010GLS_FAIL,Z4B : 4010LCK Airlock Feedback Fail,UNCLASSIFIED,10,1,10,1,7,7,0,251.07,1
3GT,TAM20,P2_STICK_DI_REM,Z5B : DI removal sticking (549PHS),UNCLASSIFIED,74,1,1.351,1,7,7,100,-27.96,2
3GT,TAM20,P3_ELEV_POS_ERR,Z8  : 860PRS Elevator position is not correct,ROOT_CAUSE_CANDIDATE,57,1,1.754,1,7,7,0,13.02,2
3GT,TAM20,P3_LABEL_NOTRDY,Z10 : Labeler is not ready,STOP_ALARM_CANDIDATE,30,1,3.333,1,7,7,0,3.92,2
3GT,TAM20,P2_CleanDies,Z5B : CLEAN DIES NOW - Zone Down until Cleaned !!,LONG_DURATION,30,1,3.333,1,7,7,100,-43.74,2
3GT,TAM20,P3_UNABLE_CCMP,Z10 : Unable to send CaseComplete Info (Chck eDHR),UNCLASSIFIED,45,1,2.222,1,7,7,0,97.46,1
3GT,TAM20,P1_540PRS_FAIL,Z4  : 540PRS Sensor fail,LONG_DURATION,1,1,100,1,7,7,100,29.47,2
3GT,TAM20,P7_510VAC_ERR,Z5B : 510VAC array xfer vacuum fault,UNCLASSIFIED,11,1,9.091,1,7,7,100,149.96,2
3GT,TAM20,P0_211SRV_ERR_7,Z2B : 211SRV Lag error      (Plt to depos),UNCLASSIFIED,6,1,16.667,1,7,7,100,78.69,2
3GT,TAM20,FMD_Cons_Reject,Zone05B: Consecutive FMD vision system inspection fail,UNCLASSIFIED,8,1,12.5,1,7,7,0,-23.23,1
3GT,TAM21,L21_P4_0605PRS_03.Alarm1,Z06 : 605PRS-3 Sensor fail (Still off),UNCLASSIFIED,51,1,1.961,1,7,7,100,206.89,2
3GT,TAM21,L21_P1_0410PRS.Alarm1,Z04A : 410PRS Sensor fail to be off,UNCLASSIFIED,17,1,5.882,1,7,7,0,1.38,1
3GT,TAM21,L21_P3_0590CL.stat.Fte,P3_0590CL Fail to Extend,UNCLASSIFIED,29,1,3.448,1,7,7,0,22.09,1
3GT,TAM21,L21_P1_0218PHS.Alarm1,Z02B : 218PHS Sensor fail to be on,LONG_DURATION,1,1,100,1,7,7,100,-18.97,2
3GT,TAM21,L21_P4_0865PHS.Alarm2,Z08 : 865PHS Carton jam (Remove carton),STOP_ALARM_CANDIDATE,6,1,16.667,1,7,7,0,-15.49,2
3GT,TAM21,L21_P3_0544CL.stat.Ftr,P3_0544CL Fail to Retract   !! Still pressurised with Perfect Block !!,UNCLASSIFIED,1,1,100,1,7,7,0,10.95,1
3GT,TAM21,L21_P1_Z02A_Warning.RBT_205VAC_Err,Z02A : Butterfly side B vacuum failed,WARNING,19,1,5.263,1,7,7,0,22.44,1
3GT,TAM21,L21_P4_Z08_Alarm.chuck_overld,Z08 : 804PRS Chuck overload (remove array),UNCLASSIFIED,28,1,3.571,1,7,7,0,256.2,1
3GT,TAM21,L21_P3_HeatSeal_Clean.HMI01,"Heat Seal Stroke Count = 6264, Did you Clean Heat Seat Dies ?: Heat Seal Sensor Status = OFF~Minimum time remaining to clean ~Heat",LONG_DURATION,24,1,4.167,1,7,7,0,20.11,1
3GT,TAM22,L22_P3_HeatSeal_Clean.HMI01,"Heat Seal Stroke Count = 2011, Did you Clean Heat Seat Dies ?: Heat Seal Sensor Status = OFF~Minimum time remaining to clean ~Heat",UNCLASSIFIED,29,1,3.448,1,7,7,0,0.79,1
3GT,TAM22,L22_P4_0619PHS.Alarm2,Z06 : 619PHS Array missing (Check jam or sensor),STOP_ALARM_CANDIDATE,1,1,100,1,7,7,0,119.6,2
3GT,TAM22,L22_P3_0543PHS.Alarm2,Z05B : 543PHS still ON,UNCLASSIFIED,10,1,10,1,7,7,100,112.87,2
3GT,TAM22,L22_P1_Z02A_Alarm.RBT_HomeError,Z02A : Mitsubishi robot could not done homing (Check IMM),UNCLASSIFIED,16,1,6.25,1,7,7,0,187.27,1
3GT,TAM22,L22_P6_PSS04_4002GLS.Alarm,Guard SW (Rear Door 1) Feedback Error(4002GLS),DOOR_OR_GUARD|GUARD_SYSTEM_FAULT|LONG_DURATION,2,1,50,1,7,7,0,204.89,1
3GT,TAM22,L22_P4_Z06_Warning.Miss_0607PHS_01,Z06 : Miss_0607PHS_01,WARNING,16,1,6.25,1,7,7,100,111.6,2
3GT,TAM22,L22_P3_0534CL.stat.Fte,P3_0534CL Fail to Extend,UNCLASSIFIED,16,1,6.25,1,7,7,0,42.61,1
3GT,TAM22,L22_P6_4012CL.stat.Ftr,P6_4012CL Fail to Retract,UNCLASSIFIED,17,1,5.882,1,7,7,0,26.7,1
3GT,TAM22,L22_P1_0214PRS.Alarm1,Z02B : 214PRS Sensor fail to be on,LONG_DURATION,10,1,10,1,7,7,0,191.95,1
3GT,TAM22,L22_P6_Z04C_Alarm.L1_TWR1_DrainHi2,Z04C : Tower #1IPA drain High High level (Alarm Level 1) 4000LS-2,UNCLASSIFIED,11,1,9.091,1,7,7,100,85.49,2
3GT,TAM22,L22_P3_HeatSeal_Clean.HMI01,"Heat Seal Stroke Count = 6752, Did you Clean Heat Seat Dies ?: Heat Seal Sensor Status = OFF~Minimum time remaining to clean ~Heat",UNCLASSIFIED,29,1,3.448,1,7,7,0,2.6,1
3GT,TAM22,L22_P3_Z05B_Alarm.VAC0513_Error,Z05B : 513VAC Foil suction vacuum fault,UNCLASSIFIED,44,1,2.273,1,7,7,100,16.51,2
3GT,TAM22,L22_P1_Z02B_Alarm.MonomerLevelLowLow,Z02B : Monomer level  low low (207PRS),LONG_DURATION,12,1,8.333,1,7,7,100,72.55,2
3GT,TAM22,L22_P3_Z05A_Alarm.RBT_HomeError,Z05A : Mitsubishi robot could not done homing (Check IMM),UNCLASSIFIED,1,1,100,1,7,7,0,-13.31,1
3GT,TAM22,L22_P6_Z04C_Warning.TWR1_Temp_Low,Z04C : Tower#1 DI/IPA temperature is below Low limit,WARNING|LONG_DURATION,26,1,3.846,1,7,7,0,5.75,1
3GT,TAM23,L23_P4_Z08_Warning.Uncount_0864PHS,Z08 : 0864PHS Unknown carton detected,WARNING,18,1,5.556,1,7,7,0,1.22,1
3GT,TAM23,L23_P5_Steriliser_FailToStart.HMI02,Warning ! Steriliser Failed to Start: Steriliser Failed to Start,WARNING|CASCADE_SYMPTOM_CANDIDATE,384,1,0.26,1,7,7,0,263.08,1
FLEX,TAM24,[00G3_K002]Program:EM0360_LensTransfer_to_FC_Detection.ALMD_T001SVP_Driver_Fault,EM0360 T001SVP Lens Transfer to FC Detect Station Driver fault,STOP_ALARM_CANDIDATE,22,1,4.545,1,7,7,0,227.09,2
FLEX,TAM25,[00G3_K022]Program:EM0500_Zone_E.ALMD_IncompleteCycleStop,EM0500 Zone5E Incomplete cycle stop,STOP_ALARM_CANDIDATE,4,1,25,1,7,7,100,112.52,3
FLEX,TAM25,[00G3_K022]Program:EM0540_Heat_Seal_Infeed.ALMD_MMLS_TCLL_OffFail,EM0540 MMLS TCLL Sensor Off Fail (Still On),UNCLASSIFIED,33,1,3.03,1,7,7,0,51.63,1
FLEX,TAM26,[00G3_K042]Program:UN02_Standard.ALMD_02G6_B006GLS,Z02 Guard Door Open =02G6_B006GLS,DOOR_OR_GUARD|OPERATOR_INITIATED_FLEX|STOP_ALARM_CANDIDATE,13,1,7.692,1,7,7,100,100.61,3
FLEX,TAM26,[00G3_K502]Program:EM1062_Carton_Case_Xfer_Robot.ALMD_K501CTL_Estop_ON,EM1062 Robot Error: E-stop Condition,STOP_ALARM_CANDIDATE,5,1,20,1,7,7,0,225.35,2
FLEX,TAM26,[00G3_K042]Program:UN08_Standard.ALMD_08G6_B501GLS,Z08 Guard Door Open　=08G6_B501GLS,DOOR_OR_GUARD|OPERATOR_INITIATED_FLEX|STOP_ALARM_CANDIDATE|LONG_DURATION,3,1,33.333,1,7,7,0,20.78,3
FLEX,TAM27,[00G3_K042]Program:UN09_Standard.ALMD_09_900GLS1,Z09 Guard Door Open 900GLS1,DOOR_OR_GUARD|OPERATOR_INITIATED_FLEX|STOP_ALARM_CANDIDATE|LONG_DURATION,30,1,3.333,1,7,7,0,17.48,3
FLEX,TAM27,[00G3_K042]Program:UN02_Standard.ALMD_02G6_B007GLS,Z02 Guard Door Open =02G6_B007GLS,DOOR_OR_GUARD|OPERATOR_INITIATED_FLEX|STOP_ALARM_CANDIDATE|CASCADE_SYMPTOM_CANDIDATE,113,1,0.885,1,7,7,100,62.22,3
FLEX,TAM27,[00G3_K002]Program:EM0372_Shingle_Check.ALMD_Shingle_FC_Detection,EM0372 Shingle FC is detected on Stage at Shingle Check station,ROOT_CAUSE_CANDIDATE,269,1,0.372,1,7,7,0,-22.98,2
FLEX,TAM27,[00G3_K022]Program:EM0540_Heat_Seal_Infeed.ALMD_Foil_Press_Shingle,EM0540 Foil Press Shingle Detect,ROOT_CAUSE_CANDIDATE,244,1,0.41,1,7,7,0,271.16,1
FLEX,TAM27,[04G3_K002]Program:EM0422_Tower1_Extraction.ALMD_Ext_RedoseFail_ALM,EM0422 Tower #1 Extraction redose fail (consecutive 20 Times),UNCLASSIFIED,20,1,5,1,7,7,0,75.23,1
FLEX,TAM27,[00G3_K022]Program:EM0522_Good_Robot.ALMD_K001CTL_RobGB_Vac_Err,EM0522 Good Robot :Vacuum Error,ROOT_CAUSE_CANDIDATE,281,1,0.356,1,7,7,0,215.63,1
FLEX,TAM27,[00G3_K022]Program:EM05G4_Operator_Interface.ALMD_S001PBL_Actuated,EM05G4 S001PBL Zone Stop,STOP_ALARM_CANDIDATE|CASCADE_SYMPTOM_CANDIDATE,1218,1,0.082,1,7,7,0,-24.74,2
FLEX,TAM28,[00G3_K002]Program:EM0201_N2O2.ALMD_K002CTL_N2_Leakage,EM0201 K001CTL Zone 2 Environment  Oxygen Sensor 2 N2 Leakage detected,LONG_DURATION,4,1,25,1,7,7,100,59.9,2
FLEX,TAM28,[04G3_K022]Program:UN04_Standard.ALMD_04G6_B020GLS,Z04 GUARD DOOR OPEN (=04G6_B020GLS),DOOR_OR_GUARD|OPERATOR_INITIATED_FLEX|STOP_ALARM_CANDIDATE|LONG_DURATION,7,1,14.286,1,7,7,100,-56.56,3
FLEX,TAM28,[00G3_K042]Program:UN08_Standard.ALMD_08G6_B501GLS,Z08 Guard Door Open　=08G6_B501GLS,DOOR_OR_GUARD|OPERATOR_INITIATED_FLEX|STOP_ALARM_CANDIDATE|LONG_DURATION,25,1,4,1,7,7,0,-58.45,2
FLEX,TAM29,[04G3_K002]Program:EM0441_Tower2_Top.ALMD_T001SVP_Driver_Fault,EM0441 T001SVP Tower #2 Extraction head Driver fault,STOP_ALARM_CANDIDATE,12,1,8.333,1,7,7,0,-17.6,2
FLEX,TAM29,[00G3_K022]Program:EM0500_Zone_E.ALMD_IncompleteCycleStop,EM0500 Zone5E Incomplete cycle stop,STOP_ALARM_CANDIDATE,7,1,14.286,1,7,7,100,161.89,3
FLEX,TAM29,[04G3_K002]Program:EM0400_deviceWISE.ALMD_DeviceWiseMsgWriteError,PLC to Device Wise : Message Transaction to Device Wise Send (Write) Error.,UNCLASSIFIED,2,1,50,1,7,7,0,23.47,1
FLEX,TAM30,[00G3_K042]Program:UN10_Standard.ALMD_10G6_B507GLS,Z10 Guard Door Open =10G6_B507GLS,DOOR_OR_GUARD|OPERATOR_INITIATED_FLEX|STOP_ALARM_CANDIDATE,69,1,1.449,1,7,7,0,54.78,3
FLEX,TAM31,[00G3_K502]Program:EM1062_Carton_Case_Xfer_Robot.ALMD_B505PS_OffFail,EM1062 B505PS OffFail,UNCLASSIFIED,12,1,8.333,1,7,7,0,17,1
FLEX,TAM31,[00G3_K003]Program:EM0312_Demold.ALMD_T001SVP_Driver_Fault,EM0312 T001SVP Demold Upper Fingers Driver fault,STOP_ALARM_CANDIDATE,37,1,2.703,1,7,7,0,195.5,2
3GT,TAM01,P6_ALM1_T1DRAIN,Z4B : Tower#1 drain high high level         (L1),LONG_DURATION,19,1,5.263,1,6,6,100,-14.38,2
3GT,TAM01,P3_607PHS4_UKNOW,Z6  : 607PHS-4 Unknown array detect (Remove array),UNCLASSIFIED,3,1,33.333,1,6,6,100,103.2,2
3GT,TAM01,P0_262CL_ERR_3,Z2B : 262CL Failed to Middle,UNCLASSIFIED,17,1,5.882,1,6,6,100,16.68,2
3GT,TAM01,P6_4012GLS_FAIL,Z4B : 4012LCK Airlock Feedback Fail,UNCLASSIFIED,6,1,16.667,1,6,6,0,-27.85,1
3GT,TAM01,P6_4016GLS_FAIL,Z4B : 4016LCK Airlock Feedback Fail,UNCLASSIFIED,11,1,9.091,1,6,6,0,55.25,1
3GT,TAM01,SBM_A15_E-STOP,Z07:  Main Line Pull Chord Activated,STOP_ALARM_CANDIDATE|LONG_DURATION,12,1,8.333,1,6,6,0,68.84,2
3GT,TAM01,P1_406PHSOF_ERR,Z4  : 406PHS still ON (should be OFF),UNCLASSIFIED,6,1,16.667,1,6,6,100,113.29,2
3GT,TAM01,P6_4007GLS_FAIL,Z4B : 4007GLS feedback fail,UNCLASSIFIED,4,1,25,1,6,6,0,54.16,1
3GT,TAM01,P2_584CL_ERR_1,Z5B : 584CL Fail To extend  (DI removal out),LONG_DURATION,12,1,8.333,1,6,6,0,218.54,1
3GT,TAM01,P6_4003SRV_ERR_7,Z4B : 4003SRV Lag error,UNCLASSIFIED,3,1,33.333,1,6,6,0,31.01,1
3GT,TAM01,P3_1011PHS_MISS,Z10 : 1011PHS Empty-tray conveyor  is empty,UNCLASSIFIED,20,1,5,1,6,6,0,48.23,1
3GT,TAM02,P2_SALINE_LOLO,Z5B : Saline tank low low level,UNCLASSIFIED,53,1,1.887,1,6,6,100,-1.9,2
3GT,TAM02,P7_535PRS_OF_ER,Z5B : 535PRS still ON,UNCLASSIFIED,15,1,6.667,1,6,6,0,10.06,1
3GT,TAM02,P6_4009PRSFAIL1,Z4B : 4009PRS fail to be ON,UNCLASSIFIED,2,1,50,1,6,6,0,103.86,1
3GT,TAM02,P1_540PRS_FAIL,Z4  : 540PRS Sensor fail,LONG_DURATION,12,1,8.333,1,6,6,100,260.66,2
3GT,TAM02,P7_MMLS_MISSED_LENS1,Z5B: Three Consecutive MMLS Detect after Heatseal,UNCLASSIFIED,12,1,8.333,1,6,6,100,291,2
3GT,TAM02,P1_454PRS_FAIL1,Z4  : 454PRS fail to be ON,UNCLASSIFIED,19,1,5.263,1,6,6,0,119.63,1
3GT,TAM02,P1_401SRV_ERR_9,Z4  : 401SRV Servo pack is abnormal(Hyd buf outlet,UNCLASSIFIED,3,1,33.333,1,6,6,0,64.04,1
3GT,TAM02,P3_801PHS_MISS,Z8  : 801PHS Array missing (Check jam or sensor),STOP_ALARM_CANDIDATE,4,1,25,1,6,6,0,298.92,2
3GT,TAM02,RMT_CARTON_ERROR,Raw Material Tracking Error,UNCLASSIFIED,4,1,25,1,6,6,0,21.34,1
3GT,TAM05,P1_518SRV_ERR_7,Z4  : 518SRV Lag error      (Stage pusher),UNCLASSIFIED,5,1,20,1,6,6,0,263.53,1
3GT,TAM05,P0_261CL_ERR_1,Z2B : 261CL Fail to EXTEND  (FC plt infeed),UNCLASSIFIED,5,1,20,1,6,6,0,36.07,1
3GT,TAM05,P2_510SHINGLE,Z5B : Shingle P.P. (510PHS),UNCLASSIFIED,44,1,2.273,1,6,6,0,-56.11,1
3GT,TAM05,P6_Z04B_ALM_4027PRS_Jam,Z04B : 4027PRS Fail to transfer stages at 4012CL,LONG_DURATION,16,1,6.25,1,6,6,100,107.57,2
3GT,TAM05,P3_HOPPER_EMPTY,Z8 : Carton hopper is empty,UNCLASSIFIED,27,1,3.704,1,6,6,0,261.45,1
3GT,TAM05,P2_HEATSEAL_INT,Z5B : Heat seal interrupt,UNCLASSIFIED,4,1,25,1,6,6,0,-3.28,1
3GT,TAM05,P0_271PRS_FAIL,Z2B : 271PRS Sensor fail,UNCLASSIFIED,17,1,5.882,1,6,6,100,61.16,2
3GT,TAM05,P0_235CL_ERR_1,Z2B : 235CL Fail to EXTEND  (Cure inlet),UNCLASSIFIED,3,1,33.333,1,6,6,0,165.57,1
3GT,TAM05,P6_Z04B_ALM_Prs4018_OffFail,Z04B : 4018PRS Sensor fail to be off,UNCLASSIFIED,2,1,50,1,6,6,0,7.91,1
3GT,TAM05,P2_527PHS3_OF_ER,Z5B : 527PHS-3 still ON,LONG_DURATION,31,1,3.226,1,6,6,0,96.58,1
3GT,TAM05,P6_Z04B_ALM_Ps4099_Error,Z04B : 4099PS Air pressure low,CASCADE_SYMPTOM_CANDIDATE,134,1,0.746,1,6,6,100,23.82,2
3GT,TAM05,P2_565MAG_FAIL_Z5,Z45B : Contactor failure 565M,UNCLASSIFIED,11,1,9.091,1,6,6,0,65.26,1
3GT,TAM05,P2_511SRV_ERR_5,Z5B : 511SRV Over drive     (Puck Xfer),UNCLASSIFIED,7,1,14.286,1,6,6,0,81.44,1
3GT,TAM06,P1_427CL_ERR_1,Z4  : 427CL Fail to EXTEND  (FC verify),ROOT_CAUSE_CANDIDATE,93,1,1.075,1,6,6,100,80.89,3
3GT,TAM06,P3_CW_NOT_RUN,Z10 : Check weigher is not running,STOP_ALARM_CANDIDATE,4,1,25,1,6,6,0,-10.61,2
3GT,TAM06,P6_SEND_GRD_OPN,Z4B : Send conveyor guard cover opened,DOOR_OR_GUARD|POSSIBLE_OPERATOR_ACCESS_LEGACY|STOP_ALARM_CANDIDATE,3,1,33.333,1,6,6,0,-47.91,2
3GT,TAM06,P0_211SRV_ERR_1,Z2B : 211SRV Fail to MOVE   (Plt to depos),UNCLASSIFIED,6,1,16.667,1,6,6,0,87.52,1
3GT,TAM06,P7_Foil_WebGuide_GlobalAlm_67,Z05C: PLC7_IO_SW1 - Major Alarm Relay Active,LONG_DURATION,16,1,6.25,1,6,6,0,7.56,1
3GT,TAM06,P1_421PRS_FAIL,Z4  : 421PRS Sensor fail,UNCLASSIFIED,19,1,5.263,1,6,6,100,205.33,2
3GT,TAM06,P1_308CL_ERR_1,Z3  : 308CL Fail to EXTEND  (Plt push UD@ALI),UNCLASSIFIED,2,1,50,1,6,6,0,110.93,1
3GT,TAM06,P6_4020PRSFAIL1,Z4B : 4020PRS fail to be ON,UNCLASSIFIED,8,1,12.5,1,6,6,100,125.16,2
3GT,TAM06,P6_4007PRSFAIL1,Z4B : 4007PRS fail to be ON,UNCLASSIFIED,22,1,4.545,1,6,6,100,87.1,2
3GT,TAM06,P2_516CL_ERR_1,Z5B : 516CL Fail to extend  (Lens xfer Out),UNCLASSIFIED,26,1,3.846,1,6,6,0,45.55,1
3GT,TAM07,P0_223PHS_FAIL,Z2B:  223PHS Pallet Tracking Mismatch,LONG_DURATION,15,1,6.667,1,6,6,0,-9.31,1
3GT,TAM07,P2_523CL_ERR_1,Z5B : 523CL Fail to extend  (Saline inlet),UNCLASSIFIED,24,1,4.167,1,6,6,0,-0.53,1
3GT,TAM07,P1_404SRV_ERR_7,Z4  : 404SRV Lag error      (Elevator),UNCLASSIFIED,43,1,2.326,1,6,6,0,-4.37,1
3GT,TAM07,P2_512ID_NO_READ,Z5B : 512IDR No read,UNCLASSIFIED,69,1,1.449,1,6,6,100,-52.34,2
3GT,TAM07,P1_301SRV_ERR_7,Z3  : 301SRV Lag error      (ALI plt xfer),UNCLASSIFIED,1,1,100,1,6,6,100,214.26,2
3GT,TAM07,P1_401SRV_ERR_1,Z4  : 401SRV Fail to MOVE   (Hyd buf outlet),UNCLASSIFIED,55,1,1.818,1,6,6,0,-6.37,1
3GT,TAM07,P2_527PHS1_OF_ER,Z5B : 527PHS-1 still ON,UNCLASSIFIED,19,1,5.263,1,6,6,0,191.6,1
3GT,TAM07,P1_518SRV_ERR_5,Z4  : 518SRV Over drive     (Stage pusher),UNCLASSIFIED,10,1,10,1,6,6,0,4.49,1
3GT,TAM09,P8_1013PHS_MISS,Z10 : 1013PHS Case jam or sensor fail (Missing),STOP_ALARM_CANDIDATE,3,1,33.333,1,6,6,0,44.2,2
3GT,TAM09,P0_BC_VAC_CMC,Z2A : BC Vacuum CMC error,LONG_DURATION,8,1,12.5,1,6,6,100,81.29,2
3GT,TAM10,P2_BLOW_PRES_ERR,Z5B : DI removal blow pressure out of range,CASCADE_SYMPTOM_CANDIDATE,262,1,0.382,1,6,6,0,-59.99,1
3GT,TAM10,P3_866CL_ERR_1,Z8  : 866CL Fail to extend (Carton raiser),UNCLASSIFIED,7,1,14.286,1,6,6,0,-4.35,1
3GT,TAM10,P2_516CL_ERR_1,Z5B : 516CL Fail to extend  (Lens xfer Out),UNCLASSIFIED,10,1,10,1,6,6,0,53.79,1
3GT,TAM10,P6_4099PS_ERROR,Z4B : 4099PS error (for cylinder),UNCLASSIFIED,20,1,5,1,6,6,0,-30.51,1
3GT,TAM10,P3_603PHS_MISS,Z6  : 603PHS Array missing (Check jam or sensor),STOP_ALARM_CANDIDATE,9,1,11.111,1,6,6,100,97.46,3
3GT,TAM10,P7_550CL_ERR_2,Z5B : 550CL Fail to retract (Nest xfer),UNCLASSIFIED,3,1,33.333,1,6,6,0,12.94,1
3GT,TAM10,P2_ALI3_NOT_RDY,Z5B: ALI System not ready,STOP_ALARM_CANDIDATE,37,1,2.703,1,6,6,100,89.9,3
3GT,TAM10,P2_514ID_NOREAD,Z5B : 514IDR no read,UNCLASSIFIED,34,1,2.941,1,6,6,100,152.68,2
3GT,TAM10,ST_Z07_Alarm_Unseal,Unseal Doors,LONG_DURATION,3,1,33.333,1,6,6,0,-11.13,1
3GT,TAM10,FMD_Alm_Heartbeat_Loss,Zone05P17: Heartbeat loss between AB Driver and FMD system,UNCLASSIFIED,36,1,2.778,1,6,6,0,101.87,1
3GT,TAM17,P0_12IDC_FAULT,PLC0: IDC to 210 disconnect,LONG_DURATION,11,1,9.091,1,6,6,0,99.66,1
3GT,TAM17,P6_4009CL_ERR_1,Z4B : 4009CL Fail to Extend,UNCLASSIFIED,23,1,4.348,1,6,6,100,-13.05,2
3GT,TAM17,P1_311PRS_FAIL,Z3  : 311PRS Sensor fail,LONG_DURATION,6,1,16.667,1,6,6,100,22.76,2
3GT,TAM17,P0_244CL_ERR_1,Z2B : 244CL Fail to EXTEND  (Plt turn pheat),UNCLASSIFIED,23,1,4.348,1,6,6,0,64.59,1
3GT,TAM17,P1_541PRS_FAIL,Z4  : 541PRS Sensor fail,LONG_DURATION,15,1,6.667,1,6,6,100,-7.54,2
3GT,TAM17,P0_PRDCT_MMATCH,Z2B : Product Type is mismatch With Key Switch 4000SS,UNCLASSIFIED,2,1,50,1,6,6,100,225.1,2
3GT,TAM17,P1_404SRV_ERR_2,Z4  : 404SRV Driver error   (Elevator),UNCLASSIFIED,12,1,8.333,1,6,6,100,68.54,2
3GT,TAM17,P3_807PHS3_MISS,Z8  : 807PHS-3 Array missing (Check jam or sensor),STOP_ALARM_CANDIDATE,30,1,3.333,1,6,6,0,-22.81,2
3GT,TAM17,P3_851PRS_OVRLD,Z8  : 851PRS Array insert overload (Remove array),ROOT_CAUSE_CANDIDATE,72,1,1.389,1,6,6,0,-50.36,1
3GT,TAM18,P3_805CL_ERR_1,Z8  : 805CL Fail to extend (Array side guide),UNCLASSIFIED,32,1,3.125,1,6,6,0,18.97,1
3GT,TAM18,P2_SalineSenseChk,Z5B : Check Saline Sensor,ROOT_CAUSE_CANDIDATE,72,1,1.389,1,6,6,0,-37.9,1
3GT,TAM18,P3_604CL_ERR_2,Z6  : 604CL Fail to retract (Array infeed),LONG_DURATION,1,1,100,1,6,6,100,55.99,2
3GT,TAM18,P3_CW_NOT_RUN,Z10 : Check weigher is not running,STOP_ALARM_CANDIDATE|LONG_DURATION,32,1,3.125,1,6,6,0,-13.48,2
3GT,TAM18,P2_527PHS1_OF_ER,Z5B : 527PHS-1 still ON,LONG_DURATION,31,1,3.226,1,6,6,100,241.54,2
3GT,TAM18,P2_519SRV_ERR_2,Z5B : 519SRV driver error   (ALI),UNCLASSIFIED,5,1,20,1,6,6,100,92.75,2
3GT,TAM18,P3_NOT_EMPTY2,Z8  : 807PHS Array remaining in tray slot,UNCLASSIFIED,22,1,4.545,1,6,6,0,186.54,1
3GT,TAM18,P0_PCE_DOOR_OPN,Z2B : Precure Enclosure door opened,DOOR_OR_GUARD|POSSIBLE_OPERATOR_ACCESS_LEGACY|STOP_ALARM_CANDIDATE|CASCADE_SYMPTOM_CANDIDATE,203,1,0.493,1,6,6,0,274.97,2
3GT,TAM18,P3_606CL_ERR_1,Z6  : 606CL Fail to extend (Array xfer up/down),UNCLASSIFIED,2,1,50,1,6,6,100,284.99,2
3GT,TAM18,P2_IMM_COM_TOUT,Z5A : Communication time out with PP IMM,STOP_ALARM_CANDIDATE|LONG_DURATION,6,1,16.667,1,6,6,0,-5.4,2
3GT,TAM18,P6_4010GLS_FAIL,Z4B : 4010LCK Airlock Feedback Fail,UNCLASSIFIED,14,1,7.143,1,6,6,0,56.75,1
3GT,TAM18,P1_424CL_ERR_1,Z4  : 424CL Fail to EXTEND  (St push@Hyd in),UNCLASSIFIED,7,1,14.286,1,6,6,100,103.69,2
3GT,TAM18,P2_524CL_ERR_2,Z5B : 524CL Fail to retract (Saline buffer),UNCLASSIFIED,7,1,14.286,1,6,6,100,32.53,2
3GT,TAM18,P3_1003BCR_MM,Z10: 1003BCR Mismatch,UNCLASSIFIED,41,1,2.439,1,6,6,0,-12.65,1
3GT,TAM18,P7_Foil_WebGuide_Z05C_RunAlm_3,Z05C: Web Guide - At maximum positions,CONFIRMED_RUN_ALARM_BY_NAME|ROOT_CAUSE_CANDIDATE,700,1,0.143,1,6,6,100,-0.99,2
3GT,TAM18,P7_Cam2_HeartBeat_Fault,Z5B: Camera #2- Heart beat Fault,UNCLASSIFIED,7,1,14.286,1,6,6,100,162.43,2
3GT,TAM20,P0_Z2_210SRV_GrdOpen,Z02: 210SRV Schmercal guard open,DOOR_OR_GUARD|POSSIBLE_OPERATOR_ACCESS_LEGACY|STOP_ALARM_CANDIDATE|NUISANCE_CHATTER_CANDIDATE|CASCADE_SYMPTOM_CANDIDATE,150,1,0.667,1,6,6,100,93.49,2
3GT,TAM20,P2_518VAC_ERR_R,Z5B : Lens transfer vacuum error for release,CASCADE_SYMPTOM_CANDIDATE,371,1,0.27,1,6,6,100,52.39,2
3GT,TAM20,P3_807PHS2_MISS,Z8  : 807PHS-2 Array missing (Check jam or sensor),STOP_ALARM_CANDIDATE,25,1,4,1,6,6,0,-6.19,2
3GT,TAM20,P0_258CL_ERR_2,Z2B : 258CL Fail to RETRACT (Xfr@FC ret cnv),UNCLASSIFIED,3,1,33.333,1,6,6,0,8.44,1
3GT,TAM20,P0_20PS_ERROR,Z2A : 20PS Air pressure Low,CASCADE_SYMPTOM_CANDIDATE,359,1,0.279,1,6,6,0,299.39,1
3GT,TAM20,P0_261CL_ERR_1,Z2B : 261CL Fail to EXTEND  (FC plt infeed),UNCLASSIFIED,1,1,100,1,6,6,100,6.98,2
3GT,TAM20,P3_1013PHSUKNOW,Z10 : 1013PHS Case is full (on full-tray conveyor),LONG_DURATION,8,1,12.5,1,6,6,0,3.98,1
3GT,TAM20,RMT_FC_RESIN_ERROR,Raw Material Tracking Error,UNCLASSIFIED,9,1,11.111,1,6,6,100,72.8,2
3GT,TAM20,P0_231CL_ERR_1,Z2B : 231CL Fail to EXTEND  (Prec xfer),UNCLASSIFIED,7,1,14.286,1,6,6,100,116.33,2
3GT,TAM20,PSS1_INPUT_ERR2_7,PSS1: 300GLS-2 Input Error,UNCLASSIFIED,17,1,5.882,1,6,6,0,211.35,1
3GT,TAM21,L21_P4_Z08_Warning.Uncount_0807PHS_05,Z08 : 807PHS_05 unknown array detected,WARNING|CASCADE_SYMPTOM_CANDIDATE,234,1,0.427,1,6,6,0,-7.86,1
3GT,TAM21,L21_P3_0583CL.stat.Fte,P3_0583CL Fail to Extend   !! Still pressurised with Perfect Block !!,LONG_DURATION,1,1,100,1,6,6,0,-2.76,1
3GT,TAM21,L21_P4_Z08_Warning.Hotmelt_standby,Z08 : Hotmelt applicator is stanby,WARNING|CASCADE_SYMPTOM_CANDIDATE|LONG_DURATION,133,1,0.752,1,6,6,0,6.94,1
3GT,TAM21,L21_P1_0271PRS.Alarm1,Z02B : 271PRS Sensor fail to be on,UNCLASSIFIED,12,1,8.333,1,6,6,0,49.43,1
3GT,TAM21,L21_P6_4016CL.stat.Failed,P6_4016CL Failed   !! Still pressurised with Perfect Block !!,UNCLASSIFIED,6,1,16.667,1,6,6,0,58.67,1
3GT,TAM21,L21_P6_4017PRS.Alarm1,Z04C : 4017PRS Sensor fail to be off,UNCLASSIFIED,9,1,11.111,1,6,6,100,245.65,2
3GT,TAM21,L21_P1_PSS01_0201GLS_01.Alarm,Guard SW(Z02B) Feedback Error(0201GLS_01),DOOR_OR_GUARD|GUARD_SYSTEM_FAULT,3,1,33.333,1,6,6,100,-21.56,2
3GT,TAM21,L21_P4_Z06_Alarm.NoRead_600BCR,Z06 : 600BCR no read failure,UNCLASSIFIED,2,1,50,1,6,6,100,65.77,2
3GT,TAM21,L21_P1_0400SRV.Driver_Fault,P1_0400SRV Driver Axis Fault,UNCLASSIFIED,11,1,9.091,1,6,6,0,-0.41,1
3GT,TAM21,L21_P1_0404PHS.Alarm1,Z04A : Sample conveyor pallet full,LONG_DURATION,1,1,100,1,6,6,0,186.3,1
3GT,TAM21,L21_P2_Z04B_Alarm.Shingle_Detect2,Z04B : FC shingle stage at after FC xfer station. -2nd row,UNCLASSIFIED,56,1,1.786,1,6,6,0,-37.51,1
3GT,TAM21,L21_P3_HeatSeal_Clean.HMI01,"Heat Seal Stroke Count = 4286, Did you Clean Heat Seat Dies ?: Heat Seal Sensor Status = OFF~Minimum time remaining to clean ~Heat",LONG_DURATION,24,1,4.167,1,6,6,0,25.78,1
3GT,TAM21,L21_P3_0512CL.stat.Fte,P3_0512CL Fail to Extend,UNCLASSIFIED,35,1,2.857,1,6,6,0,224.13,1
3GT,TAM21,L21_P6_4016PRS.Alarm1,Z04C : 4016PRS Sensor fail to be off,UNCLASSIFIED,21,1,4.762,1,6,6,0,6.78,1
3GT,TAM21,L21_P4_1013PHS.Alarm2,Z10 : 1013PHS Full tray jam/sensor fail (Remain),STOP_ALARM_CANDIDATE,9,1,11.111,1,6,6,0,2.4,2
3GT,TAM21,L21_P1_0211PRS.Alarm1,Z02B : 211PRS Sensor fail to be on,UNCLASSIFIED,4,1,25,1,6,6,100,24.71,2
3GT,TAM21,L21_P1_Z04A_Alarm.Id400_1Mis_Err,Z04A : 3 Consecutive Detection 400ID1 Data Mismatch,UNCLASSIFIED,46,1,2.174,1,6,6,0,-5.16,1
3GT,TAM22,L22_P3_0589CL.stat.Fte,P3_0589CL Fail to Extend,UNCLASSIFIED,3,1,33.333,1,6,6,0,80.08,1
3GT,TAM22,L22_P1_0303CL.stat.Ftr,P1_0303CL Fail to Retract,UNCLASSIFIED,11,1,9.091,1,6,6,0,120.19,1
3GT,TAM22,L22_P3_Z05B_Alarm.PIT1_Error,Z05B : PIT1 ConsecutiveError,UNCLASSIFIED,97,1,1.031,1,6,6,100,43.75,2
3GT,TAM22,L22_P4_1012PHS.Alarm2,Z10 : 1012PHS Case jam or sensor fail (Remain),STOP_ALARM_CANDIDATE,9,1,11.111,1,6,6,0,42.36,2
3GT,TAM22,L22_P4_Z08_Alarm.Laser_not_rdy,Z08 : Laser marker is not ready,STOP_ALARM_CANDIDATE,74,1,1.351,1,6,6,0,24.81,2
3GT,TAM22,L22_P4_Z10_Warning.Sleeve_Hopper_low,Z10 : Sleeve hopper is low,WARNING|CASCADE_SYMPTOM_CANDIDATE,615,1,0.163,1,6,6,0,11.15,1
3GT,TAM22,L22_P1_Z02B_Alarm.Remove_Loc104,Z02B : Pallet remove Location[104],LONG_DURATION,13,1,7.692,1,6,6,0,47.77,1
3GT,TAM22,L22_P3_0510SRV.Driver_Fault,P3_0510SRV Driver Axis Fault,UNCLASSIFIED,13,1,7.692,1,6,6,0,136.39,1
3GT,TAM22,L22_P3_HeatSeal_Clean.HMI01,"Heat Seal Stroke Count = 7660, Did you Clean Heat Seat Dies ?: Heat Seal Sensor Status = OFF~Minimum time remaining to clean ~Heat",UNCLASSIFIED,29,1,3.448,1,6,6,0,29.75,1
3GT,TAM22,L22_P3_Z05A_Alarm.PRS0528_OnFail,Z05A : 528PRS Puck not detect,UNCLASSIFIED,35,1,2.857,1,6,6,0,-16.57,1
3GT,TAM22,L22_P1_PSS01_0200GLS_01.Alarm,Guard SW(Z2A) Feedback Error(0200GLS_01),DOOR_OR_GUARD|GUARD_SYSTEM_FAULT,4,1,25,1,6,6,0,116.49,1
3GT,TAM23,L23_P4_Z08_Alarm.Miss_0615PHS,Z08 : Z06 615PHS Tray jam or sensor fail (Missing),STOP_ALARM_CANDIDATE|LONG_DURATION,16,1,6.25,1,6,6,0,-15.01,2
FLEX,TAM24,[00G3_K002]Program:EM0332_FC_Transfer.ALMD_ROBFC_VAC8_Failure,EM0332 FC Transfer Head Vacuum 8 Failure,ROOT_CAUSE_CANDIDATE,63,1,1.587,1,6,6,0,157.93,1
FLEX,TAM24,[04G3_K002]Program:EM0422_Tower1_Extraction.ALMD_Ext_RedoseFail_ALM,EM0422 Tower #1 Extraction redose fail (consecutive 20 Times),UNCLASSIFIED,9,1,11.111,1,6,6,0,-21.74,1
FLEX,TAM24,[00G3_K002]Program:EM0231_MonomerSupply.ALMD_T001BA_OpenCircuit,EM0231 T001BA Open Circuit,ROOT_CAUSE_CANDIDATE|LONG_DURATION,32,1,3.125,1,6,6,0,-3.33,2
FLEX,TAM24,[04G3_K022]Program:UN04_Standard.ALMD_04G6_M001SV,Z04 IPA SUPPLY VALVE =04G6_M001SV CLOSED (FOR SOLUTION),LONG_DURATION,10,1,10,1,6,6,100,263.25,2
FLEX,TAM24,[00G3_K042]Program:UN02_Standard.ALMD_02G6_B005GLS,Z02 Guard Door Open =02G6_B005GLS,DOOR_OR_GUARD|OPERATOR_INITIATED_FLEX|STOP_ALARM_CANDIDATE|LONG_DURATION,12,1,8.333,1,6,6,100,-29.52,3
FLEX,TAM24,[00G3_K042]Program:UN10_Standard.ALMD_10G6_B504GLS,Z10 Guard Door Open =10G6_B504GLS,DOOR_OR_GUARD|OPERATOR_INITIATED_FLEX|STOP_ALARM_CANDIDATE|CASCADE_SYMPTOM_CANDIDATE,332,1,0.301,1,6,6,0,-10.37,2
FLEX,TAM24,[00G3_K022]Program:EM0500_RawMaterialTracking.ALMD_LotChange_PVP_AL,Timeout occured entering RMT Info for PVP,ROOT_CAUSE_CANDIDATE,72,1,1.389,1,6,6,0,81.73,2
FLEX,TAM24,[00G3_K042]Program:UN10_Standard.ALMD_10G6_B502GLS,Z10 Guard Door Open =10G6_B502GLS,DOOR_OR_GUARD|OPERATOR_INITIATED_FLEX|STOP_ALARM_CANDIDATE|CASCADE_SYMPTOM_CANDIDATE,191,1,0.524,1,6,6,0,263.98,2
FLEX,TAM25,[00G3_K042]Program:UN10_Standard.ALMD_10G6_B510GLS,Z10 Guard Door Open =10G6_B510GLS,DOOR_OR_GUARD|OPERATOR_INITIATED_FLEX|STOP_ALARM_CANDIDATE,3,1,33.333,1,6,6,0,29.79,3
FLEX,TAM26,[00G3_K042]Program:UN06_Standard.ALMD_06G6_B505GLS,Z06 Guard Door Open =06G6_B505GLS,DOOR_OR_GUARD|OPERATOR_INITIATED_FLEX|STOP_ALARM_CANDIDATE,6,1,16.667,1,6,6,100,-39.29,3
FLEX,TAM26,[00G3_K502]Program:EM1062_Carton_Case_Xfer_Robot.ALMD_B506PS_OffFail,EM1062 B506PS OffFail,ROOT_CAUSE_CANDIDATE,324,1,0.309,1,6,6,0,181.89,1
FLEX,TAM27,[00G3_K042]Program:UN10_Standard.ALMD_10G6_B507GLS,Z10 Guard Door Open =10G6_B507GLS,DOOR_OR_GUARD|OPERATOR_INITIATED_FLEX|STOP_ALARM_CANDIDATE|LONG_DURATION,64,1,1.562,1,6,6,0,244.6,2
FLEX,TAM27,[00G3_K042]Program:UN05_Standard.ALMD_05G6_B012GLS,Z05 Under Guard Door Open =05G6_B012GLS,DOOR_OR_GUARD|OPERATOR_INITIATED_FLEX|STOP_ALARM_CANDIDATE|LONG_DURATION,27,1,3.704,1,6,6,100,275,3
FLEX,TAM27,[00G3_K502]Program:EM0801_Stray_Conveyor.ALMD_B502PHS_OnFail,EM0801 B502PHS OnFail,ROOT_CAUSE_CANDIDATE,150,1,0.667,1,6,6,0,100.89,2
FLEX,TAM27,[04G3_K022]Program:UN04_Standard.ALMD_0442_B004PS,Z04 DI PRESSURE 2-2 ERROR (=0442_B004PS),ROOT_CAUSE_CANDIDATE,37,1,2.703,1,6,6,100,122.88,2
FLEX,TAM27,[00G3_K022]Program:EM0564_Foil_Feed_Die_Cut.ALMD_T001SVP_Driver_Fault,EM0564 T001SVP Foil Feed  #2 Driver fault,STOP_ALARM_CANDIDATE,37,1,2.703,1,6,6,0,3.06,2
FLEX,TAM28,[00G3_K022]Program:EM0545_Heat_Seal_Process.ALMD_HS_LoLo_Temp,EM0545 Heat Seal Low-Low Temperature (B001TC - B015TC),UNCLASSIFIED,68,1,1.471,1,6,6,0,13.82,1
FLEX,TAM28,[00G3_K002]Program:EM0312_Demold.ALMD_T001SVP_Driver_Fault,EM0312 T001SVP Demold Upper Fingers Driver fault( PRESS RESET BUTTON)one time,STOP_ALARM_CANDIDATE,30,1,3.333,1,6,6,0,237.47,2
FLEX,TAM28,[00G3_K002]Program:EM0304_WB_Demold.ALMD_00G7_M003SV_Not_Ready,EM0304 Z02/Z03 SV Not Ready (EM00G7-M003SV),STOP_ALARM_CANDIDATE|CASCADE_SYMPTOM_CANDIDATE,1277,1,0.078,1,6,6,100,104.6,3
FLEX,TAM28,[00G3_K042]Program:UN02_Standard.ALMD_02G6_B002GLS,Z02 Cure Guard Open =02G6_B002GLS,DOOR_OR_GUARD|OPERATOR_INITIATED_FLEX|STOP_ALARM_CANDIDATE|LONG_DURATION,12,1,8.333,1,6,6,0,104.16,3
FLEX,TAM28,[00G3_K002]Program:EM0328_Hyd_Buffer_Outlet.ALMD_B002IDR_ConsIDMismatch,EM0328 B002IDR ID Mismatch,UNCLASSIFIED,19,1,5.263,1,6,6,0,298.48,1
FLEX,TAM28,[00G3_K502]Program:EM0801_Stray_Conveyor.ALMD_B502PHS_OffFail,EM0801 B502PHS OffFail,LONG_DURATION,4,1,25,1,6,6,0,66.04,1
FLEX,TAM29,[00G3_K002]Program:EM0250_WalkingBeam.ALMD_T001SVP_Driver_Fault,EM0250 T001SVP Walking Beam Driver fault,STOP_ALARM_CANDIDATE,2,1,50,1,6,6,0,119.8,2
FLEX,TAM29,[00G3_K022]Program:EM0554_Array_Nest.ALMD_B001PS_OffFail,EM0554 B001PS fail to be Off (Still On) at Nest station,UNCLASSIFIED,4,1,25,1,6,6,0,297.36,1
FLEX,TAM30,[00G3_K502]Program:EM0603_Stray_Stacker.ALMD_MainteDoorOpen,Mainte Door Opened - Loader side,DOOR_OR_GUARD|OPERATOR_INITIATED_FLEX|STOP_ALARM_CANDIDATE,45,1,2.222,1,6,6,0,141.87,2
FLEX,TAM30,[09G3_K022]Program:UN09_Standard.ALMD_09G6_B002GLS,Z09 Guard Door Open =09G6_B002GLS,DOOR_OR_GUARD|OPERATOR_INITIATED_FLEX|STOP_ALARM_CANDIDATE,33,1,3.03,1,6,6,0,-2.9,3
FLEX,TAM31,[04G3_K022]Program:UN04_Standard.ALMD_04G6_B021GLS,Z04 GUARD DOOR OPEN (=04G6_B021GLS),DOOR_OR_GUARD|OPERATOR_INITIATED_FLEX|STOP_ALARM_CANDIDATE,8,1,12.5,1,6,6,100,-47.11,3
FLEX,TAM31,[00G3_K042]Program:UN02_Standard.ALMD_02G6_B017GLS,Z02 Under Guard Door Open =02G6_B017GLS,DOOR_OR_GUARD|OPERATOR_INITIATED_FLEX|STOP_ALARM_CANDIDATE,11,1,9.091,1,6,6,100,-22.41,3
FLEX,TAM31,[00G3_K003]Program:EM0312_Demold.ALMD_Consec_Miss_DM_Btm1,EM0312 Consecutive Miss demold M009CL,UNCLASSIFIED,17,1,5.882,1,6,6,0,116.09,1
